This is XeTeX, Version 3.141592653-2.6-0.999998 (TeX Live 2026) (preloaded format=xelatex 2026.5.24)  31 JUL 2026 17:49
entering extended mode
 restricted \write18 enabled.
 %&-line parsing enabled.
**apostila.tex
(./apostila.tex
LaTeX2e <2025-11-01>
L3 programming layer <2026-01-19>
(/usr/local/texlive/2026/texmf-dist/tex/latex/base/book.cls
Document Class: book 2025/01/22 v1.4n Standard LaTeX document class
(/usr/local/texlive/2026/texmf-dist/tex/latex/base/bk10.clo
File: bk10.clo 2025/01/22 v1.4n Standard LaTeX file (size option)
)
\c@part=\count271
\c@chapter=\count272
\c@section=\count273
\c@subsection=\count274
\c@subsubsection=\count275
\c@paragraph=\count276
\c@subparagraph=\count277
\c@figure=\count278
\c@table=\count279
\abovecaptionskip=\skip49
\belowcaptionskip=\skip50
\bibindent=\dimen148
) (/usr/local/texlive/2026/texmf-dist/tex/latex/xcolor/xcolor.sty
Package: xcolor 2024/09/29 v3.02 LaTeX color extensions (UK)
(/usr/local/texlive/2026/texmf-dist/tex/latex/graphics-cfg/color.cfg
File: color.cfg 2016/01/02 v1.6 sample color configuration
)
Package xcolor Info: Driver file: xetex.def on input line 274.
(/usr/local/texlive/2026/texmf-dist/tex/latex/graphics-def/xetex.def
File: xetex.def 2025/11/01 v5.0p Graphics/color driver for xetex
) (/usr/local/texlive/2026/texmf-dist/tex/latex/graphics/mathcolor.ltx)
Package xcolor Info: Model `cmy' substituted by `cmy0' on input line 1349.
Package xcolor Info: Model `RGB' extended on input line 1365.
Package xcolor Info: Model `HTML' substituted by `rgb' on input line 1367.
Package xcolor Info: Model `Hsb' substituted by `hsb' on input line 1368.
Package xcolor Info: Model `tHsb' substituted by `hsb' on input line 1369.
Package xcolor Info: Model `HSB' substituted by `hsb' on input line 1370.
Package xcolor Info: Model `Gray' substituted by `gray' on input line 1371.
Package xcolor Info: Model `wave' substituted by `hsb' on input line 1372.
) (/usr/local/texlive/2026/texmf-dist/tex/latex/amsmath/amsmath.sty
Package: amsmath 2025/07/09 v2.17z AMS math features
\@mathmargin=\skip51
For additional information on amsmath, use the `?' option.
(/usr/local/texlive/2026/texmf-dist/tex/latex/amsmath/amstext.sty
Package: amstext 2024/11/17 v2.01 AMS text
(/usr/local/texlive/2026/texmf-dist/tex/latex/amsmath/amsgen.sty
File: amsgen.sty 1999/11/30 v2.0 generic functions
\@emptytoks=\toks17
\ex@=\dimen149
)) (/usr/local/texlive/2026/texmf-dist/tex/latex/amsmath/amsbsy.sty
Package: amsbsy 1999/11/29 v1.2d Bold Symbols
\pmbraise@=\dimen150
) (/usr/local/texlive/2026/texmf-dist/tex/latex/amsmath/amsopn.sty
Package: amsopn 2022/04/08 v2.04 operator names
)
\inf@bad=\count280
LaTeX Info: Redefining \frac on input line 233.
\uproot@=\count281
\leftroot@=\count282
LaTeX Info: Redefining \overline on input line 398.
LaTeX Info: Redefining \colon on input line 409.
\classnum@=\count283
\DOTSCASE@=\count284
LaTeX Info: Redefining \ldots on input line 495.
LaTeX Info: Redefining \dots on input line 498.
LaTeX Info: Redefining \cdots on input line 619.
\Mathstrutbox@=\box53
\strutbox@=\box54
LaTeX Info: Redefining \big on input line 721.
LaTeX Info: Redefining \Big on input line 722.
LaTeX Info: Redefining \bigg on input line 723.
LaTeX Info: Redefining \Bigg on input line 724.
\big@size=\dimen151
LaTeX Font Info:    Redeclaring font encoding OML on input line 742.
LaTeX Font Info:    Redeclaring font encoding OMS on input line 743.
\macc@depth=\count285
LaTeX Info: Redefining \bmod on input line 904.
LaTeX Info: Redefining \pmod on input line 909.
LaTeX Info: Redefining \smash on input line 939.
LaTeX Info: Redefining \relbar on input line 969.
LaTeX Info: Redefining \Relbar on input line 970.
\c@MaxMatrixCols=\count286
\dotsspace@=\muskip17
\c@parentequation=\count287
\dspbrk@lvl=\count288
\tag@help=\toks18
\row@=\count289
\column@=\count290
\maxfields@=\count291
\andhelp@=\toks19
\eqnshift@=\dimen152
\alignsep@=\dimen153
\tagshift@=\dimen154
\tagwidth@=\dimen155
\totwidth@=\dimen156
\lineht@=\dimen157
\@envbody=\toks20
\multlinegap=\skip52
\multlinetaggap=\skip53
\mathdisplay@stack=\toks21
LaTeX Info: Redefining \[ on input line 2950.
LaTeX Info: Redefining \] on input line 2951.
) (/usr/local/texlive/2026/texmf-dist/tex/latex/amsfonts/amssymb.sty
Package: amssymb 2013/01/14 v3.01 AMS font symbols
(/usr/local/texlive/2026/texmf-dist/tex/latex/amsfonts/amsfonts.sty
Package: amsfonts 2013/01/14 v3.01 Basic AMSFonts support
\symAMSa=\mathgroup4
\symAMSb=\mathgroup5
LaTeX Font Info:    Redeclaring math symbol \hbar on input line 98.
LaTeX Font Info:    Overwriting math alphabet `\mathfrak' in version `bold'
(Font)                  U/euf/m/n --> U/euf/b/n on input line 106.
)) (/usr/local/texlive/2026/texmf-dist/tex/generic/iftex/iftex.sty
Package: iftex 2024/12/12 v1.0g TeX engine tests
) (/usr/local/texlive/2026/texmf-dist/tex/latex/unicode-math/unicode-math.sty (
/usr/local/texlive/2026/texmf-dist/tex/latex/l3kernel/expl3.sty
Package: expl3 2026-01-19 L3 programming layer (loader) 
(/usr/local/texlive/2026/texmf-dist/tex/latex/l3backend/l3backend-xetex.def
File: l3backend-xetex.def 2025-10-09 L3 backend support: XeTeX
\g__graphics_track_int=\count292
\g__pdfannot_backend_int=\count293
\g__pdfannot_backend_link_int=\count294
))
Package: unicode-math 2023/08/13 v0.8r Unicode maths in XeLaTeX and LuaLaTeX

(/usr/local/texlive/2026/texmf-dist/tex/latex/unicode-math/unicode-math-xetex.s
ty
Package: unicode-math-xetex 2023/08/13 v0.8r Unicode maths in XeLaTeX and LuaLa
TeX
(/usr/local/texlive/2026/texmf-dist/tex/latex/l3packages/xparse/xparse.sty
Package: xparse 2025-10-09 L3 Experimental document command parser
) (/usr/local/texlive/2026/texmf-dist/tex/latex/l3packages/l3keys2e/l3keys2e.st
y
Package: l3keys2e 2025-10-09 LaTeX2e option processing using LaTeX3 keys
) (/usr/local/texlive/2026/texmf-dist/tex/latex/fontspec/fontspec.sty
Package: fontspec 2025/09/29 v2.9g Font selection for XeLaTeX and LuaLaTeX
(/usr/local/texlive/2026/texmf-dist/tex/latex/fontspec/fontspec-xetex.sty
Package: fontspec-xetex 2025/09/29 v2.9g Font selection for XeLaTeX and LuaLaTe
X
\l__fontspec_script_int=\count295
\l__fontspec_language_int=\count296
\l__fontspec_strnum_int=\count297
\l__fontspec_tmp_int=\count298
\l__fontspec_tmpa_int=\count299
\l__fontspec_tmpb_int=\count300
\l__fontspec_tmpc_int=\count301
\l__fontspec_em_int=\count302
\l__fontspec_emdef_int=\count303
\l__fontspec_strong_int=\count304
\l__fontspec_strongdef_int=\count305
\l__fontspec_tmpa_dim=\dimen158
\l__fontspec_tmpb_dim=\dimen159
\l__fontspec_tmpc_dim=\dimen160
(/usr/local/texlive/2026/texmf-dist/tex/latex/base/fontenc.sty
Package: fontenc 2025/07/18 v2.1d Standard LaTeX package
) (/usr/local/texlive/2026/texmf-dist/tex/latex/fontspec/fontspec.cfg))) (/usr/
local/texlive/2026/texmf-dist/tex/latex/base/fix-cm.sty
Package: fix-cm 2020/11/24 v1.1t fixes to LaTeX
(/usr/local/texlive/2026/texmf-dist/tex/latex/base/ts1enc.def
File: ts1enc.def 2001/06/05 v3.0e (jk/car/fm) Standard LaTeX file
LaTeX Font Info:    Redeclaring font encoding TS1 on input line 47.
LaTeX Encoding Info:    Redeclaring text command \capitalcedilla (encoding TS1)
 on input line 49.
LaTeX Encoding Info:    Redeclaring text command \capitalogonek (encoding TS1) 
on input line 52.
LaTeX Encoding Info:    Redeclaring text command \capitalgrave (encoding TS1) o
n input line 55.
LaTeX Encoding Info:    Redeclaring text command \capitalacute (encoding TS1) o
n input line 56.
LaTeX Encoding Info:    Redeclaring text command \capitalcircumflex (encoding T
S1) on input line 57.
LaTeX Encoding Info:    Redeclaring text command \capitaltilde (encoding TS1) o
n input line 58.
LaTeX Encoding Info:    Redeclaring text command \capitaldieresis (encoding TS1
) on input line 59.
LaTeX Encoding Info:    Redeclaring text command \capitalhungarumlaut (encoding
 TS1) on input line 60.
LaTeX Encoding Info:    Redeclaring text command \capitalring (encoding TS1) on
 input line 61.
LaTeX Encoding Info:    Redeclaring text command \capitalcaron (encoding TS1) o
n input line 62.
LaTeX Encoding Info:    Redeclaring text command \capitalbreve (encoding TS1) o
n input line 63.
LaTeX Encoding Info:    Redeclaring text command \capitalmacron (encoding TS1) 
on input line 64.
LaTeX Encoding Info:    Redeclaring text command \capitaldotaccent (encoding TS
1) on input line 65.
LaTeX Encoding Info:    Redeclaring text command \t (encoding TS1) on input lin
e 66.
LaTeX Encoding Info:    Redeclaring text command \capitaltie (encoding TS1) on 
input line 67.
LaTeX Encoding Info:    Redeclaring text command \newtie (encoding TS1) on inpu
t line 68.
LaTeX Encoding Info:    Redeclaring text command \capitalnewtie (encoding TS1) 
on input line 69.
LaTeX Encoding Info:    Redeclaring text symbol \textcapitalcompwordmark (encod
ing TS1) on input line 70.
LaTeX Encoding Info:    Redeclaring text symbol \textascendercompwordmark (enco
ding TS1) on input line 71.
LaTeX Encoding Info:    Redeclaring text symbol \textquotestraightbase (encodin
g TS1) on input line 72.
LaTeX Encoding Info:    Redeclaring text symbol \textquotestraightdblbase (enco
ding TS1) on input line 73.
LaTeX Encoding Info:    Redeclaring text symbol \texttwelveudash (encoding TS1)
 on input line 74.
LaTeX Encoding Info:    Redeclaring text symbol \textthreequartersemdash (encod
ing TS1) on input line 75.
LaTeX Encoding Info:    Redeclaring text symbol \textleftarrow (encoding TS1) o
n input line 76.
LaTeX Encoding Info:    Redeclaring text symbol \textrightarrow (encoding TS1) 
on input line 77.
LaTeX Encoding Info:    Redeclaring text symbol \textblank (encoding TS1) on in
put line 78.
LaTeX Encoding Info:    Redeclaring text symbol \textdollar (encoding TS1) on i
nput line 79.
LaTeX Encoding Info:    Redeclaring text symbol \textquotesingle (encoding TS1)
 on input line 80.
LaTeX Encoding Info:    Redeclaring text command \textasteriskcentered (encodin
g TS1) on input line 81.
LaTeX Encoding Info:    Redeclaring text symbol \textdblhyphen (encoding TS1) o
n input line 92.
LaTeX Encoding Info:    Redeclaring text symbol \textfractionsolidus (encoding 
TS1) on input line 93.
LaTeX Encoding Info:    Redeclaring text symbol \textzerooldstyle (encoding TS1
) on input line 94.
LaTeX Encoding Info:    Redeclaring text symbol \textoneoldstyle (encoding TS1)
 on input line 95.
LaTeX Encoding Info:    Redeclaring text symbol \texttwooldstyle (encoding TS1)
 on input line 96.
LaTeX Encoding Info:    Redeclaring text symbol \textthreeoldstyle (encoding TS
1) on input line 97.
LaTeX Encoding Info:    Redeclaring text symbol \textfouroldstyle (encoding TS1
) on input line 98.
LaTeX Encoding Info:    Redeclaring text symbol \textfiveoldstyle (encoding TS1
) on input line 99.
LaTeX Encoding Info:    Redeclaring text symbol \textsixoldstyle (encoding TS1)
 on input line 100.
LaTeX Encoding Info:    Redeclaring text symbol \textsevenoldstyle (encoding TS
1) on input line 101.
LaTeX Encoding Info:    Redeclaring text symbol \texteightoldstyle (encoding TS
1) on input line 102.
LaTeX Encoding Info:    Redeclaring text symbol \textnineoldstyle (encoding TS1
) on input line 103.
LaTeX Encoding Info:    Redeclaring text symbol \textlangle (encoding TS1) on i
nput line 104.
LaTeX Encoding Info:    Redeclaring text symbol \textminus (encoding TS1) on in
put line 105.
LaTeX Encoding Info:    Redeclaring text symbol \textrangle (encoding TS1) on i
nput line 106.
LaTeX Encoding Info:    Redeclaring text symbol \textmho (encoding TS1) on inpu
t line 107.
LaTeX Encoding Info:    Redeclaring text symbol \textbigcircle (encoding TS1) o
n input line 108.
LaTeX Encoding Info:    Redeclaring text command \textcircled (encoding TS1) on
 input line 109.
LaTeX Encoding Info:    Redeclaring text symbol \textohm (encoding TS1) on inpu
t line 115.
LaTeX Encoding Info:    Redeclaring text symbol \textlbrackdbl (encoding TS1) o
n input line 116.
LaTeX Encoding Info:    Redeclaring text symbol \textrbrackdbl (encoding TS1) o
n input line 117.
LaTeX Encoding Info:    Redeclaring text symbol \textuparrow (encoding TS1) on 
input line 118.
LaTeX Encoding Info:    Redeclaring text symbol \textdownarrow (encoding TS1) o
n input line 119.
LaTeX Encoding Info:    Redeclaring text symbol \textasciigrave (encoding TS1) 
on input line 120.
LaTeX Encoding Info:    Redeclaring text symbol \textborn (encoding TS1) on inp
ut line 121.
LaTeX Encoding Info:    Redeclaring text symbol \textdivorced (encoding TS1) on
 input line 122.
LaTeX Encoding Info:    Redeclaring text symbol \textdied (encoding TS1) on inp
ut line 123.
LaTeX Encoding Info:    Redeclaring text symbol \textleaf (encoding TS1) on inp
ut line 124.
LaTeX Encoding Info:    Redeclaring text symbol \textmarried (encoding TS1) on 
input line 125.
LaTeX Encoding Info:    Redeclaring text symbol \textmusicalnote (encoding TS1)
 on input line 126.
LaTeX Encoding Info:    Redeclaring text symbol \texttildelow (encoding TS1) on
 input line 127.
LaTeX Encoding Info:    Redeclaring text symbol \textdblhyphenchar (encoding TS
1) on input line 128.
LaTeX Encoding Info:    Redeclaring text symbol \textasciibreve (encoding TS1) 
on input line 129.
LaTeX Encoding Info:    Redeclaring text symbol \textasciicaron (encoding TS1) 
on input line 130.
LaTeX Encoding Info:    Redeclaring text symbol \textacutedbl (encoding TS1) on
 input line 131.
LaTeX Encoding Info:    Redeclaring text symbol \textgravedbl (encoding TS1) on
 input line 132.
LaTeX Encoding Info:    Redeclaring text symbol \textdagger (encoding TS1) on i
nput line 133.
LaTeX Encoding Info:    Redeclaring text symbol \textdaggerdbl (encoding TS1) o
n input line 134.
LaTeX Encoding Info:    Redeclaring text symbol \textbardbl (encoding TS1) on i
nput line 135.
LaTeX Encoding Info:    Redeclaring text symbol \textperthousand (encoding TS1)
 on input line 136.
LaTeX Encoding Info:    Redeclaring text symbol \textbullet (encoding TS1) on i
nput line 137.
LaTeX Encoding Info:    Redeclaring text symbol \textcelsius (encoding TS1) on 
input line 138.
LaTeX Encoding Info:    Redeclaring text symbol \textdollaroldstyle (encoding T
S1) on input line 139.
LaTeX Encoding Info:    Redeclaring text symbol \textcentoldstyle (encoding TS1
) on input line 140.
LaTeX Encoding Info:    Redeclaring text symbol \textflorin (encoding TS1) on i
nput line 141.
LaTeX Encoding Info:    Redeclaring text symbol \textcolonmonetary (encoding TS
1) on input line 142.
LaTeX Encoding Info:    Redeclaring text symbol \textwon (encoding TS1) on inpu
t line 143.
LaTeX Encoding Info:    Redeclaring text symbol \textnaira (encoding TS1) on in
put line 144.
LaTeX Encoding Info:    Redeclaring text symbol \textguarani (encoding TS1) on 
input line 145.
LaTeX Encoding Info:    Redeclaring text symbol \textpeso (encoding TS1) on inp
ut line 146.
LaTeX Encoding Info:    Redeclaring text symbol \textlira (encoding TS1) on inp
ut line 147.
LaTeX Encoding Info:    Redeclaring text symbol \textrecipe (encoding TS1) on i
nput line 148.
LaTeX Encoding Info:    Redeclaring text symbol \textinterrobang (encoding TS1)
 on input line 149.
LaTeX Encoding Info:    Redeclaring text symbol \textinterrobangdown (encoding 
TS1) on input line 150.
LaTeX Encoding Info:    Redeclaring text symbol \textdong (encoding TS1) on inp
ut line 151.
LaTeX Encoding Info:    Redeclaring text symbol \texttrademark (encoding TS1) o
n input line 152.
LaTeX Encoding Info:    Redeclaring text symbol \textpertenthousand (encoding T
S1) on input line 153.
LaTeX Encoding Info:    Redeclaring text symbol \textpilcrow (encoding TS1) on 
input line 154.
LaTeX Encoding Info:    Redeclaring text symbol \textbaht (encoding TS1) on inp
ut line 155.
LaTeX Encoding Info:    Redeclaring text symbol \textnumero (encoding TS1) on i
nput line 156.
LaTeX Encoding Info:    Redeclaring text symbol \textdiscount (encoding TS1) on
 input line 157.
LaTeX Encoding Info:    Redeclaring text symbol \textestimated (encoding TS1) o
n input line 158.
LaTeX Encoding Info:    Redeclaring text symbol \textopenbullet (encoding TS1) 
on input line 159.
LaTeX Encoding Info:    Redeclaring text symbol \textservicemark (encoding TS1)
 on input line 160.
LaTeX Encoding Info:    Redeclaring text symbol \textlquill (encoding TS1) on i
nput line 161.
LaTeX Encoding Info:    Redeclaring text symbol \textrquill (encoding TS1) on i
nput line 162.
LaTeX Encoding Info:    Redeclaring text symbol \textcent (encoding TS1) on inp
ut line 163.
LaTeX Encoding Info:    Redeclaring text symbol \textsterling (encoding TS1) on
 input line 164.
LaTeX Encoding Info:    Redeclaring text symbol \textcurrency (encoding TS1) on
 input line 165.
LaTeX Encoding Info:    Redeclaring text symbol \textyen (encoding TS1) on inpu
t line 166.
LaTeX Encoding Info:    Redeclaring text symbol \textbrokenbar (encoding TS1) o
n input line 167.
LaTeX Encoding Info:    Redeclaring text symbol \textsection (encoding TS1) on 
input line 168.
LaTeX Encoding Info:    Redeclaring text symbol \textasciidieresis (encoding TS
1) on input line 169.
LaTeX Encoding Info:    Redeclaring text symbol \textcopyright (encoding TS1) o
n input line 170.
LaTeX Encoding Info:    Redeclaring text symbol \textordfeminine (encoding TS1)
 on input line 171.
LaTeX Encoding Info:    Redeclaring text symbol \textcopyleft (encoding TS1) on
 input line 172.
LaTeX Encoding Info:    Redeclaring text symbol \textlnot (encoding TS1) on inp
ut line 173.
LaTeX Encoding Info:    Redeclaring text symbol \textcircledP (encoding TS1) on
 input line 174.
LaTeX Encoding Info:    Redeclaring text symbol \textregistered (encoding TS1) 
on input line 175.
LaTeX Encoding Info:    Redeclaring text symbol \textasciimacron (encoding TS1)
 on input line 176.
LaTeX Encoding Info:    Redeclaring text symbol \textdegree (encoding TS1) on i
nput line 177.
LaTeX Encoding Info:    Redeclaring text symbol \textpm (encoding TS1) on input
 line 178.
LaTeX Encoding Info:    Redeclaring text symbol \texttwosuperior (encoding TS1)
 on input line 179.
LaTeX Encoding Info:    Redeclaring text symbol \textthreesuperior (encoding TS
1) on input line 180.
LaTeX Encoding Info:    Redeclaring text symbol \textasciiacute (encoding TS1) 
on input line 181.
LaTeX Encoding Info:    Redeclaring text symbol \textmu (encoding TS1) on input
 line 182.
LaTeX Encoding Info:    Redeclaring text symbol \textparagraph (encoding TS1) o
n input line 183.
LaTeX Encoding Info:    Redeclaring text symbol \textperiodcentered (encoding T
S1) on input line 184.
LaTeX Encoding Info:    Redeclaring text symbol \textreferencemark (encoding TS
1) on input line 185.
LaTeX Encoding Info:    Redeclaring text symbol \textonesuperior (encoding TS1)
 on input line 186.
LaTeX Encoding Info:    Redeclaring text symbol \textordmasculine (encoding TS1
) on input line 187.
LaTeX Encoding Info:    Redeclaring text symbol \textsurd (encoding TS1) on inp
ut line 188.
LaTeX Encoding Info:    Redeclaring text symbol \textonequarter (encoding TS1) 
on input line 189.
LaTeX Encoding Info:    Redeclaring text symbol \textonehalf (encoding TS1) on 
input line 190.
LaTeX Encoding Info:    Redeclaring text symbol \textthreequarters (encoding TS
1) on input line 191.
LaTeX Encoding Info:    Redeclaring text symbol \texteuro (encoding TS1) on inp
ut line 192.
LaTeX Encoding Info:    Redeclaring text symbol \texttimes (encoding TS1) on in
put line 193.
LaTeX Encoding Info:    Redeclaring text symbol \textdiv (encoding TS1) on inpu
t line 194.
))
\g__um_fam_int=\count306
\g__um_fonts_used_int=\count307
\l__um_primecount_int=\count308
\g__um_primekern_muskip=\muskip18

(/usr/local/texlive/2026/texmf-dist/tex/latex/unicode-math/unicode-math-table.t
ex))) (/usr/local/texlive/2026/texmf-dist/tex/latex/lm/lmodern.sty
Package: lmodern 2015/05/01 v1.6.1 Latin Modern Fonts
LaTeX Font Info:    Overwriting symbol font `operators' in version `normal'
(Font)                  OT1/cmr/m/n --> OT1/lmr/m/n on input line 22.
LaTeX Font Info:    Overwriting symbol font `letters' in version `normal'
(Font)                  OML/cmm/m/it --> OML/lmm/m/it on input line 23.
LaTeX Font Info:    Overwriting symbol font `symbols' in version `normal'
(Font)                  OMS/cmsy/m/n --> OMS/lmsy/m/n on input line 24.
LaTeX Font Info:    Overwriting symbol font `largesymbols' in version `normal'
(Font)                  OMX/cmex/m/n --> OMX/lmex/m/n on input line 25.
LaTeX Font Info:    Overwriting symbol font `operators' in version `bold'
(Font)                  OT1/cmr/bx/n --> OT1/lmr/bx/n on input line 26.
LaTeX Font Info:    Overwriting symbol font `letters' in version `bold'
(Font)                  OML/cmm/b/it --> OML/lmm/b/it on input line 27.
LaTeX Font Info:    Overwriting symbol font `symbols' in version `bold'
(Font)                  OMS/cmsy/b/n --> OMS/lmsy/b/n on input line 28.
LaTeX Font Info:    Overwriting symbol font `largesymbols' in version `bold'
(Font)                  OMX/cmex/m/n --> OMX/lmex/m/n on input line 29.
LaTeX Font Info:    Overwriting math alphabet `\mathbf' in version `normal'
(Font)                  OT1/cmr/bx/n --> OT1/lmr/bx/n on input line 31.
LaTeX Font Info:    Overwriting math alphabet `\mathsf' in version `normal'
(Font)                  OT1/cmss/m/n --> OT1/lmss/m/n on input line 32.
LaTeX Font Info:    Overwriting math alphabet `\mathit' in version `normal'
(Font)                  OT1/cmr/m/it --> OT1/lmr/m/it on input line 33.
LaTeX Font Info:    Overwriting math alphabet `\mathtt' in version `normal'
(Font)                  OT1/cmtt/m/n --> OT1/lmtt/m/n on input line 34.
LaTeX Font Info:    Overwriting math alphabet `\mathbf' in version `bold'
(Font)                  OT1/cmr/bx/n --> OT1/lmr/bx/n on input line 35.
LaTeX Font Info:    Overwriting math alphabet `\mathsf' in version `bold'
(Font)                  OT1/cmss/bx/n --> OT1/lmss/bx/n on input line 36.
LaTeX Font Info:    Overwriting math alphabet `\mathit' in version `bold'
(Font)                  OT1/cmr/bx/it --> OT1/lmr/bx/it on input line 37.
LaTeX Font Info:    Overwriting math alphabet `\mathtt' in version `bold'
(Font)                  OT1/cmtt/m/n --> OT1/lmtt/m/n on input line 38.
) (/usr/local/texlive/2026/texmf-dist/tex/latex/upquote/upquote.sty
Package: upquote 2012/04/19 v1.3 upright-quote and grave-accent glyphs in verba
tim
(/usr/local/texlive/2026/texmf-dist/tex/latex/base/textcomp.sty
Package: textcomp 2024/04/24 v2.1b Standard LaTeX package
)) (/usr/local/texlive/2026/texmf-dist/tex/latex/microtype/microtype.sty
Package: microtype 2026/03/01 v3.2d Micro-typographical refinements (RS)
(/usr/local/texlive/2026/texmf-dist/tex/latex/graphics/keyval.sty
Package: keyval 2022/05/29 v1.15 key=value parser (DPC)
\KV@toks@=\toks22
) (/usr/local/texlive/2026/texmf-dist/tex/latex/etoolbox/etoolbox.sty
Package: etoolbox 2025/10/02 v2.5m e-TeX tools for LaTeX (JAW)
\etb@tempcnta=\count309
)
\MT@toks=\toks23
\MT@tempbox=\box55
\MT@count=\count310
LaTeX Info: Redefining \noprotrusionifhmode on input line 1084.
LaTeX Info: Redefining \leftprotrusion on input line 1085.
\MT@prot@toks=\toks24
LaTeX Info: Redefining \rightprotrusion on input line 1104.
LaTeX Info: Redefining \textls on input line 1449.
\MT@outer@kern=\dimen161
LaTeX Info: Redefining \microtypecontext on input line 2053.
LaTeX Info: Redefining \textmicrotypecontext on input line 2070.
\MT@listname@count=\count311
(/usr/local/texlive/2026/texmf-dist/tex/latex/microtype/microtype-xetex.def
File: microtype-xetex.def 2026/03/01 v3.2d Definitions specific to xetex (RS)
LaTeX Info: Redefining \lsstyle on input line 443.
LaTeX Info: Redefining \lslig on input line 451.
\MT@outer@space=\skip54
)
Package microtype Info: Loading configuration file microtype.cfg.
(/usr/local/texlive/2026/texmf-dist/tex/latex/microtype/microtype.cfg
File: microtype.cfg 2026/03/01 v3.2d microtype main configuration file (RS)
)
LaTeX Info: Redefining \microtypesetup on input line 3065.
) (/usr/local/texlive/2026/texmf-dist/tex/latex/parskip/parskip.sty
Package: parskip 2021-03-14 v2.0h non-zero parskip adjustments
(/usr/local/texlive/2026/texmf-dist/tex/latex/kvoptions/kvoptions.sty
Package: kvoptions 2022-06-15 v3.15 Key value format for package options (HO)
(/usr/local/texlive/2026/texmf-dist/tex/generic/ltxcmds/ltxcmds.sty
Package: ltxcmds 2023-12-04 v1.26 LaTeX kernel commands for general use (HO)
) (/usr/local/texlive/2026/texmf-dist/tex/latex/kvsetkeys/kvsetkeys.sty
Package: kvsetkeys 2022-10-05 v1.19 Key value parser (HO)
))) (/usr/local/texlive/2026/texmf-dist/tex/latex/fancyvrb/fancyvrb.sty
Package: fancyvrb 2025/07/28 4.6 verbatim text (tvz,hv)
\FV@CodeLineNo=\count312
\FV@InFile=\read2
\FV@TabBox=\box56
\c@FancyVerbLine=\count313
\FV@StepNumber=\count314
\FV@OutFile=\write3
) (/usr/local/texlive/2026/texmf-dist/tex/latex/framed/framed.sty
Package: framed 2011/10/22 v 0.96: framed or shaded text with page breaks
\OuterFrameSep=\skip55
\fb@frw=\dimen162
\fb@frh=\dimen163
\FrameRule=\dimen164
\FrameSep=\dimen165
) (/usr/local/texlive/2026/texmf-dist/tex/latex/tools/longtable.sty
Package: longtable 2025-10-13 v4.24 Multi-page Table package (DPC)
\LTleft=\skip56
\LTright=\skip57
\LTpre=\skip58
\LTpost=\skip59
\LTchunksize=\count315
\LTcapwidth=\dimen166
\LT@head=\box57
\LT@firsthead=\box58
\LT@foot=\box59
\LT@lastfoot=\box60
\LT@gbox=\box61
\LT@cols=\count316
\LT@rows=\count317
\c@LT@tables=\count318
\c@LT@chunks=\count319
\LT@p@ftn=\toks25
) (/usr/local/texlive/2026/texmf-dist/tex/latex/booktabs/booktabs.sty
Package: booktabs 2020/01/12 v1.61803398 Publication quality tables
\heavyrulewidth=\dimen167
\lightrulewidth=\dimen168
\cmidrulewidth=\dimen169
\belowrulesep=\dimen170
\belowbottomsep=\dimen171
\aboverulesep=\dimen172
\abovetopsep=\dimen173
\cmidrulesep=\dimen174
\cmidrulekern=\dimen175
\defaultaddspace=\dimen176
\@cmidla=\count320
\@cmidlb=\count321
\@aboverulesep=\dimen177
\@belowrulesep=\dimen178
\@thisruleclass=\count322
\@lastruleclass=\count323
\@thisrulewidth=\dimen179
) (/usr/local/texlive/2026/texmf-dist/tex/latex/tools/array.sty
Package: array 2025/09/25 v2.6n Tabular extension package (FMi)
\col@sep=\dimen180
\ar@mcellbox=\box62
\extrarowheight=\dimen181
\NC@list=\toks26
\extratabsurround=\skip60
\backup@length=\skip61
\ar@cellbox=\box63
)
\c@none=\count324
(/usr/local/texlive/2026/texmf-dist/tex/latex/tools/calc.sty
Package: calc 2025/03/01 v4.3b Infix arithmetic (KKT,FJ)
\calc@Acount=\count325
\calc@Bcount=\count326
\calc@Adimen=\dimen182
\calc@Bdimen=\dimen183
\calc@Askip=\skip62
\calc@Bskip=\skip63
LaTeX Info: Redefining \setlength on input line 86.
LaTeX Info: Redefining \addtolength on input line 87.
\calc@Ccount=\count327
\calc@Cskip=\skip64
) (/usr/local/texlive/2026/texmf-dist/tex/latex/footnotehyper/footnotehyper.sty
Package: footnotehyper 2025/11/15 v1.1f hyperref aware footnote.sty (JFB)
\FNH@notes=\box64
\FNH@width=\dimen184
\FNH@toks=\toks27
) (/usr/local/texlive/2026/texmf-dist/tex/latex/graphics/graphicx.sty
Package: graphicx 2024/12/31 v1.2e Enhanced LaTeX Graphics (DPC,SPQR)
(/usr/local/texlive/2026/texmf-dist/tex/latex/graphics/graphics.sty
Package: graphics 2024/08/06 v1.4g Standard LaTeX Graphics (DPC,SPQR)
(/usr/local/texlive/2026/texmf-dist/tex/latex/graphics/trig.sty
Package: trig 2023/12/02 v1.11 sin cos tan (DPC)
) (/usr/local/texlive/2026/texmf-dist/tex/latex/graphics-cfg/graphics.cfg
File: graphics.cfg 2016/06/04 v1.11 sample graphics configuration
)
Package graphics Info: Driver file: xetex.def on input line 106.
)
\Gin@req@height=\dimen185
\Gin@req@width=\dimen186
)
\pandoc@box=\box65
(/usr/local/texlive/2026/texmf-dist/tex/latex/natbib/natbib.sty
Package: natbib 2010/09/13 8.31b (PWD, AO)
\bibhang=\skip65
\bibsep=\skip66
LaTeX Info: Redefining \cite on input line 694.
\c@NAT@ctr=\count328
) (/usr/local/texlive/2026/texmf-dist/tex/latex/multirow/multirow.sty
Package: multirow 2024/11/12 v2.9 Span multiple rows of a table
\multirow@colwidth=\skip67
\multirow@cntb=\count329
\multirow@dima=\skip68
\bigstrutjot=\dimen187
) (/usr/local/texlive/2026/texmf-dist/tex/latex/wrapfig/wrapfig.sty
\wrapoverhang=\dimen188
\WF@size=\dimen189
\c@WF@wrappedlines=\count330
\WF@box=\box66
\WF@everypar=\toks28
Package: wrapfig 2003/01/31  v 3.6
) (/usr/local/texlive/2026/texmf-dist/tex/latex/float/float.sty
Package: float 2001/11/08 v1.3d Float enhancements (AL)
\c@float@type=\count331
\float@exts=\toks29
\float@box=\box67
\@float@everytoks=\toks30
\@floatcapt=\box68
) (/usr/local/texlive/2026/texmf-dist/tex/latex/colortbl/colortbl.sty
Package: colortbl 2024/10/29 v1.0k Color table columns (DPC)
\everycr=\toks31
\minrowclearance=\skip69
\rownum=\count332
) (/usr/local/texlive/2026/texmf-dist/tex/latex/pdflscape/pdflscape.sty
Package: pdflscape 2025-06-23 v0.14 Display of landscape pages in PDF

(/usr/local/texlive/2026/texmf-dist/tex/latex/pdflscape/pdflscape-nometadata.st
y
Package: pdflscape-nometadata 2025-06-23 v0.14 Display of landscape pages in PD
F (HO)
(/usr/local/texlive/2026/texmf-dist/tex/latex/graphics/lscape.sty
Package: lscape 2020/05/28 v3.02 Landscape Pages (DPC)
)
Package pdflscape Info: Auto-detected driver: dvipdfm (xetex) on input line 98.

)) (/usr/local/texlive/2026/texmf-dist/tex/latex/tabu/tabu.sty
Package: tabu 2019/01/11 v2.9 - flexible LaTeX tabulars (FC+tabu-fixed)
(/usr/local/texlive/2026/texmf-dist/tex/latex/varwidth/varwidth.sty
Package: varwidth 2009/03/30 ver 0.92;  Variable-width minipages
\@vwid@box=\box69
\sift@deathcycles=\count333
\@vwid@loff=\dimen190
\@vwid@roff=\dimen191
)
==> First Aid for varwidth.sty applied!
\c@taburow=\count334
\tabu@nbcols=\count335
\tabu@cnt=\count336
\tabu@Xcol=\count337
\tabu@alloc=\count338
\tabu@nested=\count339
\tabu@target=\dimen192
\tabu@spreadtarget=\dimen193
\tabu@naturalX=\dimen194
\tabucolX=\dimen195
\tabu@Xsum=\dimen196
\extrarowdepth=\dimen197
\abovetabulinesep=\dimen198
\belowtabulinesep=\dimen199
\tabustrutrule=\dimen256
\tabu@thebody=\toks32
\tabu@footnotes=\toks33
\tabu@box=\box70
\tabu@arstrutbox=\box71
\tabu@hleads=\box72
\tabu@vleads=\box73
\tabu@cellskip=\skip70
)
(/usr/local/texlive/2026/texmf-dist/tex/latex/threeparttable/threeparttable.sty
Package: threeparttable 2003/06/13  v 3.0
\@tempboxb=\box74
)
(/usr/local/texlive/2026/texmf-dist/tex/latex/threeparttablex/threeparttablex.s
ty
Package: threeparttablex 2013/07/23 v0.3 by daleif
(/usr/local/texlive/2026/texmf-dist/tex/latex/environ/environ.sty
Package: environ 2014/05/04 v0.3 A new way to define environments
(/usr/local/texlive/2026/texmf-dist/tex/latex/trimspaces/trimspaces.sty
Package: trimspaces 2009/09/17 v1.1 Trim spaces around a token list
))
\TPTL@width=\skip71
) (/usr/local/texlive/2026/texmf-dist/tex/generic/ulem/ulem.sty
\UL@box=\box75
\UL@hyphenbox=\box76
\UL@skip=\skip72
\UL@hook=\toks34
\UL@height=\dimen257
\UL@pe=\count340
\UL@pixel=\dimen258
\ULC@box=\box77
Package: ulem 2019/11/18
\ULdepth=\dimen259
) (/usr/local/texlive/2026/texmf-dist/tex/latex/makecell/makecell.sty
Package: makecell 2009/08/03 V0.1e Managing of Tab Column Heads and Cells
\rotheadsize=\dimen260
\c@nlinenum=\count341
\TeXr@lab=\toks35
) (/usr/local/texlive/2026/texmf-dist/tex/latex/fvextra/fvextra.sty
Package: fvextra 2026/02/25 v1.14.0 fvextra - extensions and patches for fancyv
rb
(/usr/local/texlive/2026/texmf-dist/tex/latex/lineno/lineno.sty
Package: lineno 2026/03/08 line numbers on paragraphs v5.9
\linenopenalty=\count342
\output=\toks36
\linenoprevgraf=\count343
\linenumbersep=\dimen261
\linenumberwidth=\dimen262
\c@linenumber=\count344
\c@pagewiselinenumber=\count345
\c@LN@truepage=\count346
\c@internallinenumber=\count347
\c@internallinenumbers=\count348
\quotelinenumbersep=\dimen263
\bframerule=\dimen264
\bframesep=\dimen265
\bframebox=\box78
\@LN@amsmath@ams@eqpen=\count349
)
\c@FancyVerbWriteLine=\count350
\c@FancyVerbBufferLine=\count351
\c@FV@TrueTabGroupLevel=\count352
\c@FV@TrueTabCounter=\count353
\FV@TabBox@Group=\box79
\FV@bgcolorstructbox=\box80
\FV@TmpLength=\skip73
\c@FV@HighlightLinesStart=\count354
\c@FV@HighlightLinesStop=\count355
\FV@LoopCount=\count356
\FV@NCharsBox=\box81
\FV@BreakIndent=\dimen266
\FV@BreakIndentNChars=\count357
\FV@BreakSymbolSepLeft=\dimen267
\FV@BreakSymbolSepLeftNChars=\count358
\FV@BreakSymbolSepRight=\dimen268
\FV@BreakSymbolSepRightNChars=\count359
\FV@BreakSymbolIndentLeft=\dimen269
\FV@BreakSymbolIndentLeftNChars=\count360
\FV@BreakSymbolIndentRight=\dimen270
\FV@BreakSymbolIndentRightNChars=\count361
\c@FancyVerbLineBreakLast=\count362
\FV@LineBox=\box82
\FV@LineIndentBox=\box83
\c@FV@BreakBufferDepth=\count363
\FV@LineWidth=\dimen271
) (/usr/local/texlive/2026/texmf-dist/tex/latex/placeins/placeins.sty
Package: placeins 2005/04/18  v 2.2
) (/usr/local/texlive/2026/texmf-dist/tex/latex/geometry/geometry.sty
Package: geometry 2026/03/07 v6.0 Page Geometry
(/usr/local/texlive/2026/texmf-dist/tex/generic/iftex/ifvtex.sty
Package: ifvtex 2019/10/25 v1.7 ifvtex legacy package. Use iftex instead.
)
\Gm@cnth=\count364
\Gm@cntv=\count365
\c@Gm@tempcnt=\count366
\Gm@bindingoffset=\dimen272
\Gm@wd@mp=\dimen273
\Gm@odd@mp=\dimen274
\Gm@even@mp=\dimen275
\Gm@layoutwidth=\dimen276
\Gm@layoutheight=\dimen277
\Gm@layouthoffset=\dimen278
\Gm@layoutvoffset=\dimen279
\Gm@dimlist=\toks37
) (/usr/local/texlive/2026/texmf-dist/tex/latex/titling/titling.sty
Package: titling 2009/09/04 v2.1d maketitle typesetting
\thanksmarkwidth=\skip74
\thanksmargin=\skip75
\droptitle=\skip76
) (/usr/local/texlive/2026/texmf-dist/tex/latex/pdfpages/pdfpages.sty
Package: pdfpages 2025/07/23 v0.6g Insert pages of external PDF documents (AM)
(/usr/local/texlive/2026/texmf-dist/tex/latex/base/ifthen.sty
Package: ifthen 2024/03/16 v1.1e Standard LaTeX ifthen package (DPC)
) (/usr/local/texlive/2026/texmf-dist/tex/latex/eso-pic/eso-pic.sty
Package: eso-pic 2025/12/10 v3.0d eso-pic (RN)
\ESO@tempdima=\dimen280
\ESO@tempdimb=\dimen281
)
\AM@pagewidth=\dimen282
\AM@pageheight=\dimen283
\AM@fboxrule=\dimen284
(/usr/local/texlive/2026/texmf-dist/tex/latex/pdfpages/ppxetex.def
File: ppxetex.def 2025/07/23 v0.6g Pdfpages driver for XeTeX (AM)
)
\pdfpages@includegraphics@status=\count367
\AM@pagebox=\box84
\AM@global@opts=\toks38
\AM@pagecnt=\count368
\AM@toc@title=\toks39
\AM@lof@heading=\toks40
\c@AM@survey=\count369
\AM@templatesizebox=\box85
) (/usr/local/texlive/2026/texmf-dist/tex/latex/tools/multicol.sty
Package: multicol 2025/10/21 v2.0b multicolumn formatting (FMi)
\c@tracingmulticols=\count370
\mult@box=\box86
\multicol@leftmargin=\dimen285
\c@unbalance=\count371
\c@collectmore=\count372
\doublecol@number=\count373
\multicoltolerance=\count374
\multicolpretolerance=\count375
\full@width=\dimen286
\page@free=\dimen287
\premulticols=\dimen288
\postmulticols=\dimen289
\multicolsep=\skip77
\multicolbaselineskip=\skip78
\partial@page=\box87
\last@line=\box88
\mc@boxedresult=\box89
\maxbalancingoverflow=\dimen290
\mult@rightbox=\box90
\mult@grightbox=\box91
\mult@firstbox=\box92
\mult@gfirstbox=\box93
\@tempa=\box94
\@tempa=\box95
\@tempa=\box96
\@tempa=\box97
\@tempa=\box98
\@tempa=\box99
\@tempa=\box100
\@tempa=\box101
\@tempa=\box102
\@tempa=\box103
\@tempa=\box104
\@tempa=\box105
\@tempa=\box106
\@tempa=\box107
\@tempa=\box108
\@tempa=\box109
\@tempa=\box110
\@tempa=\box111
\@tempa=\box112
\@tempa=\box113
\@tempa=\box114
\@tempa=\box115
\@tempa=\box116
\@tempa=\box117
\@tempa=\box118
\@tempa=\box119
\@tempa=\box120
\@tempa=\box121
\@tempa=\box122
\@tempa=\box123
\@tempa=\box124
\@tempa=\box125
\@tempa=\box126
\@tempa=\box127
\@tempa=\box128
\@tempa=\box129
\c@minrows=\count376
\c@columnbadness=\count377
\c@finalcolumnbadness=\count378
\last@try=\dimen291
\multicolovershoot=\dimen292
\multicolundershoot=\dimen293
\mult@nat@firstbox=\box130
\colbreak@box=\box131
\mc@col@check@num=\count379
\g__mc_curr_col_int=\count380
) (/usr/local/texlive/2026/texmf-dist/tex/latex/base/atbegshi-ltx.sty
Package: atbegshi-ltx 2021/01/10 v1.0c Emulation of the original atbegshi
package with kernel methods
) (/usr/local/texlive/2026/texmf-dist/tex/latex/caption/caption.sty
Package: caption 2023/08/05 v3.6o Customizing captions (AR)
(/usr/local/texlive/2026/texmf-dist/tex/latex/caption/caption3.sty
Package: caption3 2023/07/31 v2.4d caption3 kernel (AR)
\caption@tempdima=\dimen294
\captionmargin=\dimen295
\caption@leftmargin=\dimen296
\caption@rightmargin=\dimen297
\caption@width=\dimen298
\caption@indent=\dimen299
\caption@parindent=\dimen300
\caption@hangindent=\dimen301
Package caption Info: Standard document class detected.
)
\c@caption@flags=\count381
\c@continuedfloat=\count382
Package caption Info: float package is loaded.
Package caption Info: longtable package is loaded.
(/usr/local/texlive/2026/texmf-dist/tex/latex/caption/ltcaption.sty
Package: ltcaption 2021/01/08 v1.4c longtable captions (AR)
)
Package caption Info: threeparttable package is loaded.
Package caption Info: wrapfig package is loaded.
) (/usr/local/texlive/2026/texmf-dist/tex/latex/anyfontsize/anyfontsize.sty
Invalid UTF-8 byte or sequence at line 3 replaced by U+FFFD.
Invalid UTF-8 byte or sequence at line 3 replaced by U+FFFD.
Package: anyfontsize 2007/11/22 anyfontsize.sty by pts
) (/usr/local/texlive/2026/texmf-dist/tex/latex/bookmark/bookmark.sty
Package: bookmark 2023-12-10 v1.31 PDF bookmarks (HO)
(/usr/local/texlive/2026/texmf-dist/tex/latex/hyperref/hyperref.sty
Package: hyperref 2026-01-29 v7.01p Hypertext links for LaTeX
(/usr/local/texlive/2026/texmf-dist/tex/generic/kvdefinekeys/kvdefinekeys.sty
Package: kvdefinekeys 2019-12-19 v1.6 Define keys (HO)
) (/usr/local/texlive/2026/texmf-dist/tex/generic/pdfescape/pdfescape.sty
Package: pdfescape 2019/12/09 v1.15 Implements pdfTeX's escape features (HO)
(/usr/local/texlive/2026/texmf-dist/tex/generic/pdftexcmds/pdftexcmds.sty
Package: pdftexcmds 2020-06-27 v0.33 Utility functions of pdfTeX for LuaTeX (HO
)
(/usr/local/texlive/2026/texmf-dist/tex/generic/infwarerr/infwarerr.sty
Package: infwarerr 2019/12/03 v1.5 Providing info/warning/error messages (HO)
)
Package pdftexcmds Info: \pdf@primitive is available.
Package pdftexcmds Info: \pdf@ifprimitive is available.
Package pdftexcmds Info: \pdfdraftmode not found.
)) (/usr/local/texlive/2026/texmf-dist/tex/latex/hycolor/hycolor.sty
Package: hycolor 2020-01-27 v1.10 Color options for hyperref/bookmark (HO)
) (/usr/local/texlive/2026/texmf-dist/tex/latex/hyperref/nameref.sty
Package: nameref 2026-01-29 v2.58 Cross-referencing by name of section
(/usr/local/texlive/2026/texmf-dist/tex/latex/refcount/refcount.sty
Package: refcount 2019/12/15 v3.6 Data extraction from label references (HO)
)
(/usr/local/texlive/2026/texmf-dist/tex/generic/gettitlestring/gettitlestring.s
ty
Package: gettitlestring 2019/12/15 v1.6 Cleanup title references (HO)
)
\c@section@level=\count383
) (/usr/local/texlive/2026/texmf-dist/tex/generic/stringenc/stringenc.sty
Package: stringenc 2019/11/29 v1.12 Convert strings between diff. encodings (HO
)
)
\@linkdim=\dimen302
\Hy@linkcounter=\count384
\Hy@pagecounter=\count385
(/usr/local/texlive/2026/texmf-dist/tex/latex/hyperref/pd1enc.def
File: pd1enc.def 2026-01-29 v7.01p Hyperref: PDFDocEncoding definition (HO)
) (/usr/local/texlive/2026/texmf-dist/tex/generic/intcalc/intcalc.sty
Package: intcalc 2019/12/15 v1.3 Expandable calculations with integers (HO)
)
\Hy@SavedSpaceFactor=\count386
(/usr/local/texlive/2026/texmf-dist/tex/latex/hyperref/puenc.def
File: puenc.def 2026-01-29 v7.01p Hyperref: PDF Unicode definition (HO)
)
Package hyperref Info: Option `unicode' set `true' on input line 4072.
Package hyperref Info: Hyper figures OFF on input line 4201.
Package hyperref Info: Link nesting OFF on input line 4206.
Package hyperref Info: Hyper index ON on input line 4209.
Package hyperref Info: Plain pages OFF on input line 4216.
Package hyperref Info: Backreferencing OFF on input line 4221.
Package hyperref Info: Implicit mode ON; LaTeX internals redefined.
Package hyperref Info: Bookmarks ON on input line 4468.
\c@Hy@tempcnt=\count387
(/usr/local/texlive/2026/texmf-dist/tex/latex/url/url.sty
\Urlmuskip=\muskip19
Package: url 2013/09/16  ver 3.4  Verb mode for urls, etc.
)
LaTeX Info: Redefining \url on input line 4807.
\XeTeXLinkMargin=\dimen303
(/usr/local/texlive/2026/texmf-dist/tex/generic/bitset/bitset.sty
Package: bitset 2019/12/09 v1.3 Handle bit-vector datatype (HO)
(/usr/local/texlive/2026/texmf-dist/tex/generic/bigintcalc/bigintcalc.sty
Package: bigintcalc 2019/12/15 v1.5 Expandable calculations on big integers (HO
)
))
\Fld@menulength=\count388
\Field@Width=\dimen304
\Fld@charsize=\dimen305
Package hyperref Info: Hyper figures OFF on input line 6084.
Package hyperref Info: Link nesting OFF on input line 6089.
Package hyperref Info: Hyper index ON on input line 6092.
Package hyperref Info: backreferencing OFF on input line 6099.
Package hyperref Info: Link coloring OFF on input line 6104.
Package hyperref Info: Link coloring with OCG OFF on input line 6109.
Package hyperref Info: PDF/A mode OFF on input line 6114.
\Hy@abspage=\count389
\c@Item=\count390
\c@Hfootnote=\count391
)
Package hyperref Info: Driver (autodetected): hxetex.
(/usr/local/texlive/2026/texmf-dist/tex/latex/hyperref/hxetex.def
File: hxetex.def 2026-01-29 v7.01p Hyperref driver for XeTeX
\pdfm@box=\box132
\c@Hy@AnnotLevel=\count392
\HyField@AnnotCount=\count393
\Fld@listcount=\count394
\c@bookmark@seq@number=\count395

(/usr/local/texlive/2026/texmf-dist/tex/latex/rerunfilecheck/rerunfilecheck.sty
Package: rerunfilecheck 2025-06-21 v1.11 Rerun checks for auxiliary files (HO)

(/usr/local/texlive/2026/texmf-dist/tex/generic/uniquecounter/uniquecounter.sty
Package: uniquecounter 2019/12/15 v1.4 Provide unlimited unique counter (HO)
)
Package uniquecounter Info: New unique counter `rerunfilecheck' on input line 2
84.
)
\Hy@SectionHShift=\skip79
) (/usr/local/texlive/2026/texmf-dist/tex/latex/bookmark/bkm-dvipdfm.def
File: bkm-dvipdfm.def 2023-12-10 v1.31 bookmark driver for dvipdfm (HO)
\BKM@id=\count396
)) (/usr/local/texlive/2026/texmf-dist/tex/latex/xurl/xurl.sty
Package: xurl 2022/01/09 v 0.10 modify URL breaks
) (./apostila.aux

LaTeX Warning: Label `tab3' multiply defined.


LaTeX Warning: Label `tab3' multiply defined.


LaTeX Warning: Label `tab33' multiply defined.


LaTeX Warning: Label `tab33' multiply defined.

)
\openout1 = `apostila.aux'.

LaTeX Font Info:    Checking defaults for OML/cmm/m/it on input line 170.
LaTeX Font Info:    ... okay on input line 170.
LaTeX Font Info:    Checking defaults for OMS/cmsy/m/n on input line 170.
LaTeX Font Info:    ... okay on input line 170.
LaTeX Font Info:    Checking defaults for OT1/cmr/m/n on input line 170.
LaTeX Font Info:    ... okay on input line 170.
LaTeX Font Info:    Checking defaults for T1/cmr/m/n on input line 170.
LaTeX Font Info:    ... okay on input line 170.
LaTeX Font Info:    Checking defaults for TS1/cmr/m/n on input line 170.
LaTeX Font Info:    ... okay on input line 170.
LaTeX Font Info:    Checking defaults for TU/lmr/m/n on input line 170.
LaTeX Font Info:    ... okay on input line 170.
LaTeX Font Info:    Checking defaults for OMX/cmex/m/n on input line 170.
LaTeX Font Info:    ... okay on input line 170.
LaTeX Font Info:    Checking defaults for U/cmr/m/n on input line 170.
LaTeX Font Info:    ... okay on input line 170.
LaTeX Font Info:    Checking defaults for PD1/pdf/m/n on input line 170.
LaTeX Font Info:    ... okay on input line 170.
LaTeX Font Info:    Checking defaults for PU/pdf/m/n on input line 170.
LaTeX Font Info:    ... okay on input line 170.
LaTeX Font Info:    Overwriting math alphabet `\mathrm' in version `normal'
(Font)                  OT1/lmr/m/n --> TU/lmr/m/n on input line 170.
LaTeX Font Info:    Overwriting math alphabet `\mathit' in version `normal'
(Font)                  OT1/lmr/m/it --> TU/lmr/m/it on input line 170.
LaTeX Font Info:    Overwriting math alphabet `\mathbf' in version `normal'
(Font)                  OT1/lmr/bx/n --> TU/lmr/bx/n on input line 170.
LaTeX Font Info:    Overwriting math alphabet `\mathsf' in version `normal'
(Font)                  OT1/lmss/m/n --> TU/lmss/m/n on input line 170.
LaTeX Font Info:    Overwriting math alphabet `\mathsf' in version `bold'
(Font)                  OT1/lmss/bx/n --> TU/lmss/bx/n on input line 170.
LaTeX Font Info:    Overwriting math alphabet `\mathtt' in version `normal'
(Font)                  OT1/lmtt/m/n --> TU/lmtt/m/n on input line 170.
LaTeX Font Info:    Overwriting math alphabet `\mathtt' in version `bold'
(Font)                  OT1/lmtt/m/n --> TU/lmtt/bx/n on input line 170.

Package fontspec Info: 
(fontspec)             latinmodern-math scale = 0.9999964596882403.


Package fontspec Info: 
(fontspec)             latinmodern-math scale = 0.9999964596882403.


Package fontspec Info: 
(fontspec)             latinmodern-math scale = 0.9999964596882403.


Package fontspec Info: 
(fontspec)             Font family 'latinmodern-math.otf(0)' created for font
(fontspec)             'latinmodern-math.otf' with options
(fontspec)             [Scale=MatchLowercase,BoldItalicFont={},ItalicFont={},Sm
allCapsFont={},Script=Math,BoldFont={latinmodern-math.otf}].
(fontspec)              
(fontspec)              This font family consists of the following NFSS
(fontspec)             series/shapes:
(fontspec)              
(fontspec)             - 'normal' (m/n) with NFSS spec.:
(fontspec)             <->s*[0.9999964596882403]"[latinmodern-math.otf]/OT:scri
pt=math;language=dflt;"
(fontspec)             - 'bold' (b/n) with NFSS spec.:
(fontspec)             <->s*[0.9999964596882403]"[latinmodern-math.otf]/OT:scri
pt=math;language=dflt;"

LaTeX Font Info:    Font shape `TU/latinmodern-math.otf(0)/m/n' will be
(Font)              scaled to size 10.0pt on input line 170.

Package fontspec Info: 
(fontspec)             latinmodern-math scale = 0.9999964596882403.


Package fontspec Info: 
(fontspec)             latinmodern-math scale = 0.9999964596882403.


Package fontspec Info: 
(fontspec)             latinmodern-math scale = 0.9999964596882403.


Package fontspec Info: 
(fontspec)             latinmodern-math scale = 0.9999964596882403.


Package fontspec Info: 
(fontspec)             latinmodern-math scale = 0.9999964596882403.


Package fontspec Info: 
(fontspec)             Font family 'latinmodern-math.otf(1)' created for font
(fontspec)             'latinmodern-math.otf' with options
(fontspec)             [Scale=MatchLowercase,BoldItalicFont={},ItalicFont={},Sm
allCapsFont={},Script=Math,SizeFeatures={{Size=8.5-},{Size=6-8.5,Font=latinmode
rn-math.otf,Style=MathScript},{Size=-6,Font=latinmodern-math.otf,Style=MathScri
ptScript}},BoldFont={latinmodern-math.otf}].
(fontspec)              
(fontspec)              This font family consists of the following NFSS
(fontspec)             series/shapes:
(fontspec)              
(fontspec)             - 'normal' (m/n) with NFSS spec.:
(fontspec)             <8.5->s*[0.9999964596882403]"[latinmodern-math.otf]/OT:s
cript=math;language=dflt;"<6-8.5>s*[0.9999964596882403]"[latinmodern-math.otf]/
OT:script=math;language=dflt;+ssty=0;"<-6>s*[0.9999964596882403]"[latinmodern-m
ath.otf]/OT:script=math;language=dflt;+ssty=1;"
(fontspec)             - 'bold' (b/n) with NFSS spec.:
(fontspec)             <->s*[0.9999964596882403]"[latinmodern-math.otf]/OT:scri
pt=math;language=dflt;"

LaTeX Font Info:    Font shape `TU/latinmodern-math.otf(1)/m/n' will be
(Font)              scaled to size 10.0pt on input line 170.
LaTeX Font Info:    Encoding `OT1' has changed to `TU' for symbol font
(Font)              `operators' in the math version `normal' on input line 170.

LaTeX Font Info:    Overwriting symbol font `operators' in version `normal'
(Font)                  OT1/lmr/m/n --> TU/latinmodern-math.otf(1)/m/n on input
 line 170.
LaTeX Font Info:    Encoding `OT1' has changed to `TU' for symbol font
(Font)              `operators' in the math version `bold' on input line 170.
LaTeX Font Info:    Overwriting symbol font `operators' in version `bold'
(Font)                  OT1/lmr/bx/n --> TU/latinmodern-math.otf(1)/b/n on inpu
t line 170.

Package fontspec Info: 
(fontspec)             latinmodern-math scale = 0.9999964596882403.


Package fontspec Info: 
(fontspec)             latinmodern-math scale = 1.000096459334209.


Package fontspec Info: 
(fontspec)             latinmodern-math scale = 0.9999964596882403.


Package fontspec Info: 
(fontspec)             latinmodern-math scale = 1.000096459334209.


Package fontspec Info: 
(fontspec)             latinmodern-math scale = 0.9999964596882403.


Package fontspec Info: 
(fontspec)             latinmodern-math scale = 1.000096459334209.


Package fontspec Info: 
(fontspec)             latinmodern-math scale = 0.9999964596882403.


Package fontspec Info: 
(fontspec)             latinmodern-math scale = 1.000096459334209.


Package fontspec Info: 
(fontspec)             latinmodern-math scale = 0.9999964596882403.


Package fontspec Info: 
(fontspec)             latinmodern-math scale = 1.000096459334209.


Package fontspec Info: 
(fontspec)             Font family 'latinmodern-math.otf(2)' created for font
(fontspec)             'latinmodern-math.otf' with options
(fontspec)             [Scale=MatchLowercase,BoldItalicFont={},ItalicFont={},Sm
allCapsFont={},Script=Math,SizeFeatures={{Size=8.5-},{Size=6-8.5,Font=latinmode
rn-math.otf,Style=MathScript},{Size=-6,Font=latinmodern-math.otf,Style=MathScri
ptScript}},BoldFont={latinmodern-math.otf},ScaleAgain=1.0001,FontAdjustment={\f
ontdimen
(fontspec)             8\font =6.77pt\relax \fontdimen 9\font =3.94pt\relax
(fontspec)             \fontdimen 10\font =4.44pt\relax \fontdimen 11\font
(fontspec)             =6.86pt\relax \fontdimen 12\font =3.45pt\relax
(fontspec)             \fontdimen 13\font =3.63pt\relax \fontdimen 14\font
(fontspec)             =3.63pt\relax \fontdimen 15\font =2.89pt\relax
(fontspec)             \fontdimen 16\font =2.47pt\relax \fontdimen 17\font
(fontspec)             =2.47pt\relax \fontdimen 18\font =2.5pt\relax
(fontspec)             \fontdimen 19\font =2.0pt\relax \fontdimen 22\font
(fontspec)             =2.5pt\relax \fontdimen 20\font =0pt\relax \fontdimen
(fontspec)             21\font =0pt\relax }].
(fontspec)              
(fontspec)              This font family consists of the following NFSS
(fontspec)             series/shapes:
(fontspec)              
(fontspec)             - 'normal' (m/n) with NFSS spec.:
(fontspec)             <8.5->s*[1.000096459334209]"[latinmodern-math.otf]/OT:sc
ript=math;language=dflt;"<6-8.5>s*[1.000096459334209]"[latinmodern-math.otf]/OT
:script=math;language=dflt;+ssty=0;"<-6>s*[1.000096459334209]"[latinmodern-math
.otf]/OT:script=math;language=dflt;+ssty=1;"
(fontspec)             - 'bold' (b/n) with NFSS spec.:
(fontspec)             <->s*[1.000096459334209]"[latinmodern-math.otf]/OT:scrip
t=math;language=dflt;"

LaTeX Font Info:    Encoding `OMS' has changed to `TU' for symbol font
(Font)              `symbols' in the math version `normal' on input line 170.
LaTeX Font Info:    Overwriting symbol font `symbols' in version `normal'
(Font)                  OMS/lmsy/m/n --> TU/latinmodern-math.otf(2)/m/n on inpu
t line 170.
LaTeX Font Info:    Encoding `OMS' has changed to `TU' for symbol font
(Font)              `symbols' in the math version `bold' on input line 170.
LaTeX Font Info:    Overwriting symbol font `symbols' in version `bold'
(Font)                  OMS/lmsy/b/n --> TU/latinmodern-math.otf(2)/b/n on inpu
t line 170.

Package fontspec Info: 
(fontspec)             latinmodern-math scale = 0.9999964596882403.


Package fontspec Info: 
(fontspec)             latinmodern-math scale = 0.9998964600422715.


Package fontspec Info: 
(fontspec)             latinmodern-math scale = 0.9999964596882403.


Package fontspec Info: 
(fontspec)             latinmodern-math scale = 0.9998964600422715.


Package fontspec Info: 
(fontspec)             latinmodern-math scale = 0.9999964596882403.


Package fontspec Info: 
(fontspec)             latinmodern-math scale = 0.9998964600422715.


Package fontspec Info: 
(fontspec)             latinmodern-math scale = 0.9999964596882403.


Package fontspec Info: 
(fontspec)             latinmodern-math scale = 0.9998964600422715.


Package fontspec Info: 
(fontspec)             latinmodern-math scale = 0.9999964596882403.


Package fontspec Info: 
(fontspec)             latinmodern-math scale = 0.9998964600422715.


Package fontspec Info: 
(fontspec)             Font family 'latinmodern-math.otf(3)' created for font
(fontspec)             'latinmodern-math.otf' with options
(fontspec)             [Scale=MatchLowercase,BoldItalicFont={},ItalicFont={},Sm
allCapsFont={},Script=Math,SizeFeatures={{Size=8.5-},{Size=6-8.5,Font=latinmode
rn-math.otf,Style=MathScript},{Size=-6,Font=latinmodern-math.otf,Style=MathScri
ptScript}},BoldFont={latinmodern-math.otf},ScaleAgain=0.9999,FontAdjustment={\f
ontdimen
(fontspec)             8\font =0.4pt\relax \fontdimen 9\font =2.0pt\relax
(fontspec)             \fontdimen 10\font =1.67pt\relax \fontdimen 11\font
(fontspec)             =1.11pt\relax \fontdimen 12\font =6.0pt\relax
(fontspec)             \fontdimen 13\font =0pt\relax }].
(fontspec)              
(fontspec)              This font family consists of the following NFSS
(fontspec)             series/shapes:
(fontspec)              
(fontspec)             - 'normal' (m/n) with NFSS spec.:
(fontspec)             <8.5->s*[0.9998964600422715]"[latinmodern-math.otf]/OT:s
cript=math;language=dflt;"<6-8.5>s*[0.9998964600422715]"[latinmodern-math.otf]/
OT:script=math;language=dflt;+ssty=0;"<-6>s*[0.9998964600422715]"[latinmodern-m
ath.otf]/OT:script=math;language=dflt;+ssty=1;"
(fontspec)             - 'bold' (b/n) with NFSS spec.:
(fontspec)             <->s*[0.9998964600422715]"[latinmodern-math.otf]/OT:scri
pt=math;language=dflt;"

LaTeX Font Info:    Encoding `OMX' has changed to `TU' for symbol font
(Font)              `largesymbols' in the math version `normal' on input line 1
70.
LaTeX Font Info:    Overwriting symbol font `largesymbols' in version `normal'
(Font)                  OMX/lmex/m/n --> TU/latinmodern-math.otf(3)/m/n on inpu
t line 170.
LaTeX Font Info:    Encoding `OMX' has changed to `TU' for symbol font
(Font)              `largesymbols' in the math version `bold' on input line 170
.
LaTeX Font Info:    Overwriting symbol font `largesymbols' in version `bold'
(Font)                  OMX/lmex/m/n --> TU/latinmodern-math.otf(3)/b/n on inpu
t line 170.
Package microtype Info: Patching varwidth to enable character protrusion.
\MT@vwid@leftmargin=\dimen306
\MT@vwid@rightmargin=\dimen307
LaTeX Info: Redefining \microtypecontext on input line 170.
Package microtype Info: Applying patch `item' on input line 170.
Package microtype Info: Applying patch `toc' on input line 170.
Package microtype Info: Applying patch `eqnum' on input line 170.
Package microtype Info: Applying patch `footnote' on input line 170.
Package microtype Info: Applying patch `verbatim' on input line 170.
LaTeX Info: Redefining \microtypesetup on input line 170.
Package microtype Info: Character protrusion enabled (level 2).
Package microtype Info: Using protrusion set `basicmath'.
Package microtype Info: No adjustment of tracking.
Package microtype Info: No adjustment of spacing.
Package microtype Info: No adjustment of kerning.

(/usr/local/texlive/2026/texmf-dist/tex/latex/microtype/mt-LatinModernRoman.cfg
File: mt-LatinModernRoman.cfg 2026/02/26 v1.2 microtype config. file: Latin Mod
ern Roman (RS)
)
*geometry* driver: auto-detecting
*geometry* detected driver: xetex
*geometry* verbose mode - [ preamble ] result:
* driver: xetex
* paper: a4paper
* layout: <same size as paper>
* layoutoffset:(h,v)=(0.0pt,0.0pt)
* modes: twoside 
* h-part:(L,W,R)=(56.9055pt, 483.69687pt, 56.9055pt)
* v-part:(T,H,B)=(85.35826pt, 674.33032pt, 85.35826pt)
* \paperwidth=597.50787pt
* \paperheight=845.04684pt
* \textwidth=483.69687pt
* \textheight=674.33032pt
* \oddsidemargin=-15.36449pt
* \evensidemargin=-15.36449pt
* \topmargin=-16.97922pt
* \headheight=12.0pt
* \headsep=18.06749pt
* \topskip=10.0pt
* \footskip=25.29494pt
* \marginparwidth=125.0pt
* \marginparsep=7.0pt
* \columnsep=10.0pt
* \skip\footins=9.0pt plus 4.0pt minus 2.0pt
* \hoffset=0.0pt
* \voffset=0.0pt
* \mag=1000
* \@twocolumnfalse
* \@twosidetrue
* \@mparswitchtrue
* \@reversemarginfalse
* (1in=72.27pt=25.4mm, 1cm=28.453pt)

Package caption Info: Begin \AtBeginDocument code.
Package caption Info: hyperref package is loaded.
Package caption Info: End \AtBeginDocument code.
Package hyperref Info: Link coloring OFF on input line 170.
File: images1/logo-uel.png Graphic file (type bmp)
<images1/logo-uel.png>
File: images1/logo-uel.png Graphic file (type bmp)
<images1/logo-uel.png>
LaTeX Info: Completed page discarded.
File: images1/logo-uel.png Graphic file (type bmp)
<images1/logo-uel.png>
File: images1/logo-uel.png Graphic file (type bmp)
<images1/logo-uel.png>
File: images1/logo-uel.png Graphic file (type bmp)
<images1/logo-uel.png>
[2

]
LaTeX Font Info:    Font shape `TU/latinmodern-math.otf(1)/m/n' will be
(Font)              scaled to size 7.0pt on input line 172.
LaTeX Font Info:    Font shape `TU/latinmodern-math.otf(1)/m/n' will be
(Font)              scaled to size 5.0pt on input line 172.
LaTeX Font Info:    Trying to load font information for OML+lmm on input line 1
72.
(/usr/local/texlive/2026/texmf-dist/tex/latex/lm/omllmm.fd
File: omllmm.fd 2015/05/01 v1.6.1 Font defs for Latin Modern
)
LaTeX Font Info:    Font shape `TU/latinmodern-math.otf(2)/m/n' will be
(Font)              scaled to size 10.00092pt on input line 172.
LaTeX Font Info:    Font shape `TU/latinmodern-math.otf(2)/m/n' will be
(Font)              scaled to size 7.00064pt on input line 172.
LaTeX Font Info:    Font shape `TU/latinmodern-math.otf(2)/m/n' will be
(Font)              scaled to size 5.00046pt on input line 172.
LaTeX Font Info:    Font shape `TU/latinmodern-math.otf(3)/m/n' will be
(Font)              scaled to size 9.99893pt on input line 172.
LaTeX Font Info:    Font shape `TU/latinmodern-math.otf(3)/m/n' will be
(Font)              scaled to size 6.99925pt on input line 172.
LaTeX Font Info:    Font shape `TU/latinmodern-math.otf(3)/m/n' will be
(Font)              scaled to size 4.99947pt on input line 172.
LaTeX Font Info:    Trying to load font information for U+msa on input line 172
.
(/usr/local/texlive/2026/texmf-dist/tex/latex/amsfonts/umsa.fd
File: umsa.fd 2013/01/14 v3.01 AMS symbols A
) (/usr/local/texlive/2026/texmf-dist/tex/latex/microtype/mt-msa.cfg
File: mt-msa.cfg 2006/02/04 v1.1 microtype config. file: AMS symbols (a) (RS)
)
LaTeX Font Info:    Trying to load font information for U+msb on input line 172
.
(/usr/local/texlive/2026/texmf-dist/tex/latex/amsfonts/umsb.fd
File: umsb.fd 2013/01/14 v3.01 AMS symbols B
) (/usr/local/texlive/2026/texmf-dist/tex/latex/microtype/mt-msb.cfg
File: mt-msb.cfg 2005/06/01 v1.0 microtype config. file: AMS symbols (b) (RS)
)
LaTeX Font Info:    Font shape `TU/latinmodern-math.otf(1)/m/n' will be
(Font)              scaled to size 12.0pt on input line 172.
LaTeX Font Info:    Font shape `TU/latinmodern-math.otf(1)/m/n' will be
(Font)              scaled to size 8.0pt on input line 172.
LaTeX Font Info:    Font shape `TU/latinmodern-math.otf(1)/m/n' will be
(Font)              scaled to size 6.0pt on input line 172.
LaTeX Font Info:    Font shape `TU/latinmodern-math.otf(2)/m/n' will be
(Font)              scaled to size 12.0011pt on input line 172.
LaTeX Font Info:    Font shape `TU/latinmodern-math.otf(2)/m/n' will be
(Font)              scaled to size 8.00073pt on input line 172.
LaTeX Font Info:    Font shape `TU/latinmodern-math.otf(2)/m/n' will be
(Font)              scaled to size 6.00055pt on input line 172.
LaTeX Font Info:    Font shape `TU/latinmodern-math.otf(3)/m/n' will be
(Font)              scaled to size 11.99872pt on input line 172.
LaTeX Font Info:    Font shape `TU/latinmodern-math.otf(3)/m/n' will be
(Font)              scaled to size 7.99915pt on input line 172.
LaTeX Font Info:    Font shape `TU/latinmodern-math.otf(3)/m/n' will be
(Font)              scaled to size 5.99936pt on input line 172.
[3] [4

] (./apostila.toc [5] [6] [7])
\tf@toc=\write4
\openout4 = `apostila.toc'.

[8] [9

] [10

]
Módulo 1.

Underfull \hbox (badness 10000) in paragraph at lines 182--183

 []


Underfull \hbox (badness 10000) in paragraph at lines 186--187

 []


Underfull \hbox (badness 10000) in paragraph at lines 188--189

 []


Underfull \hbox (badness 10000) in paragraph at lines 192--193

 []


Underfull \hbox (badness 10000) in paragraph at lines 199--200

 []

File: images1/domesday.jpg Graphic file (type bmp)
<images1/domesday.jpg>

Underfull \hbox (badness 10000) in paragraph at lines 210--211

 []


Underfull \hbox (badness 10000) in paragraph at lines 214--215

 []


Underfull \hbox (badness 10000) in paragraph at lines 223--224

 []

[11] [12]
Underfull \hbox (badness 10000) in paragraph at lines 227--228

 []

File: images1/Hermann_Conring.jpg Graphic file (type bmp)
<images1/Hermann_Conring.jpg>

Underfull \hbox (badness 10000) in paragraph at lines 238--239

 []


Underfull \hbox (badness 10000) in paragraph at lines 242--243

 []

File: images1/microscopium.jpeg Graphic file (type bmp)
<images1/microscopium.jpeg>

Underfull \hbox (badness 10000) in paragraph at lines 253--254

 []


Underfull \hbox (badness 10000) in paragraph at lines 257--258

 []

File: images1/peter.jpg Graphic file (type bmp)
<images1/peter.jpg>

Underfull \hbox (badness 10000) in paragraph at lines 268--269

 []


Underfull \hbox (badness 10000) in paragraph at lines 272--273

 []

File: images1/gottfried.jpg Graphic file (type bmp)
<images1/gottfried.jpg>

Underfull \hbox (badness 10000) in paragraph at lines 283--284

 []


Underfull \hbox (badness 10000) in paragraph at lines 287--288

 []

File: images1/hooper.jpg Graphic file (type bmp)
<images1/hooper.jpg>

Underfull \hbox (badness 10000) in paragraph at lines 298--299

 []


Overfull \hbox (201.58218pt too wide) has occurred while \output is active
\TU/lmr/m/sl/10 1.1.  DIFERENTES USOS RELACIONADOS AO TERMO, PRIMEIROS LEVANTAM
ENTOS, ESTUDOS E PUBLICAÇÕES (O PASSADO DISTANTE) \TU/lmr/m/n/10 13
 []

[13] [14]
Overfull \hbox (201.58218pt too wide) has occurred while \output is active
\TU/lmr/m/sl/10 1.1.  DIFERENTES USOS RELACIONADOS AO TERMO, PRIMEIROS LEVANTAM
ENTOS, ESTUDOS E PUBLICAÇÕES (O PASSADO DISTANTE) \TU/lmr/m/n/10 15
 []

[15] [16]
Overfull \hbox (201.58218pt too wide) has occurred while \output is active
\TU/lmr/m/sl/10 1.1.  DIFERENTES USOS RELACIONADOS AO TERMO, PRIMEIROS LEVANTAM
ENTOS, ESTUDOS E PUBLICAÇÕES (O PASSADO DISTANTE) \TU/lmr/m/n/10 17
 []

[17] [18]
Underfull \hbox (badness 10000) in paragraph at lines 302--303

 []

File: images1/petty.jpg Graphic file (type bmp)
<images1/petty.jpg>

Underfull \hbox (badness 10000) in paragraph at lines 313--314

 []


Underfull \hbox (badness 10000) in paragraph at lines 317--318

 []


Underfull \hbox (badness 10000) in paragraph at lines 321--322

 []

File: images1/graunt.png Graphic file (type bmp)
<images1/graunt.png>

Underfull \hbox (badness 10000) in paragraph at lines 332--333

 []


Underfull \hbox (badness 10000) in paragraph at lines 336--337

 []

File: images1/halley.png Graphic file (type bmp)
<images1/halley.png>

Underfull \hbox (badness 10000) in paragraph at lines 347--348

 []


Underfull \hbox (badness 10000) in paragraph at lines 351--352

 []

File: images1/sinclair.jpg Graphic file (type bmp)
<images1/sinclair.jpg>

Underfull \hbox (badness 10000) in paragraph at lines 362--363

 []


Underfull \hbox (badness 10000) in paragraph at lines 367--368

 []

File: images1/vauban.jpeg Graphic file (type bmp)
<images1/vauban.jpeg>

Underfull \hbox (badness 10000) in paragraph at lines 378--379

 []


Underfull \hbox (badness 10000) in paragraph at lines 382--383

 []


Overfull \hbox (201.58218pt too wide) has occurred while \output is active
\TU/lmr/m/sl/10 1.1.  DIFERENTES USOS RELACIONADOS AO TERMO, PRIMEIROS LEVANTAM
ENTOS, ESTUDOS E PUBLICAÇÕES (O PASSADO DISTANTE) \TU/lmr/m/n/10 19
 []

[19] [20]
Overfull \hbox (201.58218pt too wide) has occurred while \output is active
\TU/lmr/m/sl/10 1.1.  DIFERENTES USOS RELACIONADOS AO TERMO, PRIMEIROS LEVANTAM
ENTOS, ESTUDOS E PUBLICAÇÕES (O PASSADO DISTANTE) \TU/lmr/m/n/10 21
 []

[21]
File: images1/london-1854-snow.jpg Graphic file (type bmp)
<images1/london-1854-snow.jpg>

Underfull \hbox (badness 10000) in paragraph at lines 395--396

 []


Underfull \hbox (badness 10000) in paragraph at lines 399--400

 []

File: images1/priestley-timechart-1765.jpg Graphic file (type bmp)
<images1/priestley-timechart-1765.jpg>

Underfull \hbox (badness 10000) in paragraph at lines 410--411

 []


Underfull \hbox (badness 10000) in paragraph at lines 422--423

 []

File: images1/playfair-barchart-1786.jpg Graphic file (type bmp)
<images1/playfair-barchart-1786.jpg>

Underfull \hbox (badness 10000) in paragraph at lines 433--434

 []

File: images1/playfair-piechart-1801.jpg Graphic file (type bmp)
<images1/playfair-piechart-1801.jpg>

Underfull \hbox (badness 10000) in paragraph at lines 444--445

 []

[22] [23] [24] [25]
Underfull \hbox (badness 10000) in paragraph at lines 448--449

 []

File: images1/florence-rose-diagram.jpg Graphic file (type bmp)
<images1/florence-rose-diagram.jpg>

Underfull \hbox (badness 10000) in paragraph at lines 459--460

 []

File: images1/florence-barr.jpg Graphic file (type bmp)
<images1/florence-barr.jpg>

Underfull \hbox (badness 10000) in paragraph at lines 470--471

 []


Underfull \hbox (badness 10000) in paragraph at lines 474--475

 []


Underfull \hbox (badness 10000) in paragraph at lines 478--479

 []

[26] [27] [28]
Underfull \hbox (badness 10000) in paragraph at lines 536--537

 []


Underfull \hbox (badness 10000) in paragraph at lines 540--541

 []


Underfull \hbox (badness 10000) in paragraph at lines 546--547

 []

[29]
Underfull \hbox (badness 10000) in paragraph at lines 550--551

 []


Underfull \hbox (badness 10000) in paragraph at lines 554--555

 []


Underfull \hbox (badness 10000) in paragraph at lines 558--559

 []


Underfull \hbox (badness 10000) in paragraph at lines 563--564

 []


Underfull \hbox (badness 10000) in paragraph at lines 567--568

 []


Underfull \hbox (badness 10000) in paragraph at lines 571--572

 []


Underfull \hbox (badness 10000) in paragraph at lines 575--576

 []


Underfull \hbox (badness 10000) in paragraph at lines 579--580

 []


Underfull \hbox (badness 10000) in paragraph at lines 583--584

 []

[30]
Underfull \hbox (badness 10000) in paragraph at lines 589--590

 []


Underfull \hbox (badness 10000) in paragraph at lines 593--594

 []


Underfull \hbox (badness 10000) in paragraph at lines 597--598

 []

File: images1/chart_pedigree_allergy2.jpg Graphic file (type bmp)
<images1/chart_pedigree_allergy2.jpg>

Underfull \hbox (badness 10000) in paragraph at lines 608--609

 []

File: images1/chart_pedigree_music2 (1).jpg Graphic file (type bmp)
<images1/chart_pedigree_music2 (1).jpg>

Underfull \hbox (badness 10000) in paragraph at lines 619--620

 []

File: images1/chart_Kallikak_pedigree2.jpg Graphic file (type bmp)
<images1/chart_Kallikak_pedigree2.jpg>

Underfull \hbox (badness 10000) in paragraph at lines 630--631

 []

File: images1/VA_racial_integrity_act2.jpg Graphic file (type bmp)
<images1/VA_racial_integrity_act2.jpg>

Underfull \hbox (badness 10000) in paragraph at lines 641--642

 []

File: images1/choosing_love_over_eugenics.jpeg Graphic file (type bmp)
<images1/choosing_love_over_eugenics.jpeg>

Underfull \hbox (badness 10000) in paragraph at lines 652--653

 []


Underfull \hbox (badness 10000) in paragraph at lines 656--657

 []

File: images4/statData.png Graphic file (type bmp)
<images4/statData.png>
[31] [32] [33]
Underfull \hbox (badness 10000) in paragraph at lines 667--668

 []


Underfull \hbox (badness 10000) in paragraph at lines 671--672

 []


Underfull \hbox (badness 10000) in paragraph at lines 675--676

 []


Underfull \hbox (badness 10000) in paragraph at lines 679--680

 []


Underfull \hbox (badness 10000) in paragraph at lines 683--684

 []

[34]
Underfull \hbox (badness 10000) in paragraph at lines 687--688

 []


Underfull \hbox (badness 10000) in paragraph at lines 691--692

 []

[35] [36

]
Módulo 2.

Underfull \hbox (badness 10000) in paragraph at lines 697--698

 []


Underfull \hbox (badness 10000) in paragraph at lines 701--702

 []


Underfull \hbox (badness 10000) in paragraph at lines 703--704

 []


Underfull \hbox (badness 10000) in paragraph at lines 709--710

 []


Underfull \hbox (badness 10000) in paragraph at lines 723--724

 []

[37]
Underfull \hbox (badness 10000) in paragraph at lines 803--804

 []

File: images2/amostragem.jpeg Graphic file (type bmp)
<images2/amostragem.jpeg>

Underfull \hbox (badness 10000) in paragraph at lines 814--815

 []


Underfull \hbox (badness 10000) in paragraph at lines 818--819

 []


Underfull \hbox (badness 10000) in paragraph at lines 824--825

 []

[38]
Underfull \hbox (badness 10000) in paragraph at lines 828--829

 []


Underfull \hbox (badness 10000) in paragraph at lines 846--849

 []


Underfull \hbox (badness 10000) in paragraph at lines 846--849

 []


Underfull \hbox (badness 10000) in paragraph at lines 846--849

 []

File: images2/amostragem2.jpg Graphic file (type bmp)
<images2/amostragem2.jpg>

Underfull \hbox (badness 10000) in paragraph at lines 859--862

 []


Underfull \hbox (badness 10000) in paragraph at lines 859--862

 []


Underfull \hbox (badness 10000) in paragraph at lines 859--862

 []

File: images2/alf_grego.pdf Graphic file (type pdf)
<use images2/alf_grego.pdf>

Underfull \hbox (badness 10000) in paragraph at lines 874--875

 []


Overfull \vbox (243.78052pt too high) has occurred while \output is active []


Overfull \vbox (243.78052pt too high) has occurred while \output is active []

[39]
Underfull \hbox (badness 10000) in paragraph at lines 876--877

 []


Underfull \hbox (badness 10000) in paragraph at lines 886--887

 []


Underfull \hbox (badness 10000) in paragraph at lines 890--891

 []


Underfull \hbox (badness 10000) in paragraph at lines 900--901

 []


Underfull \hbox (badness 10000) in paragraph at lines 904--905

 []

File: images2/tipos_variaveis.pdf Graphic file (type pdf)
<use images2/tipos_variaveis.pdf>
LaTeX Font Info:    Font shape `TU/latinmodern-math.otf(1)/m/n' will be
(Font)              scaled to size 14.4pt on input line 923.
LaTeX Font Info:    Font shape `TU/latinmodern-math.otf(2)/m/n' will be
(Font)              scaled to size 14.4013pt on input line 923.
LaTeX Font Info:    Font shape `TU/latinmodern-math.otf(3)/m/n' will be
(Font)              scaled to size 14.39845pt on input line 923.

Underfull \hbox (badness 10000) in paragraph at lines 925--926

 []

[40]
Underfull \hbox (badness 10000) in paragraph at lines 929--930

 []

File: images2/vetor_posicao.jpg Graphic file (type bmp)
<images2/vetor_posicao.jpg>

Underfull \hbox (badness 10000) in paragraph at lines 942--943

 []


Underfull \vbox (badness 10000) has occurred while \output is active []


Underfull \vbox (badness 10000) has occurred while \output is active []

[41]
Underfull \hbox (badness 10000) in paragraph at lines 946--947

 []


Underfull \hbox (badness 10000) in paragraph at lines 950--951

 []


Underfull \hbox (badness 10000) in paragraph at lines 954--955

 []


Underfull \hbox (badness 10000) in paragraph at lines 958--959

 []


Underfull \hbox (badness 10000) in paragraph at lines 964--965

 []


Underfull \hbox (badness 10000) in paragraph at lines 968--969

 []


Underfull \hbox (badness 10000) in paragraph at lines 974--975

 []


Underfull \hbox (badness 10000) in paragraph at lines 978--979

 []


Underfull \hbox (badness 10000) in paragraph at lines 984--985

 []


Underfull \hbox (badness 10000) in paragraph at lines 988--989

 []

[42]
Underfull \hbox (badness 10000) in paragraph at lines 992--993

 []


Underfull \hbox (badness 10000) in paragraph at lines 996--997

 []


Underfull \hbox (badness 10000) in paragraph at lines 1002--1003

 []


Underfull \hbox (badness 10000) in paragraph at lines 1006--1007

 []


Underfull \hbox (badness 10000) in paragraph at lines 1010--1011

 []


Underfull \hbox (badness 10000) in paragraph at lines 1014--1015

 []


Underfull \hbox (badness 10000) in paragraph at lines 1020--1021

 []


Underfull \hbox (badness 10000) in paragraph at lines 1024--1025

 []


Underfull \hbox (badness 10000) in paragraph at lines 1028--1029

 []


Underfull \hbox (badness 10000) in paragraph at lines 1032--1033

 []


Underfull \hbox (badness 10000) in paragraph at lines 1038--1039

 []

[43]
Underfull \hbox (badness 10000) in paragraph at lines 1042--1043

 []


Underfull \hbox (badness 10000) in paragraph at lines 1048--1049

 []


Underfull \hbox (badness 10000) in paragraph at lines 1052--1053

 []


Underfull \hbox (badness 10000) in paragraph at lines 1056--1057

 []


Underfull \hbox (badness 10000) in paragraph at lines 1060--1061

 []


Underfull \hbox (badness 10000) in paragraph at lines 1066--1067

 []


Underfull \hbox (badness 10000) in paragraph at lines 1070--1071

 []


Underfull \hbox (badness 10000) in paragraph at lines 1074--1075

 []


Underfull \hbox (badness 10000) in paragraph at lines 1078--1079

 []

LaTeX Font Info:    Font shape `TU/lmtt/bx/n' in size <10> not available
(Font)              Font shape `TU/lmtt/b/n' tried instead on input line 1082.
[44]
Underfull \hbox (badness 10000) in paragraph at lines 1153--1154

 []


Underfull \hbox (badness 10000) in paragraph at lines 1157--1158

 []


Underfull \hbox (badness 10000) in paragraph at lines 1161--1162

 []


Underfull \hbox (badness 10000) in paragraph at lines 1165--1166

 []

[45]
File: images2/enumeracaoMultiplicacao.png Graphic file (type bmp)
<images2/enumeracaoMultiplicacao.png>

Underfull \hbox (badness 10000) in paragraph at lines 1176--1177

 []


Underfull \hbox (badness 10000) in paragraph at lines 1182--1183

 []


Underfull \hbox (badness 10000) in paragraph at lines 1186--1187

 []


Underfull \hbox (badness 10000) in paragraph at lines 1190--1191

 []

File: images4/diagrama_arvore.jpg Graphic file (type bmp)
<images4/diagrama_arvore.jpg>

Underfull \hbox (badness 10000) in paragraph at lines 1201--1202

 []


Underfull \hbox (badness 10000) in paragraph at lines 1205--1206

 []


Underfull \hbox (badness 10000) in paragraph at lines 1209--1210

 []

File: images4/diagrama_arvore_moeda.jpg Graphic file (type bmp)
<images4/diagrama_arvore_moeda.jpg>

Underfull \hbox (badness 10000) in paragraph at lines 1220--1221

 []

[46] [47]
Underfull \hbox (badness 10000) in paragraph at lines 1224--1225

 []


Underfull \hbox (badness 10000) in paragraph at lines 1228--1229

 []

File: images2/enumeracaoAdicao.png Graphic file (type bmp)
<images2/enumeracaoAdicao.png>

Underfull \hbox (badness 10000) in paragraph at lines 1239--1240

 []


Underfull \hbox (badness 10000) in paragraph at lines 1245--1246

 []

[48]
Underfull \hbox (badness 10000) in paragraph at lines 1249--1250

 []


Underfull \hbox (badness 10000) in paragraph at lines 1253--1254

 []


Underfull \hbox (badness 10000) in paragraph at lines 1259--1260

 []


Underfull \hbox (badness 10000) in paragraph at lines 1263--1264

 []


Underfull \hbox (badness 10000) in paragraph at lines 1267--1268

 []


Underfull \hbox (badness 10000) in paragraph at lines 1269--1270

 []


Underfull \hbox (badness 10000) in paragraph at lines 1273--1274

 []


Underfull \hbox (badness 10000) in paragraph at lines 1279--1280

 []


Underfull \hbox (badness 10000) in paragraph at lines 1285--1286

 []


Underfull \hbox (badness 10000) in paragraph at lines 1289--1290

 []


Underfull \hbox (badness 10000) in paragraph at lines 1295--1296

 []


Underfull \hbox (badness 10000) in paragraph at lines 1299--1300

 []

[49]
Underfull \hbox (badness 10000) in paragraph at lines 1307--1308

 []


Underfull \hbox (badness 10000) in paragraph at lines 1317--1318

 []


Underfull \hbox (badness 10000) in paragraph at lines 1327--1328

 []


Underfull \hbox (badness 10000) in paragraph at lines 1331--1332

 []


Underfull \hbox (badness 10000) in paragraph at lines 1335--1336

 []


Underfull \hbox (badness 10000) in paragraph at lines 1343--1344

 []


Underfull \hbox (badness 10000) in paragraph at lines 1347--1348

 []


Underfull \hbox (badness 10000) in paragraph at lines 1351--1352

 []


Underfull \hbox (badness 10000) in paragraph at lines 1357--1358

 []

[50]
Underfull \hbox (badness 10000) in paragraph at lines 1368--1369

 []


Underfull \hbox (badness 10000) in paragraph at lines 1372--1373

 []


Underfull \hbox (badness 10000) in paragraph at lines 1376--1377

 []


Underfull \hbox (badness 10000) in paragraph at lines 1380--1381

 []


Underfull \hbox (badness 10000) in paragraph at lines 1384--1385

 []


Underfull \hbox (badness 10000) in paragraph at lines 1388--1389

 []


Underfull \hbox (badness 10000) in paragraph at lines 1392--1393

 []


Underfull \hbox (badness 10000) in paragraph at lines 1396--1397

 []


Underfull \hbox (badness 10000) in paragraph at lines 1402--1403

 []

[51]
Underfull \hbox (badness 10000) in paragraph at lines 1408--1409

 []


Underfull \hbox (badness 10000) in paragraph at lines 1417--1418

 []


Underfull \hbox (badness 10000) in paragraph at lines 1423--1424

 []


Underfull \hbox (badness 10000) in paragraph at lines 1427--1428

 []


Underfull \hbox (badness 10000) in paragraph at lines 1431--1432

 []


Underfull \hbox (badness 10000) in paragraph at lines 1435--1436

 []


Underfull \hbox (badness 10000) in paragraph at lines 1439--1440

 []


Underfull \hbox (badness 10000) in paragraph at lines 1443--1444

 []


Underfull \hbox (badness 10000) in paragraph at lines 1455--1456

 []

[52]
Underfull \hbox (badness 10000) in paragraph at lines 1459--1460

 []


Underfull \hbox (badness 10000) in paragraph at lines 1463--1464

 []


Underfull \hbox (badness 10000) in paragraph at lines 1467--1468

 []


Underfull \hbox (badness 10000) in paragraph at lines 1471--1472

 []


Underfull \hbox (badness 10000) in paragraph at lines 1477--1478

 []


Underfull \hbox (badness 10000) in paragraph at lines 1489--1490

 []


Underfull \hbox (badness 10000) in paragraph at lines 1493--1494

 []


Underfull \hbox (badness 10000) in paragraph at lines 1499--1500

 []


Underfull \hbox (badness 10000) in paragraph at lines 1505--1506

 []

[53]
Underfull \hbox (badness 10000) in paragraph at lines 1517--1518

 []


Underfull \hbox (badness 10000) in paragraph at lines 1523--1524

 []


Underfull \hbox (badness 10000) in paragraph at lines 1536--1537

 []


Underfull \hbox (badness 10000) in paragraph at lines 1544--1545

 []


Underfull \hbox (badness 10000) in paragraph at lines 1548--1549

 []


Underfull \hbox (badness 10000) in paragraph at lines 1554--1555

 []

[54]
Underfull \hbox (badness 10000) in paragraph at lines 1560--1561

 []


Underfull \hbox (badness 10000) in paragraph at lines 1564--1565

 []


Underfull \hbox (badness 10000) in paragraph at lines 1570--1571

 []


Underfull \hbox (badness 10000) in paragraph at lines 1574--1575

 []


Underfull \hbox (badness 10000) in paragraph at lines 1578--1579

 []


Underfull \hbox (badness 10000) in paragraph at lines 1582--1583

 []


Underfull \hbox (badness 10000) in paragraph at lines 1586--1587

 []


Underfull \hbox (badness 10000) in paragraph at lines 1590--1591

 []


Underfull \hbox (badness 10000) in paragraph at lines 1594--1595

 []


Underfull \hbox (badness 10000) in paragraph at lines 1598--1599

 []


Underfull \hbox (badness 10000) in paragraph at lines 1602--1603

 []

[55]
Underfull \hbox (badness 10000) in paragraph at lines 1606--1607

 []


Underfull \hbox (badness 10000) in paragraph at lines 1610--1611

 []


Underfull \hbox (badness 10000) in paragraph at lines 1617--1618

 []


Underfull \hbox (badness 10000) in paragraph at lines 1621--1622

 []


Underfull \hbox (badness 10000) in paragraph at lines 1627--1628

 []


Underfull \hbox (badness 10000) in paragraph at lines 1631--1632

 []


Underfull \hbox (badness 10000) in paragraph at lines 1637--1638

 []


Underfull \hbox (badness 10000) in paragraph at lines 1647--1648

 []

[56]
Underfull \hbox (badness 10000) in paragraph at lines 1653--1654

 []


Underfull \hbox (badness 10000) in paragraph at lines 1662--1663

 []


Underfull \hbox (badness 10000) in paragraph at lines 1678--1679

 []


Underfull \hbox (badness 10000) in paragraph at lines 1692--1693

 []

[57]
Underfull \hbox (badness 10000) in paragraph at lines 1710--1711

 []

File: images4/de_morgan.jpg Graphic file (type bmp)
<images4/de_morgan.jpg>

Underfull \hbox (badness 10000) in paragraph at lines 1721--1722

 []


Underfull \hbox (badness 10000) in paragraph at lines 1725--1726

 []


Underfull \hbox (badness 10000) in paragraph at lines 1729--1730

 []


Underfull \hbox (badness 10000) in paragraph at lines 1734--1736

 []


Underfull \hbox (badness 10000) in paragraph at lines 1739--1740

 []


Underfull \hbox (badness 10000) in paragraph at lines 1743--1744

 []

[58]
Underfull \hbox (badness 10000) in paragraph at lines 1747--1748

 []


Underfull \hbox (badness 10000) in paragraph at lines 1752--1754

 []

[59]
File: images2/calculadora_cassio.jpg Graphic file (type bmp)
<images2/calculadora_cassio.jpg>

LaTeX Warning: Float too large for page by 35.59454pt on input line 1910.


Underfull \hbox (badness 10000) in paragraph at lines 1914--1915

 []


Underfull \hbox (badness 10000) in paragraph at lines 1920--1921

 []

[60] [61]
Underfull \hbox (badness 10000) in paragraph at lines 1954--1955

 []


Underfull \hbox (badness 10000) in paragraph at lines 1958--1959

 []


Underfull \hbox (badness 10000) in paragraph at lines 1962--1963

 []


Underfull \hbox (badness 10000) in paragraph at lines 1968--1969

 []

[62]
Underfull \hbox (badness 10000) in paragraph at lines 1972--1973

 []


Underfull \hbox (badness 10000) in paragraph at lines 1976--1977

 []

[63] [64

]
Módulo 3.

Underfull \hbox (badness 10000) in paragraph at lines 1992--1993

 []


Underfull \hbox (badness 10000) in paragraph at lines 1996--1997

 []


Underfull \hbox (badness 10000) in paragraph at lines 1998--1999

 []


Underfull \hbox (badness 10000) in paragraph at lines 2002--2003

 []


Underfull \hbox (badness 10000) in paragraph at lines 2008--2009

 []


Underfull \hbox (badness 10000) in paragraph at lines 2012--2013

 []


Underfull \hbox (badness 10000) in paragraph at lines 2016--2017

 []

File: images3/tukey.jpeg Graphic file (type bmp)
<images3/tukey.jpeg>

Underfull \hbox (badness 10000) in paragraph at lines 2027--2028

 []

[65] [66]
Underfull \hbox (badness 10000) in paragraph at lines 2063--2064

 []


Underfull \hbox (badness 10000) in paragraph at lines 2069--2070

 []


Underfull \hbox (badness 10000) in paragraph at lines 2073--2074

 []


Underfull \hbox (badness 10000) in paragraph at lines 2077--2078

 []


Underfull \hbox (badness 10000) in paragraph at lines 2081--2082

 []


Underfull \hbox (badness 10000) in paragraph at lines 2085--2086

 []


Underfull \hbox (badness 10000) in paragraph at lines 2094--2095

 []

[67]
Underfull \hbox (badness 10000) in paragraph at lines 2100--2101

 []


Underfull \hbox (badness 10000) in paragraph at lines 2104--2105

 []


Underfull \hbox (badness 10000) in paragraph at lines 2108--2109

 []


Underfull \hbox (badness 10000) in paragraph at lines 2117--2118

 []


Underfull \hbox (badness 10000) in paragraph at lines 2121--2122

 []


Underfull \hbox (badness 10000) in paragraph at lines 2131--2132

 []


Underfull \hbox (badness 10000) in paragraph at lines 2147--2148

 []


Underfull \hbox (badness 10000) in paragraph at lines 2151--2152

 []


Underfull \hbox (badness 10000) in paragraph at lines 2155--2156

 []

[68]
Underfull \hbox (badness 10000) in paragraph at lines 2175--2176

 []


Underfull \hbox (badness 10000) in paragraph at lines 2183--2184

 []


Underfull \hbox (badness 10000) in paragraph at lines 2187--2188

 []


Underfull \hbox (badness 10000) in paragraph at lines 2191--2192

 []


Underfull \hbox (badness 10000) in paragraph at lines 2195--2196

 []

File: images3/bias_variance.jpg Graphic file (type bmp)
<images3/bias_variance.jpg>

Underfull \hbox (badness 10000) in paragraph at lines 2206--2207

 []

[69]
Underfull \hbox (badness 10000) in paragraph at lines 2216--2217

 []


Underfull \hbox (badness 10000) in paragraph at lines 2220--2221

 []


Underfull \hbox (badness 10000) in paragraph at lines 2226--2227

 []


Underfull \hbox (badness 10000) in paragraph at lines 2230--2231

 []


Underfull \hbox (badness 10000) in paragraph at lines 2238--2239

 []

File: apostila_files/figure-latex/unnamed-chunk-23-1.pdf Graphic file (type pdf
)
<use apostila_files/figure-latex/unnamed-chunk-23-1.pdf>

Underfull \hbox (badness 10000) in paragraph at lines 2249--2250

 []

[70]
Underfull \hbox (badness 10000) in paragraph at lines 2257--2258

 []

File: apostila_files/figure-latex/unnamed-chunk-24-1.pdf Graphic file (type pdf
)
<use apostila_files/figure-latex/unnamed-chunk-24-1.pdf>

Underfull \hbox (badness 10000) in paragraph at lines 2268--2269

 []


Underfull \hbox (badness 10000) in paragraph at lines 2282--2283

 []


Underfull \hbox (badness 10000) in paragraph at lines 2286--2287

 []


Underfull \hbox (badness 10000) in paragraph at lines 2294--2295

 []


Underfull \hbox (badness 10000) in paragraph at lines 2298--2299

 []

[71]
Underfull \hbox (badness 10000) in paragraph at lines 2312--2313

 []

File: apostila_files/figure-latex/unnamed-chunk-26-1.pdf Graphic file (type pdf
)
<use apostila_files/figure-latex/unnamed-chunk-26-1.pdf>

Underfull \hbox (badness 10000) in paragraph at lines 2330--2331

 []


Underfull \hbox (badness 10000) in paragraph at lines 2334--2335

 []

[72]
Underfull \hbox (badness 10000) in paragraph at lines 2356--2357

 []


Underfull \hbox (badness 10000) in paragraph at lines 2360--2361

 []


Underfull \hbox (badness 10000) in paragraph at lines 2364--2365

 []

Missing character: There is no ê ("EA) in font lmmi7!

Underfull \hbox (badness 10000) in paragraph at lines 2390--2391

 []


Underfull \hbox (badness 10000) in paragraph at lines 2394--2395

 []


Underfull \hbox (badness 10000) in paragraph at lines 2398--2399

 []


Underfull \hbox (badness 10000) in paragraph at lines 2404--2405

 []


Underfull \hbox (badness 10000) in paragraph at lines 2408--2409

 []

[73]
Underfull \hbox (badness 10000) in paragraph at lines 2412--2413

 []


Underfull \hbox (badness 10000) in paragraph at lines 2416--2417

 []


Underfull \hbox (badness 10000) in paragraph at lines 2425--2426

 []


Underfull \hbox (badness 10000) in paragraph at lines 2429--2430

 []


Underfull \hbox (badness 10000) in paragraph at lines 2435--2436

 []


Underfull \hbox (badness 10000) in paragraph at lines 2439--2440

 []


Underfull \hbox (badness 10000) in paragraph at lines 2445--2446

 []


Underfull \hbox (badness 10000) in paragraph at lines 2449--2450

 []


Underfull \hbox (badness 10000) in paragraph at lines 2455--2456

 []


Underfull \hbox (badness 10000) in paragraph at lines 2459--2460

 []

[74]
Underfull \hbox (badness 10000) in paragraph at lines 2463--2464

 []


Underfull \hbox (badness 10000) in paragraph at lines 2465--2466

 []

File: apostila_files/figure-latex/unnamed-chunk-29-1.pdf Graphic file (type pdf
)
<use apostila_files/figure-latex/unnamed-chunk-29-1.pdf>

Underfull \hbox (badness 10000) in paragraph at lines 2482--2483

 []

File: apostila_files/figure-latex/unnamed-chunk-30-1.pdf Graphic file (type pdf
)
<use apostila_files/figure-latex/unnamed-chunk-30-1.pdf>

Underfull \hbox (badness 10000) in paragraph at lines 2493--2494

 []


Underfull \hbox (badness 10000) in paragraph at lines 2497--2498

 []


Underfull \hbox (badness 10000) in paragraph at lines 2503--2504

 []

[75]
Underfull \hbox (badness 10000) in paragraph at lines 2507--2508

 []


Underfull \hbox (badness 10000) in paragraph at lines 2511--2512

 []


Underfull \hbox (badness 10000) in paragraph at lines 2523--2524

 []


Underfull \hbox (badness 10000) in paragraph at lines 2535--2536

 []


Overfull \hbox (230.30313pt too wide) in paragraph at lines 2539--2539
[]\TU/lmtt/m/n/10 ## [1] "A variância das medidas das alturas dos 60 estudantes
 adicionada de 0.05 (k) é: 0.0131 , igual à variância sem a adição: 0.0131"[] 
 []

[76]
Overfull \hbox (466.55313pt too wide) in paragraph at lines 2543--2543
[]\TU/lmtt/m/n/10 ## [1] "A variância das medidas das alturas dos 60 estudantes
 multiplicadas por k=1,20 é: 0.0188 , igual à variância original multiplicada p
elo quadrado dessa constante (k): 0.0188"[] 
 []


Overfull \hbox (419.30313pt too wide) in paragraph at lines 2547--2547
[]\TU/lmtt/m/n/10 ## [1] "A variância das medidas das alturas dos 60 estudantes
 dividida por k=1,20 é: 0.0091 , igual à variância original dividida pelo quadr
ado dessa constante (k): 0.0091"[] 
 []


Underfull \hbox (badness 10000) in paragraph at lines 2551--2552

 []


Underfull \hbox (badness 10000) in paragraph at lines 2555--2556

 []


Underfull \hbox (badness 10000) in paragraph at lines 2561--2562

 []


Underfull \hbox (badness 10000) in paragraph at lines 2581--2582

 []


Underfull \hbox (badness 10000) in paragraph at lines 2585--2586

 []


Underfull \hbox (badness 10000) in paragraph at lines 2589--2590

 []


Underfull \hbox (badness 10000) in paragraph at lines 2593--2594

 []


Underfull \hbox (badness 10000) in paragraph at lines 2597--2598

 []

File: images3/vetor_posicao.pdf Graphic file (type pdf)
<use images3/vetor_posicao.pdf>

Underfull \hbox (badness 10000) in paragraph at lines 2608--2609

 []


Underfull \hbox (badness 10000) in paragraph at lines 2612--2613

 []

[77]
Underfull \hbox (badness 10000) in paragraph at lines 2616--2617

 []


Underfull \hbox (badness 10000) in paragraph at lines 2620--2621

 []


Underfull \hbox (badness 10000) in paragraph at lines 2625--2627

 []


Underfull \hbox (badness 10000) in paragraph at lines 2632--2633

 []


Underfull \hbox (badness 10000) in paragraph at lines 2636--2637

 []


Underfull \hbox (badness 10000) in paragraph at lines 2640--2641

 []


Underfull \hbox (badness 10000) in paragraph at lines 2652--2653

 []


Underfull \hbox (badness 10000) in paragraph at lines 2656--2657

 []

[78]
Underfull \hbox (badness 10000) in paragraph at lines 2662--2663

 []


Underfull \hbox (badness 10000) in paragraph at lines 2666--2667

 []


Underfull \hbox (badness 10000) in paragraph at lines 2670--2671

 []


Underfull \hbox (badness 10000) in paragraph at lines 2676--2677

 []


Underfull \hbox (badness 10000) in paragraph at lines 2680--2681

 []


Underfull \hbox (badness 10000) in paragraph at lines 2684--2685

 []


Underfull \hbox (badness 10000) in paragraph at lines 2688--2689

 []


Underfull \hbox (badness 10000) in paragraph at lines 2693--2694

 []


Underfull \hbox (badness 10000) in paragraph at lines 2715--2716

 []

[79]
Underfull \hbox (badness 10000) in paragraph at lines 2719--2720

 []


Underfull \hbox (badness 10000) in paragraph at lines 2723--2724

 []


Underfull \hbox (badness 10000) in paragraph at lines 2729--2730

 []


Underfull \hbox (badness 10000) in paragraph at lines 2734--2735

 []


Underfull \hbox (badness 10000) in paragraph at lines 2739--2740

 []


Underfull \hbox (badness 10000) in paragraph at lines 2743--2744

 []


Underfull \hbox (badness 10000) in paragraph at lines 2749--2750

 []

[80]
Underfull \hbox (badness 10000) in paragraph at lines 2819--2820

 []


Underfull \hbox (badness 10000) in paragraph at lines 2825--2826

 []


Underfull \hbox (badness 10000) in paragraph at lines 2831--2832

 []


Underfull \hbox (badness 10000) in paragraph at lines 2835--2836

 []


Underfull \hbox (badness 10000) in paragraph at lines 2847--2848

 []


Underfull \hbox (badness 10000) in paragraph at lines 2851--2852

 []


Underfull \hbox (badness 10000) in paragraph at lines 2855--2856

 []


Underfull \hbox (badness 10000) in paragraph at lines 2861--2862

 []

[81]
Underfull \hbox (badness 10000) in paragraph at lines 2865--2866

 []


Underfull \hbox (badness 10000) in paragraph at lines 2872--2874

 []


Underfull \hbox (badness 10000) in paragraph at lines 2877--2878

 []


Underfull \hbox (badness 10000) in paragraph at lines 2881--2882

 []


Underfull \hbox (badness 10000) in paragraph at lines 2887--2888

 []


Underfull \hbox (badness 10000) in paragraph at lines 2897--2898

 []


Underfull \hbox (badness 10000) in paragraph at lines 2903--2904

 []


Underfull \hbox (badness 10000) in paragraph at lines 2907--2908

 []


Underfull \hbox (badness 10000) in paragraph at lines 2922--2923

 []


Underfull \hbox (badness 10000) in paragraph at lines 2926--2927

 []

[82]
Underfull \hbox (badness 10000) in paragraph at lines 2938--2939

 []


Underfull \hbox (badness 10000) in paragraph at lines 2961--2962

 []


Underfull \hbox (badness 10000) in paragraph at lines 2965--2966

 []


Underfull \hbox (badness 10000) in paragraph at lines 2971--2972

 []


Underfull \hbox (badness 10000) in paragraph at lines 2975--2976

 []

[83]
Underfull \hbox (badness 10000) in paragraph at lines 3002--3003

 []


Underfull \hbox (badness 10000) in paragraph at lines 3006--3007

 []


Underfull \hbox (badness 10000) in paragraph at lines 3010--3011

 []


Underfull \hbox (badness 10000) in paragraph at lines 3019--3020

 []


Overfull \hbox (93.80313pt too wide) in paragraph at lines 3059--3059
[]\TU/lmtt/m/n/10 ## Estimativas dos quartis segundo o método inverted_cdf     
         => Q1: 1.63000, Q2: 1.67000, Q3: 1.75000[] 
 []


Overfull \hbox (93.80313pt too wide) in paragraph at lines 3059--3059
[]\TU/lmtt/m/n/10 ## Estimativas dos quartis segundo o método averaged_inverted
_cdf     => Q1: 1.63500, Q2: 1.67500, Q3: 1.75500[] 
 []


Overfull \hbox (93.80313pt too wide) in paragraph at lines 3059--3059
[]\TU/lmtt/m/n/10 ## Estimativas dos quartis segundo o método closest_observati
on       => Q1: 1.63000, Q2: 1.67000, Q3: 1.75000[] 
 []


Overfull \hbox (93.80313pt too wide) in paragraph at lines 3059--3059
[]\TU/lmtt/m/n/10 ## Estimativas dos quartis segundo o método interpolated_inve
rted_cdf => Q1: 1.63000, Q2: 1.67000, Q3: 1.75000[] 
 []


Overfull \hbox (93.80313pt too wide) in paragraph at lines 3059--3059
[]\TU/lmtt/m/n/10 ## Estimativas dos quartis segundo o método hazen            
         => Q1: 1.63500, Q2: 1.67500, Q3: 1.75500[] 
 []


Overfull \hbox (93.80313pt too wide) in paragraph at lines 3059--3059
[]\TU/lmtt/m/n/10 ## Estimativas dos quartis segundo o método weibull          
         => Q1: 1.63250, Q2: 1.67500, Q3: 1.75750[] 
 []


Overfull \hbox (93.80313pt too wide) in paragraph at lines 3059--3059
[]\TU/lmtt/m/n/10 ## Estimativas dos quartis segundo o método linear           
         => Q1: 1.63750, Q2: 1.67500, Q3: 1.75250[] 
 []


Overfull \hbox (93.80313pt too wide) in paragraph at lines 3059--3059
[]\TU/lmtt/m/n/10 ## Estimativas dos quartis segundo o método median_unbiased  
         => Q1: 1.63417, Q2: 1.67500, Q3: 1.75583[] 
 []


Overfull \hbox (93.80313pt too wide) in paragraph at lines 3059--3059
[]\TU/lmtt/m/n/10 ## Estimativas dos quartis segundo o método normal_unbiased  
         => Q1: 1.63437, Q2: 1.67500, Q3: 1.75562[] 
 []


Overfull \hbox (93.80313pt too wide) in paragraph at lines 3059--3059
[]\TU/lmtt/m/n/10 ## Estimativas dos quartis segundo o método nearest          
         => Q1: 1.64000, Q2: 1.68000, Q3: 1.75000[] 
 []


Overfull \hbox (93.80313pt too wide) in paragraph at lines 3059--3059
[]\TU/lmtt/m/n/10 ## Estimativas dos quartis segundo o método lower            
         => Q1: 1.63000, Q2: 1.67000, Q3: 1.75000[] 
 []

[84]
Overfull \hbox (93.80313pt too wide) in paragraph at lines 3059--3059
[]\TU/lmtt/m/n/10 ## Estimativas dos quartis segundo o método higher           
         => Q1: 1.64000, Q2: 1.68000, Q3: 1.76000[] 
 []


Overfull \hbox (93.80313pt too wide) in paragraph at lines 3059--3059
[]\TU/lmtt/m/n/10 ## Estimativas dos quartis segundo o método midpoint         
         => Q1: 1.63500, Q2: 1.67500, Q3: 1.75500[] 
 []


Underfull \hbox (badness 10000) in paragraph at lines 3061--3062

 []


Underfull \hbox (badness 10000) in paragraph at lines 3065--3066

 []


Underfull \hbox (badness 10000) in paragraph at lines 3071--3072

 []


Underfull \hbox (badness 10000) in paragraph at lines 3077--3078

 []


Underfull \hbox (badness 10000) in paragraph at lines 3107--3108

 []


Underfull \hbox (badness 10000) in paragraph at lines 3111--3112

 []


Underfull \hbox (badness 10000) in paragraph at lines 3115--3116

 []


Underfull \hbox (badness 10000) in paragraph at lines 3119--3120

 []


Underfull \hbox (badness 10000) in paragraph at lines 3123--3124

 []

[85]
Underfull \hbox (badness 10000) in paragraph at lines 3132--3133

 []


Underfull \hbox (badness 10000) in paragraph at lines 3136--3137

 []


Underfull \hbox (badness 10000) in paragraph at lines 3142--3143

 []


Underfull \hbox (badness 10000) in paragraph at lines 3146--3147

 []


Underfull \hbox (badness 10000) in paragraph at lines 3148--3149

 []


Underfull \hbox (badness 10000) in paragraph at lines 3152--3153

 []


Underfull \hbox (badness 10000) in paragraph at lines 3161--3162

 []


Underfull \hbox (badness 10000) in paragraph at lines 3165--3166

 []


Underfull \hbox (badness 10000) in paragraph at lines 3169--3170

 []


Underfull \hbox (badness 10000) in paragraph at lines 3173--3174

 []

File: apostila_files/figure-latex/unnamed-chunk-41-1.pdf Graphic file (type pdf
)
<use apostila_files/figure-latex/unnamed-chunk-41-1.pdf>

Underfull \hbox (badness 10000) in paragraph at lines 3184--3185

 []

[86]
Underfull \hbox (badness 10000) in paragraph at lines 3188--3189

 []


Underfull \hbox (badness 10000) in paragraph at lines 3192--3193

 []


Underfull \hbox (badness 10000) in paragraph at lines 3196--3197

 []

File: images3/curtose.jpg Graphic file (type bmp)
<images3/curtose.jpg>

Underfull \hbox (badness 10000) in paragraph at lines 3207--3208

 []


Underfull \hbox (badness 10000) in paragraph at lines 3211--3212

 []


Underfull \hbox (badness 10000) in paragraph at lines 3215--3216

 []

[87]
Underfull \hbox (badness 10000) in paragraph at lines 3225--3226

 []


Underfull \hbox (badness 10000) in paragraph at lines 3229--3230

 []


Underfull \hbox (badness 10000) in paragraph at lines 3243--3244

 []


Underfull \hbox (badness 10000) in paragraph at lines 3247--3248

 []


Underfull \hbox (badness 10000) in paragraph at lines 3260--3261

 []


Underfull \hbox (badness 10000) in paragraph at lines 3264--3265

 []

[88]
Underfull \hbox (badness 10000) in paragraph at lines 3270--3271

 []


Underfull \hbox (badness 10000) in paragraph at lines 3274--3275

 []


Underfull \hbox (badness 10000) in paragraph at lines 3288--3289

 []


Underfull \hbox (badness 10000) in paragraph at lines 3292--3293

 []


Underfull \hbox (badness 10000) in paragraph at lines 3304--3305

 []


Underfull \hbox (badness 10000) in paragraph at lines 3308--3309

 []


Underfull \hbox (badness 10000) in paragraph at lines 3310--3311

 []


Underfull \hbox (badness 10000) in paragraph at lines 3317--3319

 []


Underfull \hbox (badness 10000) in paragraph at lines 3322--3323

 []


Underfull \hbox (badness 10000) in paragraph at lines 3324--3325

 []

File: apostila_files/figure-latex/unnamed-chunk-44-1.pdf Graphic file (type pdf
)
<use apostila_files/figure-latex/unnamed-chunk-44-1.pdf>

Underfull \hbox (badness 10000) in paragraph at lines 3335--3336

 []

[89]
Underfull \hbox (badness 10000) in paragraph at lines 3373--3374

 []


Underfull \hbox (badness 10000) in paragraph at lines 3377--3378

 []


Underfull \hbox (badness 10000) in paragraph at lines 3381--3382

 []


Underfull \hbox (badness 10000) in paragraph at lines 3393--3394

 []

[90]
Underfull \hbox (badness 10000) in paragraph at lines 3397--3398

 []


Underfull \hbox (badness 10000) in paragraph at lines 3401--3402

 []


Underfull \hbox (badness 10000) in paragraph at lines 3410--3411

 []


Underfull \hbox (badness 10000) in paragraph at lines 3414--3415

 []


Underfull \hbox (badness 10000) in paragraph at lines 3418--3419

 []


Underfull \hbox (badness 10000) in paragraph at lines 3422--3423

 []


Underfull \hbox (badness 10000) in paragraph at lines 3426--3427

 []


Underfull \hbox (badness 10000) in paragraph at lines 3430--3431

 []


Underfull \hbox (badness 10000) in paragraph at lines 3442--3443

 []


Underfull \hbox (badness 10000) in paragraph at lines 3446--3447

 []

[91]
Underfull \hbox (badness 10000) in paragraph at lines 3450--3451

 []


Underfull \hbox (badness 10000) in paragraph at lines 3454--3455

 []


Underfull \hbox (badness 10000) in paragraph at lines 3458--3459

 []


Underfull \hbox (badness 10000) in paragraph at lines 3462--3463

 []


Underfull \hbox (badness 10000) in paragraph at lines 3466--3467

 []


Underfull \hbox (badness 10000) in paragraph at lines 3470--3471

 []


Underfull \hbox (badness 10000) in paragraph at lines 3494--3495

 []


Underfull \hbox (badness 10000) in paragraph at lines 3498--3499

 []


LaTeX Warning: `h' float specifier changed to `ht'.


Underfull \hbox (badness 10000) in paragraph at lines 3521--3522

 []

[92]
Underfull \hbox (badness 10000) in paragraph at lines 3525--3526

 []


Underfull \hbox (badness 10000) in paragraph at lines 3529--3530

 []


Underfull \hbox (badness 10000) in paragraph at lines 3543--3544

 []


Underfull \hbox (badness 10000) in paragraph at lines 3547--3548

 []


Underfull \hbox (badness 10000) in paragraph at lines 3551--3552

 []


Underfull \hbox (badness 10000) in paragraph at lines 3555--3556

 []


Underfull \hbox (badness 10000) in paragraph at lines 3559--3560

 []


Underfull \hbox (badness 10000) in paragraph at lines 3584--3585

 []


Underfull \hbox (badness 10000) in paragraph at lines 3586--3587

 []

[93]
Underfull \hbox (badness 10000) in paragraph at lines 3590--3591

 []


Underfull \hbox (badness 10000) in paragraph at lines 3613--3614

 []


Underfull \hbox (badness 10000) in paragraph at lines 3615--3616

 []


Underfull \hbox (badness 10000) in paragraph at lines 3619--3620

 []


Underfull \hbox (badness 10000) in paragraph at lines 3639--3640

 []


Underfull \hbox (badness 10000) in paragraph at lines 3643--3644

 []

[94]
Underfull \hbox (badness 10000) in paragraph at lines 3665--3666

 []


Underfull \hbox (badness 10000) in paragraph at lines 3669--3670

 []


Underfull \hbox (badness 10000) in paragraph at lines 3673--3674

 []


Underfull \hbox (badness 10000) in paragraph at lines 3677--3678

 []


Underfull \hbox (badness 10000) in paragraph at lines 3689--3690

 []


Underfull \hbox (badness 10000) in paragraph at lines 3693--3694

 []


Underfull \hbox (badness 10000) in paragraph at lines 3720--3721

 []

[95]
Underfull \hbox (badness 10000) in paragraph at lines 3730--3731

 []


Underfull \hbox (badness 10000) in paragraph at lines 3734--3735

 []


Underfull \hbox (badness 10000) in paragraph at lines 3745--3747

 []


Underfull \hbox (badness 10000) in paragraph at lines 3754--3755

 []


Underfull \hbox (badness 10000) in paragraph at lines 3758--3759

 []


Underfull \hbox (badness 10000) in paragraph at lines 3765--3766

 []


Underfull \hbox (badness 10000) in paragraph at lines 3769--3770

 []


Underfull \hbox (badness 10000) in paragraph at lines 3773--3774

 []


Underfull \hbox (badness 10000) in paragraph at lines 3780--3781

 []


Underfull \hbox (badness 10000) in paragraph at lines 3782--3783

 []

[96]
Underfull \hbox (badness 10000) in paragraph at lines 3790--3791

 []


Underfull \hbox (badness 10000) in paragraph at lines 3794--3795

 []


Underfull \hbox (badness 10000) in paragraph at lines 3798--3799

 []


Underfull \hbox (badness 10000) in paragraph at lines 3808--3809

 []


Underfull \hbox (badness 10000) in paragraph at lines 3812--3813

 []


Underfull \hbox (badness 10000) in paragraph at lines 3816--3817

 []


Underfull \hbox (badness 10000) in paragraph at lines 3831--3832

 []


Underfull \hbox (badness 10000) in paragraph at lines 3839--3840

 []


Underfull \hbox (badness 10000) in paragraph at lines 3846--3847

 []


Underfull \hbox (badness 10000) in paragraph at lines 3852--3853

 []

[97]
Underfull \hbox (badness 10000) in paragraph at lines 3856--3857

 []


Underfull \hbox (badness 10000) in paragraph at lines 3860--3861

 []


Underfull \hbox (badness 10000) in paragraph at lines 3864--3865

 []


Underfull \hbox (badness 10000) in paragraph at lines 3870--3871

 []


Underfull \hbox (badness 10000) in paragraph at lines 3892--3893

 []


Underfull \hbox (badness 10000) in paragraph at lines 3896--3897

 []


Underfull \hbox (badness 10000) in paragraph at lines 3900--3901

 []

[98]
Underfull \hbox (badness 10000) in paragraph at lines 3910--3911

 []


Underfull \hbox (badness 10000) in paragraph at lines 3916--3917

 []


Underfull \hbox (badness 10000) in paragraph at lines 3937--3938

 []


Underfull \hbox (badness 10000) in paragraph at lines 3941--3942

 []


Underfull \hbox (badness 10000) in paragraph at lines 3945--3946

 []


Underfull \hbox (badness 10000) in paragraph at lines 3949--3950

 []


Underfull \hbox (badness 10000) in paragraph at lines 3953--3954

 []


Underfull \hbox (badness 10000) in paragraph at lines 3959--3960

 []

[99]
Underfull \hbox (badness 10000) in paragraph at lines 3979--3980

 []


Underfull \hbox (badness 10000) in paragraph at lines 3985--3986

 []


Underfull \hbox (badness 10000) in paragraph at lines 3989--3990

 []


Underfull \hbox (badness 10000) in paragraph at lines 4013--4014

 []


Underfull \hbox (badness 10000) in paragraph at lines 4019--4020

 []


Overfull \hbox (3.46115pt too wide) in paragraph at lines 4033--4034
[]\TU/lmr/m/n/10 Classe  
 []


Overfull \hbox (3.14114pt too wide) in paragraph at lines 4060--4060
[]|\TU/lmr/m/n/10 Totais|  
 []


ignored: Infinite glue shrinkage found in box being split [100]
Underfull \hbox (badness 10000) in paragraph at lines 4064--4065

 []


Underfull \hbox (badness 10000) in paragraph at lines 4106--4107

 []


Underfull \hbox (badness 10000) in paragraph at lines 4112--4113

 []


Overfull \hbox (2.31514pt too wide) in alignment at lines 4116--4130
[] [] [] [] [] [] [] [] [] [] 
 []


Underfull \hbox (badness 10000) in paragraph at lines 4133--4134

 []


Underfull \hbox (badness 10000) in paragraph at lines 4135--4136

 []


Underfull \hbox (badness 10000) in paragraph at lines 4139--4140

 []


Overfull \hbox (126.04312pt too wide) in paragraph at lines 4143--4159
 [][] 
 []


LaTeX Warning: `!h' float specifier changed to `!ht'.


Underfull \hbox (badness 10000) in paragraph at lines 4161--4162

 []

[101]
File: apostila_files/figure-latex/unnamed-chunk-55-1.pdf Graphic file (type pdf
)
<use apostila_files/figure-latex/unnamed-chunk-55-1.pdf>

Underfull \hbox (badness 10000) in paragraph at lines 4193--4194

 []


Underfull \hbox (badness 10000) in paragraph at lines 4197--4198

 []

[102]
Underfull \hbox (badness 10000) in paragraph at lines 4201--4202

 []


Underfull \hbox (badness 10000) in paragraph at lines 4205--4206

 []


Underfull \hbox (badness 10000) in paragraph at lines 4209--4210

 []


Underfull \hbox (badness 10000) in paragraph at lines 4213--4214

 []


Underfull \hbox (badness 10000) in paragraph at lines 4231--4232

 []


Underfull \hbox (badness 10000) in paragraph at lines 4237--4239

 []


Underfull \hbox (badness 10000) in paragraph at lines 4242--4243

 []


Underfull \hbox (badness 10000) in paragraph at lines 4248--4249

 []


Underfull \hbox (badness 10000) in paragraph at lines 4252--4253

 []


Underfull \hbox (badness 10000) in paragraph at lines 4257--4259

 []

[103]
Underfull \hbox (badness 10000) in paragraph at lines 4266--4267

 []


Underfull \hbox (badness 10000) in paragraph at lines 4270--4271

 []


Underfull \hbox (badness 10000) in paragraph at lines 4274--4275

 []


Underfull \hbox (badness 10000) in paragraph at lines 4280--4281

 []


Underfull \hbox (badness 10000) in paragraph at lines 4284--4285

 []


Underfull \hbox (badness 10000) in paragraph at lines 4290--4291

 []


Underfull \hbox (badness 10000) in paragraph at lines 4295--4297

 []


Underfull \hbox (badness 10000) in paragraph at lines 4297--4299

 []


Underfull \hbox (badness 10000) in paragraph at lines 4299--4301

 []


Underfull \hbox (badness 10000) in paragraph at lines 4304--4305

 []


Underfull \hbox (badness 10000) in paragraph at lines 4308--4309

 []


Underfull \hbox (badness 10000) in paragraph at lines 4312--4313

 []

[104]
Underfull \hbox (badness 10000) in paragraph at lines 4318--4319

 []


Underfull \hbox (badness 10000) in paragraph at lines 4334--4335

 []


Underfull \hbox (badness 10000) in paragraph at lines 4338--4339

 []


Underfull \hbox (badness 10000) in paragraph at lines 4344--4345

 []


Underfull \hbox (badness 10000) in paragraph at lines 4348--4349

 []


Underfull \hbox (badness 10000) in paragraph at lines 4352--4353

 []


Underfull \hbox (badness 10000) in paragraph at lines 4360--4361

 []


Underfull \hbox (badness 10000) in paragraph at lines 4364--4365

 []


Underfull \hbox (badness 10000) in paragraph at lines 4370--4371

 []


Underfull \hbox (badness 10000) in paragraph at lines 4374--4375

 []

[105]
Underfull \hbox (badness 10000) in paragraph at lines 4397--4399

 []


Underfull \hbox (badness 10000) in paragraph at lines 4406--4407

 []


Underfull \hbox (badness 10000) in paragraph at lines 4408--4409

 []


Underfull \hbox (badness 10000) in paragraph at lines 4412--4413

 []


Underfull \hbox (badness 10000) in paragraph at lines 4416--4417

 []


Underfull \hbox (badness 10000) in paragraph at lines 4420--4421

 []


Underfull \hbox (badness 10000) in paragraph at lines 4430--4431

 []


Underfull \hbox (badness 10000) in paragraph at lines 4434--4435

 []


Underfull \hbox (badness 10000) in paragraph at lines 4438--4439

 []

File: apostila_files/figure-latex/unnamed-chunk-56-1.pdf Graphic file (type pdf
)
<use apostila_files/figure-latex/unnamed-chunk-56-1.pdf>

Underfull \hbox (badness 10000) in paragraph at lines 4444--4445

 []

File: apostila_files/figure-latex/unnamed-chunk-57-1.pdf Graphic file (type pdf
)
<use apostila_files/figure-latex/unnamed-chunk-57-1.pdf>

Underfull \hbox (badness 10000) in paragraph at lines 4452--4453

 []


Underfull \hbox (badness 10000) in paragraph at lines 4456--4457

 []

[106] [107]
Underfull \hbox (badness 10000) in paragraph at lines 4460--4461

 []

File: apostila_files/figure-latex/unnamed-chunk-58-1.pdf Graphic file (type pdf
)
<use apostila_files/figure-latex/unnamed-chunk-58-1.pdf>

Underfull \hbox (badness 10000) in paragraph at lines 4477--4478

 []

File: apostila_files/figure-latex/unnamed-chunk-59-1.pdf Graphic file (type pdf
)
<use apostila_files/figure-latex/unnamed-chunk-59-1.pdf>

Underfull \hbox (badness 10000) in paragraph at lines 4485--4486

 []


Underfull \hbox (badness 10000) in paragraph at lines 4489--4490

 []

File: apostila_files/figure-latex/unnamed-chunk-60-1.pdf Graphic file (type pdf
)
<use apostila_files/figure-latex/unnamed-chunk-60-1.pdf>

Underfull \hbox (badness 10000) in paragraph at lines 4497--4498

 []

File: apostila_files/figure-latex/unnamed-chunk-61-1.pdf Graphic file (type pdf
)
<use apostila_files/figure-latex/unnamed-chunk-61-1.pdf>

Underfull \hbox (badness 10000) in paragraph at lines 4507--4508

 []

[108] [109] [110] [111]
Underfull \hbox (badness 10000) in paragraph at lines 4525--4526

 []


Underfull \hbox (badness 10000) in paragraph at lines 4529--4530

 []


Underfull \hbox (badness 10000) in paragraph at lines 4533--4534

 []


Underfull \hbox (badness 10000) in paragraph at lines 4554--4555

 []


Underfull \hbox (badness 10000) in paragraph at lines 4558--4559

 []


Underfull \hbox (badness 10000) in paragraph at lines 4562--4563

 []


Underfull \hbox (badness 10000) in paragraph at lines 4566--4567

 []


Underfull \hbox (badness 10000) in paragraph at lines 4570--4571

 []

[112]
File: apostila_files/figure-latex/unnamed-chunk-63-1.pdf Graphic file (type pdf
)
<use apostila_files/figure-latex/unnamed-chunk-63-1.pdf>

Underfull \hbox (badness 10000) in paragraph at lines 4583--4584

 []


Underfull \hbox (badness 10000) in paragraph at lines 4587--4588

 []

File: apostila_files/figure-latex/unnamed-chunk-64-1.pdf Graphic file (type pdf
)
<use apostila_files/figure-latex/unnamed-chunk-64-1.pdf>

Underfull \hbox (badness 10000) in paragraph at lines 4595--4596

 []


Underfull \hbox (badness 10000) in paragraph at lines 4599--4600

 []


Underfull \hbox (badness 10000) in paragraph at lines 4603--4604

 []


Underfull \hbox (badness 10000) in paragraph at lines 4607--4608

 []

File: apostila_files/figure-latex/unnamed-chunk-65-1.pdf Graphic file (type pdf
)
<use apostila_files/figure-latex/unnamed-chunk-65-1.pdf>

Underfull \hbox (badness 10000) in paragraph at lines 4618--4619

 []

[113] [114]
Underfull \hbox (badness 10000) in paragraph at lines 4622--4623

 []


Underfull \hbox (badness 10000) in paragraph at lines 4626--4627

 []


Underfull \hbox (badness 10000) in paragraph at lines 4630--4631

 []


Underfull \hbox (badness 10000) in paragraph at lines 4635--4636

 []


Underfull \hbox (badness 10000) in paragraph at lines 4639--4640

 []

File: apostila_files/figure-latex/unnamed-chunk-66-1.pdf Graphic file (type pdf
)
<use apostila_files/figure-latex/unnamed-chunk-66-1.pdf>

Underfull \hbox (badness 10000) in paragraph at lines 4647--4648

 []


Underfull \hbox (badness 10000) in paragraph at lines 4651--4652

 []


Underfull \hbox (badness 10000) in paragraph at lines 4656--4658

 []


Underfull \hbox (badness 10000) in paragraph at lines 4661--4662

 []


Underfull \hbox (badness 10000) in paragraph at lines 4665--4666

 []


Underfull \hbox (badness 10000) in paragraph at lines 4677--4678

 []


Underfull \hbox (badness 10000) in paragraph at lines 4681--4682

 []

File: images3/dens_rel.jpg Graphic file (type bmp)
<images3/dens_rel.jpg>

Underfull \hbox (badness 10000) in paragraph at lines 4692--4693

 []

[115] [116]
Underfull \hbox (badness 10000) in paragraph at lines 4696--4697

 []


Underfull \hbox (badness 10000) in paragraph at lines 4698--4700

 []


Underfull \hbox (badness 10000) in paragraph at lines 4703--4704

 []


Underfull \hbox (badness 10000) in paragraph at lines 4707--4708

 []

File: apostila_files/figure-latex/unnamed-chunk-69-1.pdf Graphic file (type pdf
)
<use apostila_files/figure-latex/unnamed-chunk-69-1.pdf>

Underfull \hbox (badness 10000) in paragraph at lines 4715--4716

 []

[117]
Underfull \hbox (badness 10000) in paragraph at lines 4719--4720

 []


Underfull \hbox (badness 10000) in paragraph at lines 4723--4724

 []


Underfull \hbox (badness 10000) in paragraph at lines 4728--4730

 []


Underfull \hbox (badness 10000) in paragraph at lines 4730--4732

 []


Underfull \hbox (badness 10000) in paragraph at lines 4732--4734

 []


Underfull \hbox (badness 10000) in paragraph at lines 4734--4736

 []


Underfull \hbox (badness 10000) in paragraph at lines 4736--4738

 []


Underfull \hbox (badness 10000) in paragraph at lines 4738--4740

 []


Underfull \hbox (badness 10000) in paragraph at lines 4740--4742

 []


Underfull \hbox (badness 10000) in paragraph at lines 4745--4746

 []


Underfull \hbox (badness 10000) in paragraph at lines 4749--4750

 []


Underfull \hbox (badness 10000) in paragraph at lines 4753--4754

 []


Underfull \hbox (badness 10000) in paragraph at lines 4779--4780

 []

[118]
File: apostila_files/figure-latex/unnamed-chunk-70-1.pdf Graphic file (type pdf
)
<use apostila_files/figure-latex/unnamed-chunk-70-1.pdf>

Overfull \hbox (166.73154pt too wide) in paragraph at lines 4791--4792
 [][] 
 []

[119] [120]
Módulo 4.

Underfull \hbox (badness 10000) in paragraph at lines 4800--4801

 []


Underfull \hbox (badness 10000) in paragraph at lines 4805--4806

 []


Underfull \hbox (badness 10000) in paragraph at lines 4807--4808

 []


Underfull \hbox (badness 10000) in paragraph at lines 4811--4812

 []


Underfull \hbox (badness 10000) in paragraph at lines 4815--4816

 []


Underfull \hbox (badness 10000) in paragraph at lines 4821--4822

 []


Underfull \hbox (badness 10000) in paragraph at lines 4827--4828

 []


Underfull \hbox (badness 10000) in paragraph at lines 4831--4832

 []


Underfull \hbox (badness 10000) in paragraph at lines 4844--4845

 []

[121

]
Underfull \hbox (badness 10000) in paragraph at lines 4850--4851

 []


Underfull \hbox (badness 10000) in paragraph at lines 4856--4857

 []


Underfull \hbox (badness 10000) in paragraph at lines 4862--4863

 []


Underfull \hbox (badness 10000) in paragraph at lines 4866--4867

 []


Underfull \hbox (badness 10000) in paragraph at lines 4870--4871

 []


Underfull \hbox (badness 10000) in paragraph at lines 4874--4875

 []


Underfull \hbox (badness 10000) in paragraph at lines 4878--4879

 []

[122]
Underfull \hbox (badness 10000) in paragraph at lines 4882--4883

 []


Underfull \hbox (badness 10000) in paragraph at lines 4886--4887

 []

File: images4/astralagus.jpeg Graphic file (type bmp)
<images4/astralagus.jpeg>

Underfull \hbox (badness 10000) in paragraph at lines 4897--4898

 []


Underfull \hbox (badness 10000) in paragraph at lines 4901--4902

 []


Underfull \hbox (badness 10000) in paragraph at lines 4905--4906

 []


Underfull \hbox (badness 10000) in paragraph at lines 4911--4912

 []

[123]
Underfull \hbox (badness 10000) in paragraph at lines 4917--4918

 []


Underfull \hbox (badness 10000) in paragraph at lines 4939--4940

 []


Underfull \hbox (badness 10000) in paragraph at lines 4943--4944

 []


Underfull \hbox (badness 10000) in paragraph at lines 4953--4954

 []


Underfull \hbox (badness 10000) in paragraph at lines 4957--4958

 []


Underfull \hbox (badness 10000) in paragraph at lines 4961--4962

 []


Underfull \hbox (badness 10000) in paragraph at lines 4965--4966

 []


Underfull \hbox (badness 10000) in paragraph at lines 4969--4970

 []


Underfull \hbox (badness 10000) in paragraph at lines 4980--4981

 []

[124]
Underfull \hbox (badness 10000) in paragraph at lines 4984--4985

 []


Underfull \hbox (badness 10000) in paragraph at lines 4988--4989

 []


Underfull \hbox (badness 10000) in paragraph at lines 4998--4999

 []


Underfull \hbox (badness 10000) in paragraph at lines 5012--5013

 []


Underfull \hbox (badness 10000) in paragraph at lines 5026--5027

 []


Underfull \hbox (badness 10000) in paragraph at lines 5040--5041

 []


Underfull \hbox (badness 10000) in paragraph at lines 5054--5055

 []


Underfull \hbox (badness 10000) in paragraph at lines 5064--5065

 []


Underfull \hbox (badness 10000) in paragraph at lines 5070--5071

 []

[125]
Underfull \hbox (badness 10000) in paragraph at lines 5074--5075

 []


Underfull \hbox (badness 10000) in paragraph at lines 5086--5087

 []


Underfull \hbox (badness 10000) in paragraph at lines 5124--5125

 []


Underfull \hbox (badness 10000) in paragraph at lines 5128--5129

 []


Underfull \hbox (badness 10000) in paragraph at lines 5132--5133

 []

[126]
Underfull \hbox (badness 10000) in paragraph at lines 5161--5162

 []


Underfull \hbox (badness 10000) in paragraph at lines 5165--5166

 []


Underfull \hbox (badness 10000) in paragraph at lines 5169--5170

 []


Underfull \hbox (badness 10000) in paragraph at lines 5218--5219

 []


Underfull \hbox (badness 10000) in paragraph at lines 5222--5223

 []


Underfull \hbox (badness 10000) in paragraph at lines 5226--5227

 []


Underfull \hbox (badness 10000) in paragraph at lines 5230--5231

 []


Underfull \hbox (badness 10000) in paragraph at lines 5234--5235

 []

[127]
Underfull \hbox (badness 10000) in paragraph at lines 5238--5239

 []


Underfull \hbox (badness 10000) in paragraph at lines 5242--5243

 []


Underfull \hbox (badness 10000) in paragraph at lines 5246--5247

 []


Underfull \hbox (badness 10000) in paragraph at lines 5263--5264

 []


Underfull \hbox (badness 10000) in paragraph at lines 5267--5268

 []


Underfull \hbox (badness 10000) in paragraph at lines 5271--5272

 []


Underfull \hbox (badness 10000) in paragraph at lines 5275--5276

 []

File: images4/venn2.jpeg Graphic file (type bmp)
<images4/venn2.jpeg>

Underfull \hbox (badness 10000) in paragraph at lines 5286--5287

 []


Underfull \hbox (badness 10000) in paragraph at lines 5292--5293

 []


Underfull \hbox (badness 10000) in paragraph at lines 5296--5297

 []


Underfull \hbox (badness 10000) in paragraph at lines 5300--5301

 []

[128]
File: images4/A_UN_B.jpg Graphic file (type bmp)
<images4/A_UN_B.jpg>

Underfull \hbox (badness 10000) in paragraph at lines 5311--5312

 []


Underfull \hbox (badness 10000) in paragraph at lines 5315--5316

 []


Underfull \hbox (badness 10000) in paragraph at lines 5319--5320

 []


Underfull \hbox (badness 10000) in paragraph at lines 5323--5324

 []

[129]
File: images4/A_INTER_B.jpg Graphic file (type bmp)
<images4/A_INTER_B.jpg>

Underfull \hbox (badness 10000) in paragraph at lines 5334--5335

 []


Underfull \hbox (badness 10000) in paragraph at lines 5338--5339

 []


Underfull \hbox (badness 10000) in paragraph at lines 5342--5343

 []


Underfull \hbox (badness 10000) in paragraph at lines 5348--5349

 []


Underfull \hbox (badness 10000) in paragraph at lines 5354--5355

 []


Underfull \hbox (badness 10000) in paragraph at lines 5358--5359

 []

File: images4/COMP_A.jpg Graphic file (type bmp)
<images4/COMP_A.jpg>

Underfull \hbox (badness 10000) in paragraph at lines 5369--5370

 []


Underfull \hbox (badness 10000) in paragraph at lines 5373--5374

 []

File: images4/COMP_B.jpg Graphic file (type bmp)
<images4/COMP_B.jpg>

Underfull \hbox (badness 10000) in paragraph at lines 5384--5385

 []

File: images4/venn.jpg Graphic file (type bmp)
<images4/venn.jpg>

Underfull \hbox (badness 10000) in paragraph at lines 5395--5396

 []

[130] [131]
Underfull \hbox (badness 10000) in paragraph at lines 5401--5402

 []


Underfull \hbox (badness 10000) in paragraph at lines 5407--5408

 []


Underfull \hbox (badness 10000) in paragraph at lines 5411--5412

 []


Underfull \hbox (badness 10000) in paragraph at lines 5418--5419

 []


Underfull \hbox (badness 10000) in paragraph at lines 5422--5423

 []


Underfull \hbox (badness 10000) in paragraph at lines 5428--5429

 []


Underfull \hbox (badness 10000) in paragraph at lines 5432--5433

 []


Underfull \hbox (badness 10000) in paragraph at lines 5436--5437

 []


Underfull \hbox (badness 10000) in paragraph at lines 5440--5441

 []

File: images4/evento_grafico.jpg Graphic file (type bmp)
<images4/evento_grafico.jpg>

Underfull \hbox (badness 10000) in paragraph at lines 5451--5452

 []


Underfull \hbox (badness 10000) in paragraph at lines 5455--5456

 []

[132]
Underfull \hbox (badness 10000) in paragraph at lines 5459--5460

 []


Underfull \hbox (badness 10000) in paragraph at lines 5463--5464

 []


Underfull \hbox (badness 10000) in paragraph at lines 5467--5468

 []


Underfull \hbox (badness 10000) in paragraph at lines 5471--5472

 []


Underfull \hbox (badness 10000) in paragraph at lines 5475--5476

 []


Underfull \hbox (badness 10000) in paragraph at lines 5477--5478

 []


Underfull \hbox (badness 10000) in paragraph at lines 5481--5482

 []

[133]
Underfull \hbox (badness 10000) in paragraph at lines 5489--5490

 []


Underfull \hbox (badness 10000) in paragraph at lines 5495--5496

 []


Underfull \hbox (badness 10000) in paragraph at lines 5506--5507

 []


Underfull \hbox (badness 10000) in paragraph at lines 5510--5511

 []


Underfull \hbox (badness 10000) in paragraph at lines 5518--5519

 []


Underfull \hbox (badness 10000) in paragraph at lines 5522--5523

 []


Underfull \hbox (badness 10000) in paragraph at lines 5526--5527

 []


Underfull \hbox (badness 10000) in paragraph at lines 5530--5531

 []


Underfull \hbox (badness 10000) in paragraph at lines 5536--5537

 []


Underfull \hbox (badness 10000) in paragraph at lines 5540--5541

 []

[134]
Underfull \hbox (badness 10000) in paragraph at lines 5548--5549

 []


Underfull \hbox (badness 10000) in paragraph at lines 5552--5553

 []


Underfull \hbox (badness 10000) in paragraph at lines 5556--5557

 []


Underfull \hbox (badness 10000) in paragraph at lines 5560--5561

 []


Underfull \hbox (badness 10000) in paragraph at lines 5566--5567

 []


Underfull \hbox (badness 10000) in paragraph at lines 5570--5571

 []


Underfull \hbox (badness 10000) in paragraph at lines 5574--5575

 []


Underfull \hbox (badness 10000) in paragraph at lines 5584--5585

 []


Underfull \hbox (badness 10000) in paragraph at lines 5588--5589

 []


Underfull \hbox (badness 10000) in paragraph at lines 5594--5595

 []

[135]
Overfull \hbox (2.87251pt too wide) in paragraph at lines 5622--5623
[]\TU/lmr/m/n/10 Total  
 []


Overfull \hbox (2.87251pt too wide) in paragraph at lines 5642--5643
[]\TU/lmr/m/n/10 Total  
 []


Underfull \hbox (badness 10000) in paragraph at lines 5651--5652

 []


Underfull \hbox (badness 10000) in paragraph at lines 5655--5656

 []


Underfull \hbox (badness 10000) in paragraph at lines 5663--5664

 []


Underfull \hbox (badness 10000) in paragraph at lines 5667--5668

 []


Underfull \hbox (badness 10000) in paragraph at lines 5673--5674

 []


Underfull \hbox (badness 10000) in paragraph at lines 5677--5678

 []


Underfull \hbox (badness 10000) in paragraph at lines 5681--5682

 []


Underfull \hbox (badness 10000) in paragraph at lines 5687--5688

 []

[136]
Underfull \hbox (badness 10000) in paragraph at lines 5691--5692

 []


Underfull \hbox (badness 10000) in paragraph at lines 5697--5698

 []


Underfull \hbox (badness 10000) in paragraph at lines 5703--5704

 []


Underfull \hbox (badness 10000) in paragraph at lines 5707--5708

 []


Underfull \hbox (badness 10000) in paragraph at lines 5719--5720

 []


Underfull \hbox (badness 10000) in paragraph at lines 5721--5722

 []


Underfull \hbox (badness 10000) in paragraph at lines 5725--5726

 []


Underfull \hbox (badness 10000) in paragraph at lines 5729--5730

 []


Underfull \hbox (badness 10000) in paragraph at lines 5733--5734

 []


Underfull \hbox (badness 10000) in paragraph at lines 5737--5738

 []


Underfull \hbox (badness 10000) in paragraph at lines 5741--5742

 []

[137]
Underfull \hbox (badness 10000) in paragraph at lines 5783--5784

 []


Underfull \hbox (badness 10000) in paragraph at lines 5787--5788

 []

[138]
File: apostila_files/figure-latex/unnamed-chunk-84-1.pdf Graphic file (type pdf
)
<use apostila_files/figure-latex/unnamed-chunk-84-1.pdf>
File: apostila_files/figure-latex/unnamed-chunk-85-1.pdf Graphic file (type pdf
)
<use apostila_files/figure-latex/unnamed-chunk-85-1.pdf>

Underfull \hbox (badness 10000) in paragraph at lines 5847--5848

 []


Overfull \hbox (1.36336pt too wide) detected at line 5858
[][][][] [] [][][][][] [] [][] [] [][][][] [] [][][][][] [] [][] [] [][][][] []
 [][][][][] [] [][] [] [][][][] [] [][][][] [] [][] [] [][][][] [] [][][][] [] 
[][] [] [][][][] [] []
 []

[139]
Underfull \hbox (badness 10000) in paragraph at lines 5862--5863

 []

File: apostila_files/figure-latex/unnamed-chunk-87-1.pdf Graphic file (type pdf
)
<use apostila_files/figure-latex/unnamed-chunk-87-1.pdf>
File: apostila_files/figure-latex/unnamed-chunk-88-1.pdf Graphic file (type pdf
)
<use apostila_files/figure-latex/unnamed-chunk-88-1.pdf>

Underfull \hbox (badness 10000) in paragraph at lines 5943--5944

 []


Underfull \vbox (badness 4569) has occurred while \output is active []


Underfull \vbox (badness 4569) has occurred while \output is active []

[140] [141]
Underfull \hbox (badness 10000) in paragraph at lines 5947--5948

 []


Underfull \hbox (badness 10000) in paragraph at lines 5951--5952

 []


Underfull \hbox (badness 10000) in paragraph at lines 5957--5958

 []


Underfull \hbox (badness 10000) in paragraph at lines 5963--5964

 []

File: images4/funcao_probabilidade.jpg Graphic file (type bmp)
<images4/funcao_probabilidade.jpg>

Underfull \hbox (badness 10000) in paragraph at lines 5974--5975

 []

File: images4/kolmogorov.jpeg Graphic file (type bmp)
<images4/kolmogorov.jpeg>

Underfull \hbox (badness 10000) in paragraph at lines 5985--5986

 []

[142]
Underfull \hbox (badness 10000) in paragraph at lines 5989--5990

 []


Underfull \hbox (badness 10000) in paragraph at lines 6001--6002

 []


Underfull \hbox (badness 10000) in paragraph at lines 6007--6008

 []


Underfull \hbox (badness 10000) in paragraph at lines 6011--6012

 []


Underfull \hbox (badness 10000) in paragraph at lines 6016--6017

 []


Underfull \hbox (badness 10000) in paragraph at lines 6020--6021

 []

[143]
Underfull \hbox (badness 10000) in paragraph at lines 6025--6026

 []


Underfull \hbox (badness 10000) in paragraph at lines 6031--6032

 []


Underfull \hbox (badness 10000) in paragraph at lines 6036--6037

 []


Underfull \hbox (badness 10000) in paragraph at lines 6042--6043

 []


Underfull \hbox (badness 10000) in paragraph at lines 6046--6047

 []


Underfull \hbox (badness 10000) in paragraph at lines 6050--6051

 []


Underfull \hbox (badness 10000) in paragraph at lines 6056--6057

 []


Underfull \hbox (badness 10000) in paragraph at lines 6064--6065

 []


Underfull \hbox (badness 10000) in paragraph at lines 6068--6069

 []


Underfull \hbox (badness 10000) in paragraph at lines 6073--6074

 []


Underfull \hbox (badness 10000) in paragraph at lines 6079--6080

 []


Underfull \hbox (badness 10000) in paragraph at lines 6083--6084

 []

[144]
Underfull \hbox (badness 10000) in paragraph at lines 6089--6090

 []


Underfull \hbox (badness 10000) in paragraph at lines 6095--6096

 []


Underfull \hbox (badness 10000) in paragraph at lines 6101--6102

 []


Underfull \hbox (badness 10000) in paragraph at lines 6106--6107

 []


Underfull \hbox (badness 10000) in paragraph at lines 6112--6113

 []


Underfull \hbox (badness 10000) in paragraph at lines 6121--6122

 []


Underfull \hbox (badness 10000) in paragraph at lines 6131--6132

 []

[145]
Underfull \hbox (badness 10000) in paragraph at lines 6160--6161

 []


Underfull \hbox (badness 10000) in paragraph at lines 6164--6165

 []


Underfull \hbox (badness 10000) in paragraph at lines 6168--6169

 []

Missing character: There is no í ("ED) in font lmmi10!

Underfull \hbox (badness 10000) in paragraph at lines 6177--6178

 []


Underfull \hbox (badness 10000) in paragraph at lines 6190--6191

 []


Underfull \hbox (badness 10000) in paragraph at lines 6194--6195

 []


Underfull \hbox (badness 10000) in paragraph at lines 6199--6201

 []


Underfull \hbox (badness 10000) in paragraph at lines 6204--6205

 []


Underfull \hbox (badness 10000) in paragraph at lines 6208--6209

 []


Underfull \hbox (badness 10000) in paragraph at lines 6216--6217

 []


Underfull \hbox (badness 10000) in paragraph at lines 6220--6221

 []

[146]
Underfull \hbox (badness 10000) in paragraph at lines 6258--6259

 []


Underfull \hbox (badness 10000) in paragraph at lines 6262--6263

 []


Underfull \hbox (badness 10000) in paragraph at lines 6268--6269

 []


Underfull \hbox (badness 10000) in paragraph at lines 6274--6275

 []


Underfull \hbox (badness 10000) in paragraph at lines 6284--6285

 []


Underfull \hbox (badness 10000) in paragraph at lines 6288--6289

 []


Underfull \hbox (badness 10000) in paragraph at lines 6293--6295

 []


Underfull \hbox (badness 10000) in paragraph at lines 6298--6299

 []

[147]
Underfull \hbox (badness 10000) in paragraph at lines 6304--6305

 []


Underfull \hbox (badness 10000) in paragraph at lines 6310--6311

 []


Underfull \hbox (badness 10000) in paragraph at lines 6316--6317

 []


Underfull \hbox (badness 10000) in paragraph at lines 6320--6321

 []


Underfull \hbox (badness 10000) in paragraph at lines 6330--6331

 []


Underfull \hbox (badness 10000) in paragraph at lines 6334--6335

 []


Underfull \hbox (badness 10000) in paragraph at lines 6340--6341

 []


Underfull \hbox (badness 10000) in paragraph at lines 6350--6351

 []


Underfull \hbox (badness 10000) in paragraph at lines 6354--6355

 []


Underfull \hbox (badness 10000) in paragraph at lines 6360--6361

 []

[148]
Underfull \hbox (badness 10000) in paragraph at lines 6364--6365

 []


Underfull \hbox (badness 10000) in paragraph at lines 6370--6371

 []


Underfull \hbox (badness 10000) in paragraph at lines 6378--6379

 []


Underfull \hbox (badness 10000) in paragraph at lines 6414--6415

 []

[149]
Underfull \hbox (badness 10000) in paragraph at lines 6433--6434

 []


Underfull \hbox (badness 10000) in paragraph at lines 6507--6508

 []

[150]
Underfull \hbox (badness 10000) in paragraph at lines 6513--6514

 []


Underfull \hbox (badness 10000) in paragraph at lines 6517--6518

 []


Underfull \hbox (badness 10000) in paragraph at lines 6521--6522

 []


Underfull \hbox (badness 10000) in paragraph at lines 6527--6528

 []


Underfull \hbox (badness 10000) in paragraph at lines 6531--6532

 []


Underfull \hbox (badness 10000) in paragraph at lines 6537--6538

 []


Underfull \hbox (badness 10000) in paragraph at lines 6541--6542

 []


Underfull \hbox (badness 10000) in paragraph at lines 6550--6551

 []


Underfull \hbox (badness 10000) in paragraph at lines 6556--6557

 []


Underfull \hbox (badness 10000) in paragraph at lines 6568--6569

 []

[151]
Underfull \hbox (badness 10000) in paragraph at lines 6573--6574

 []


Underfull \hbox (badness 10000) in paragraph at lines 6581--6582

 []


Underfull \hbox (badness 10000) in paragraph at lines 6588--6589

 []


Underfull \hbox (badness 10000) in paragraph at lines 6596--6597

 []


Underfull \hbox (badness 10000) in paragraph at lines 6603--6604

 []


Underfull \hbox (badness 10000) in paragraph at lines 6607--6608

 []


Underfull \hbox (badness 10000) in paragraph at lines 6611--6612

 []


Underfull \hbox (badness 10000) in paragraph at lines 6615--6616

 []


Underfull \hbox (badness 10000) in paragraph at lines 6629--6630

 []

[152]
Underfull \hbox (badness 10000) in paragraph at lines 6633--6634

 []


Underfull \hbox (badness 10000) in paragraph at lines 6640--6641

 []


Underfull \hbox (badness 10000) in paragraph at lines 6644--6645

 []


Underfull \hbox (badness 10000) in paragraph at lines 6648--6649

 []


Underfull \hbox (badness 10000) in paragraph at lines 6660--6661

 []


Underfull \hbox (badness 10000) in paragraph at lines 6669--6670

 []


Underfull \hbox (badness 10000) in paragraph at lines 6673--6674

 []


Overfull \hbox (1.57567pt too wide) detected at line 6680
[][][][][] [] [][][][][][] [] [] [] [] [] [] [] [] [][] [][][] 
 []


Underfull \hbox (badness 10000) in paragraph at lines 6685--6686

 []


Underfull \hbox (badness 10000) in paragraph at lines 6691--6692

 []

[153]
Underfull \hbox (badness 10000) in paragraph at lines 6697--6698

 []


Underfull \hbox (badness 10000) in paragraph at lines 6704--6705

 []


Underfull \hbox (badness 10000) in paragraph at lines 6708--6709

 []


Underfull \hbox (badness 10000) in paragraph at lines 6714--6715

 []


Underfull \hbox (badness 10000) in paragraph at lines 6732--6733

 []


Underfull \hbox (badness 10000) in paragraph at lines 6736--6737

 []


Underfull \hbox (badness 10000) in paragraph at lines 6742--6743

 []


Underfull \hbox (badness 10000) in paragraph at lines 6746--6747

 []


Underfull \vbox (badness 1102) has occurred while \output is active []


Underfull \vbox (badness 1102) has occurred while \output is active []

[154]
Underfull \hbox (badness 10000) in paragraph at lines 6755--6756

 []


Underfull \hbox (badness 10000) in paragraph at lines 6759--6760

 []


Underfull \hbox (badness 10000) in paragraph at lines 6767--6768

 []


Underfull \hbox (badness 10000) in paragraph at lines 6771--6772

 []


Underfull \hbox (badness 10000) in paragraph at lines 6775--6776

 []


Underfull \hbox (badness 10000) in paragraph at lines 6781--6782

 []


Underfull \hbox (badness 10000) in paragraph at lines 6785--6786

 []


Underfull \hbox (badness 10000) in paragraph at lines 6790--6791

 []


Underfull \hbox (badness 10000) in paragraph at lines 6794--6795

 []

File: images4/exercicio.jpg Graphic file (type bmp)
<images4/exercicio.jpg>

Underfull \hbox (badness 10000) in paragraph at lines 6805--6806

 []

[155]
Underfull \hbox (badness 10000) in paragraph at lines 6809--6810

 []


Underfull \hbox (badness 10000) in paragraph at lines 6819--6820

 []


Underfull \hbox (badness 10000) in paragraph at lines 6825--6826

 []


Underfull \hbox (badness 10000) in paragraph at lines 6829--6830

 []


Underfull \hbox (badness 10000) in paragraph at lines 6837--6838

 []

[156]
Underfull \hbox (badness 10000) in paragraph at lines 6841--6842

 []


Underfull \hbox (badness 10000) in paragraph at lines 6847--6848

 []


Underfull \hbox (badness 10000) in paragraph at lines 6851--6852

 []


Underfull \hbox (badness 10000) in paragraph at lines 6859--6860

 []


Underfull \hbox (badness 10000) in paragraph at lines 6865--6866

 []


Underfull \hbox (badness 10000) in paragraph at lines 6873--6874

 []


ignored: Infinite glue shrinkage found in box being split [157]
Underfull \hbox (badness 10000) in paragraph at lines 6894--6895

 []


Underfull \hbox (badness 10000) in paragraph at lines 6900--6901

 []

File: images4/arv_bin_2.png Graphic file (type bmp)
<images4/arv_bin_2.png>

Underfull \hbox (badness 10000) in paragraph at lines 6911--6912

 []


Underfull \hbox (badness 10000) in paragraph at lines 6915--6916

 []


Underfull \vbox (badness 10000) has occurred while \output is active []


Underfull \vbox (badness 10000) has occurred while \output is active []

[158]
Underfull \hbox (badness 10000) in paragraph at lines 6924--6925

 []


Underfull \hbox (badness 10000) in paragraph at lines 6928--6929

 []


Underfull \hbox (badness 10000) in paragraph at lines 6937--6938

 []


Underfull \hbox (badness 10000) in paragraph at lines 6941--6942

 []


Underfull \hbox (badness 10000) in paragraph at lines 6950--6951

 []


Underfull \hbox (badness 10000) in paragraph at lines 6959--6960

 []

[159]
Underfull \hbox (badness 10000) in paragraph at lines 6968--6969

 []


Underfull \hbox (badness 10000) in paragraph at lines 6981--6982

 []


Underfull \hbox (badness 10000) in paragraph at lines 6994--6995

 []


Underfull \hbox (badness 10000) in paragraph at lines 6998--6999

 []


Underfull \hbox (badness 10000) in paragraph at lines 7002--7003

 []


Underfull \hbox (badness 10000) in paragraph at lines 7009--7010

 []

[160]
Underfull \hbox (badness 10000) in paragraph at lines 7013--7014

 []


Underfull \hbox (badness 10000) in paragraph at lines 7020--7021

 []


Underfull \hbox (badness 10000) in paragraph at lines 7024--7025

 []


Underfull \hbox (badness 10000) in paragraph at lines 7028--7029

 []


Underfull \hbox (badness 10000) in paragraph at lines 7032--7033

 []


Underfull \hbox (badness 10000) in paragraph at lines 7036--7037

 []

[161]
Underfull \hbox (badness 10000) in paragraph at lines 7067--7068

 []


Underfull \hbox (badness 10000) in paragraph at lines 7073--7074

 []


Underfull \hbox (badness 10000) in paragraph at lines 7078--7080

 []


Underfull \hbox (badness 10000) in paragraph at lines 7080--7082

 []


Underfull \hbox (badness 10000) in paragraph at lines 7082--7084

 []


Underfull \hbox (badness 10000) in paragraph at lines 7087--7088

 []


Underfull \hbox (badness 10000) in paragraph at lines 7093--7094

 []


Underfull \hbox (badness 10000) in paragraph at lines 7097--7098

 []


Underfull \hbox (badness 10000) in paragraph at lines 7103--7104

 []


Underfull \hbox (badness 10000) in paragraph at lines 7109--7110

 []


Underfull \hbox (badness 10000) in paragraph at lines 7115--7116

 []

[162]
Underfull \hbox (badness 10000) in paragraph at lines 7119--7120

 []


Underfull \hbox (badness 10000) in paragraph at lines 7123--7124

 []


Underfull \hbox (badness 10000) in paragraph at lines 7130--7131

 []


Underfull \hbox (badness 10000) in paragraph at lines 7134--7135

 []


Underfull \hbox (badness 10000) in paragraph at lines 7138--7139

 []


Underfull \hbox (badness 10000) in paragraph at lines 7142--7143

 []


Underfull \hbox (badness 10000) in paragraph at lines 7146--7147

 []


Underfull \hbox (badness 10000) in paragraph at lines 7150--7151

 []


Underfull \hbox (badness 10000) in paragraph at lines 7154--7155

 []


Underfull \hbox (badness 10000) in paragraph at lines 7158--7159

 []


Underfull \hbox (badness 10000) in paragraph at lines 7162--7163

 []


Underfull \hbox (badness 10000) in paragraph at lines 7168--7169

 []

[163]
Underfull \hbox (badness 10000) in paragraph at lines 7176--7177

 []


Underfull \hbox (badness 10000) in paragraph at lines 7180--7181

 []

File: images4/com_rep.jpg Graphic file (type bmp)
<images4/com_rep.jpg>

Underfull \hbox (badness 10000) in paragraph at lines 7195--7196

 []


Underfull \hbox (badness 10000) in paragraph at lines 7199--7200

 []


Underfull \hbox (badness 10000) in paragraph at lines 7203--7204

 []


Underfull \hbox (badness 10000) in paragraph at lines 7210--7211

 []


Underfull \hbox (badness 10000) in paragraph at lines 7214--7215

 []

[164]
Underfull \hbox (badness 10000) in paragraph at lines 7218--7219

 []


Underfull \hbox (badness 10000) in paragraph at lines 7222--7223

 []


Underfull \hbox (badness 10000) in paragraph at lines 7226--7227

 []


Underfull \hbox (badness 10000) in paragraph at lines 7231--7233

 []


Underfull \hbox (badness 10000) in paragraph at lines 7233--7235

 []


Underfull \hbox (badness 10000) in paragraph at lines 7235--7237

 []


Underfull \hbox (badness 10000) in paragraph at lines 7240--7241

 []


Underfull \hbox (badness 10000) in paragraph at lines 7244--7245

 []


Underfull \hbox (badness 10000) in paragraph at lines 7249--7250

 []


Underfull \hbox (badness 10000) in paragraph at lines 7253--7254

 []


Underfull \hbox (badness 10000) in paragraph at lines 7261--7262

 []


Underfull \hbox (badness 10000) in paragraph at lines 7269--7270

 []


Underfull \hbox (badness 10000) in paragraph at lines 7277--7278

 []

[165]
Underfull \hbox (badness 10000) in paragraph at lines 7285--7286

 []


Underfull \hbox (badness 10000) in paragraph at lines 7289--7290

 []


Underfull \hbox (badness 10000) in paragraph at lines 7296--7297

 []


Underfull \hbox (badness 10000) in paragraph at lines 7300--7301

 []


Underfull \hbox (badness 10000) in paragraph at lines 7305--7307

 []


Underfull \hbox (badness 10000) in paragraph at lines 7310--7311

 []


Underfull \hbox (badness 10000) in paragraph at lines 7314--7315

 []


Underfull \hbox (badness 10000) in paragraph at lines 7320--7321

 []


Underfull \hbox (badness 10000) in paragraph at lines 7324--7325

 []


Underfull \hbox (badness 10000) in paragraph at lines 7329--7331

 []


Underfull \hbox (badness 10000) in paragraph at lines 7334--7335

 []


Underfull \hbox (badness 10000) in paragraph at lines 7338--7339

 []


Underfull \hbox (badness 10000) in paragraph at lines 7342--7343

 []

[166]
Underfull \hbox (badness 10000) in paragraph at lines 7346--7347

 []


Underfull \hbox (badness 10000) in paragraph at lines 7354--7355

 []


Underfull \hbox (badness 10000) in paragraph at lines 7358--7359

 []


Underfull \hbox (badness 10000) in paragraph at lines 7362--7363

 []


Underfull \hbox (badness 10000) in paragraph at lines 7368--7369

 []


Underfull \hbox (badness 10000) in paragraph at lines 7376--7377

 []


Underfull \hbox (badness 10000) in paragraph at lines 7380--7381

 []

File: images4/sem_rep.jpg Graphic file (type bmp)
<images4/sem_rep.jpg>

Underfull \hbox (badness 10000) in paragraph at lines 7391--7392

 []

[167]
Underfull \hbox (badness 10000) in paragraph at lines 7397--7398

 []


Underfull \hbox (badness 10000) in paragraph at lines 7403--7404

 []


Underfull \hbox (badness 10000) in paragraph at lines 7407--7408

 []


Underfull \hbox (badness 10000) in paragraph at lines 7413--7414

 []


Underfull \hbox (badness 10000) in paragraph at lines 7419--7420

 []


Underfull \hbox (badness 10000) in paragraph at lines 7425--7426

 []


Underfull \hbox (badness 10000) in paragraph at lines 7431--7432

 []


Underfull \hbox (badness 10000) in paragraph at lines 7437--7438

 []


Underfull \hbox (badness 10000) in paragraph at lines 7441--7442

 []


Underfull \hbox (badness 10000) in paragraph at lines 7445--7446

 []

[168]
Underfull \hbox (badness 10000) in paragraph at lines 7452--7453

 []


Underfull \hbox (badness 10000) in paragraph at lines 7458--7459

 []


Underfull \hbox (badness 10000) in paragraph at lines 7462--7463

 []


Underfull \hbox (badness 10000) in paragraph at lines 7466--7467

 []


Underfull \hbox (badness 10000) in paragraph at lines 7477--7478

 []


Underfull \hbox (badness 10000) in paragraph at lines 7481--7482

 []


Underfull \hbox (badness 10000) in paragraph at lines 7489--7490

 []

[169]
Underfull \hbox (badness 10000) in paragraph at lines 7493--7494

 []


Underfull \hbox (badness 10000) in paragraph at lines 7499--7500

 []


Underfull \hbox (badness 10000) in paragraph at lines 7503--7504

 []


Underfull \hbox (badness 10000) in paragraph at lines 7507--7508

 []


Underfull \hbox (badness 10000) in paragraph at lines 7514--7515

 []


Underfull \hbox (badness 10000) in paragraph at lines 7518--7519

 []


Underfull \hbox (badness 10000) in paragraph at lines 7525--7526

 []


Underfull \hbox (badness 10000) in paragraph at lines 7529--7530

 []

File: images4/thomas_bayes.jpg Graphic file (type bmp)
<images4/thomas_bayes.jpg>
[170]
Underfull \hbox (badness 10000) in paragraph at lines 7552--7553

 []


Underfull \hbox (badness 10000) in paragraph at lines 7558--7559

 []

File: images4/BAYES1.jpg Graphic file (type bmp)
<images4/BAYES1.jpg>

Underfull \hbox (badness 10000) in paragraph at lines 7569--7570

 []


Underfull \hbox (badness 10000) in paragraph at lines 7575--7576

 []

File: images4/BAYES2.jpg Graphic file (type bmp)
<images4/BAYES2.jpg>

Underfull \hbox (badness 10000) in paragraph at lines 7586--7587

 []

[171]
Underfull \hbox (badness 10000) in paragraph at lines 7592--7593

 []

File: images4/BAYES3.jpg Graphic file (type bmp)
<images4/BAYES3.jpg>

Underfull \hbox (badness 10000) in paragraph at lines 7603--7604

 []


Underfull \hbox (badness 10000) in paragraph at lines 7607--7608

 []


Underfull \hbox (badness 10000) in paragraph at lines 7612--7613

 []


Underfull \hbox (badness 10000) in paragraph at lines 7616--7617

 []


Underfull \hbox (badness 10000) in paragraph at lines 7623--7624

 []


Underfull \hbox (badness 10000) in paragraph at lines 7627--7628

 []

[172]
Underfull \hbox (badness 10000) in paragraph at lines 7634--7635

 []


Underfull \hbox (badness 10000) in paragraph at lines 7640--7641

 []


Underfull \hbox (badness 10000) in paragraph at lines 7647--7648

 []


Underfull \hbox (badness 10000) in paragraph at lines 7651--7652

 []


Underfull \hbox (badness 10000) in paragraph at lines 7656--7657

 []


Underfull \hbox (badness 10000) in paragraph at lines 7660--7661

 []


Underfull \hbox (badness 10000) in paragraph at lines 7670--7671

 []


Underfull \hbox (badness 10000) in paragraph at lines 7676--7677

 []


Underfull \hbox (badness 10000) in paragraph at lines 7696--7697

 []


Underfull \hbox (badness 10000) in paragraph at lines 7700--7701

 []

[173]
Underfull \hbox (badness 10000) in paragraph at lines 7709--7710

 []


Underfull \hbox (badness 10000) in paragraph at lines 7713--7714

 []


Underfull \hbox (badness 10000) in paragraph at lines 7721--7722

 []


Underfull \hbox (badness 10000) in paragraph at lines 7725--7726

 []


Underfull \hbox (badness 10000) in paragraph at lines 7729--7730

 []

File: images4/bayes_1.jpg Graphic file (type bmp)
<images4/bayes_1.jpg>

Underfull \hbox (badness 10000) in paragraph at lines 7740--7741

 []


Underfull \hbox (badness 10000) in paragraph at lines 7744--7745

 []

File: images4/bayes_2.jpg Graphic file (type bmp)
<images4/bayes_2.jpg>

Underfull \hbox (badness 10000) in paragraph at lines 7755--7756

 []


Underfull \hbox (badness 10000) in paragraph at lines 7759--7760

 []

File: images4/bayes_3.jpg Graphic file (type bmp)
<images4/bayes_3.jpg>
[174] [175]
Underfull \hbox (badness 10000) in paragraph at lines 7770--7771

 []


Underfull \hbox (badness 10000) in paragraph at lines 7774--7775

 []

File: images4/bayes_4.jpg Graphic file (type bmp)
<images4/bayes_4.jpg>

Underfull \hbox (badness 10000) in paragraph at lines 7785--7786

 []


Underfull \hbox (badness 10000) in paragraph at lines 7789--7790

 []

File: images4/bayes_5.jpg Graphic file (type bmp)
<images4/bayes_5.jpg>
[176]
Underfull \hbox (badness 10000) in paragraph at lines 7800--7801

 []


Underfull \hbox (badness 10000) in paragraph at lines 7809--7810

 []


Underfull \hbox (badness 10000) in paragraph at lines 7813--7814

 []


Underfull \hbox (badness 10000) in paragraph at lines 7819--7820

 []


Underfull \hbox (badness 10000) in paragraph at lines 7823--7824

 []


Underfull \hbox (badness 10000) in paragraph at lines 7829--7830

 []


Underfull \hbox (badness 10000) in paragraph at lines 7833--7834

 []

[177]
Underfull \hbox (badness 10000) in paragraph at lines 7840--7841

 []


Underfull \hbox (badness 10000) in paragraph at lines 7844--7845

 []


Underfull \hbox (badness 10000) in paragraph at lines 7851--7852

 []


Underfull \hbox (badness 10000) in paragraph at lines 7855--7856

 []


Underfull \hbox (badness 10000) in paragraph at lines 7859--7860

 []


Underfull \hbox (badness 10000) in paragraph at lines 7867--7868

 []


Underfull \hbox (badness 10000) in paragraph at lines 7871--7872

 []


Underfull \hbox (badness 10000) in paragraph at lines 7877--7878

 []


Underfull \hbox (badness 10000) in paragraph at lines 7881--7882

 []

[178]
Underfull \hbox (badness 10000) in paragraph at lines 7889--7890

 []


Underfull \hbox (badness 10000) in paragraph at lines 7893--7894

 []


Underfull \hbox (badness 10000) in paragraph at lines 7897--7898

 []


Underfull \hbox (badness 10000) in paragraph at lines 7903--7904

 []


Underfull \hbox (badness 10000) in paragraph at lines 7907--7908

 []


Underfull \hbox (badness 10000) in paragraph at lines 7913--7914

 []


Underfull \hbox (badness 10000) in paragraph at lines 7917--7918

 []


Underfull \hbox (badness 10000) in paragraph at lines 7923--7924

 []


Underfull \hbox (badness 10000) in paragraph at lines 7927--7928

 []


Underfull \hbox (badness 10000) in paragraph at lines 7933--7934

 []

[179]
Underfull \hbox (badness 10000) in paragraph at lines 7937--7938

 []


Underfull \hbox (badness 10000) in paragraph at lines 7943--7944

 []


Underfull \hbox (badness 10000) in paragraph at lines 7947--7948

 []


Underfull \hbox (badness 10000) in paragraph at lines 7955--7956

 []


Underfull \hbox (badness 10000) in paragraph at lines 7959--7960

 []


Underfull \hbox (badness 10000) in paragraph at lines 7963--7964

 []


Underfull \hbox (badness 10000) in paragraph at lines 7967--7968

 []


Underfull \hbox (badness 10000) in paragraph at lines 7973--7974

 []


Underfull \hbox (badness 10000) in paragraph at lines 7977--7978

 []


Underfull \hbox (badness 10000) in paragraph at lines 7981--7982

 []


Underfull \hbox (badness 10000) in paragraph at lines 7986--7988

 []


Underfull \hbox (badness 10000) in paragraph at lines 7988--7990

 []


Underfull \hbox (badness 10000) in paragraph at lines 7990--7992

 []

[180]
Underfull \hbox (badness 10000) in paragraph at lines 7992--7994

 []


Underfull \hbox (badness 10000) in paragraph at lines 7997--7998

 []


Underfull \hbox (badness 10000) in paragraph at lines 8003--8004

 []


Underfull \hbox (badness 10000) in paragraph at lines 8010--8011

 []


Underfull \hbox (badness 10000) in paragraph at lines 8014--8015

 []


Underfull \hbox (badness 10000) in paragraph at lines 8018--8019

 []


Underfull \hbox (badness 10000) in paragraph at lines 8020--8021

 []


Underfull \hbox (badness 10000) in paragraph at lines 8024--8025

 []


Underfull \hbox (badness 10000) in paragraph at lines 8028--8029

 []


Underfull \hbox (badness 10000) in paragraph at lines 8032--8033

 []


Underfull \hbox (badness 10000) in paragraph at lines 8037--8039

 []

[181]
Underfull \hbox (badness 10000) in paragraph at lines 8039--8041

 []


Underfull \hbox (badness 10000) in paragraph at lines 8041--8043

 []


Underfull \hbox (badness 10000) in paragraph at lines 8048--8049

 []


Underfull \hbox (badness 10000) in paragraph at lines 8052--8053

 []


Underfull \hbox (badness 10000) in paragraph at lines 8059--8061

 []


Underfull \hbox (badness 10000) in paragraph at lines 8061--8063

 []


Underfull \hbox (badness 10000) in paragraph at lines 8066--8067

 []


Underfull \hbox (badness 10000) in paragraph at lines 8070--8071

 []


Underfull \hbox (badness 10000) in paragraph at lines 8074--8075

 []


Underfull \hbox (badness 10000) in paragraph at lines 8078--8079

 []


Underfull \hbox (badness 10000) in paragraph at lines 8084--8085

 []


Underfull \hbox (badness 10000) in paragraph at lines 8088--8089

 []

[182]
Underfull \hbox (badness 10000) in paragraph at lines 8096--8097

 []


Underfull \hbox (badness 10000) in paragraph at lines 8100--8101

 []


Underfull \hbox (badness 10000) in paragraph at lines 8108--8109

 []


Underfull \hbox (badness 10000) in paragraph at lines 8112--8113

 []


Underfull \hbox (badness 10000) in paragraph at lines 8120--8121

 []


Underfull \hbox (badness 10000) in paragraph at lines 8124--8125

 []


Underfull \hbox (badness 10000) in paragraph at lines 8131--8132

 []

[183]
Underfull \hbox (badness 10000) in paragraph at lines 8135--8136

 []


Underfull \hbox (badness 10000) in paragraph at lines 8144--8145

 []

File: images4/exemplo_02_bayes.jpg Graphic file (type bmp)
<images4/exemplo_02_bayes.jpg>

Underfull \hbox (badness 10000) in paragraph at lines 8155--8156

 []


Underfull \hbox (badness 10000) in paragraph at lines 8159--8160

 []


Underfull \hbox (badness 10000) in paragraph at lines 8163--8164

 []


Underfull \hbox (badness 10000) in paragraph at lines 8167--8168

 []


Underfull \vbox (badness 10000) has occurred while \output is active []


Underfull \vbox (badness 10000) has occurred while \output is active []

[184]
Underfull \hbox (badness 10000) in paragraph at lines 8178--8179

 []


Underfull \hbox (badness 10000) in paragraph at lines 8186--8187

 []


Underfull \hbox (badness 10000) in paragraph at lines 8194--8195

 []


Underfull \hbox (badness 10000) in paragraph at lines 8198--8199

 []


Underfull \hbox (badness 10000) in paragraph at lines 8204--8205

 []


Underfull \hbox (badness 10000) in paragraph at lines 8210--8211

 []


Overfull \hbox (8.44177pt too wide) in paragraph at lines 8212--8213
[]\TU/lmr/m/n/10 Espaço amostral dos possíveis eventos (resultados): $[] [] [][
][][][][][] [][][][][][] [][][][][][] [][][][][][][] [][][][][][][] [][][][][][
] [][][][][][][] [][][][][][][]$ 
 []

[185]
Underfull \hbox (badness 10000) in paragraph at lines 8228--8229

 []


Underfull \hbox (badness 10000) in paragraph at lines 8234--8235

 []


Underfull \hbox (badness 10000) in paragraph at lines 8238--8239

 []


Underfull \hbox (badness 10000) in paragraph at lines 8246--8247

 []


Underfull \hbox (badness 10000) in paragraph at lines 8252--8253

 []


Underfull \hbox (badness 10000) in paragraph at lines 8256--8257

 []


Underfull \hbox (badness 10000) in paragraph at lines 8264--8265

 []


Underfull \hbox (badness 10000) in paragraph at lines 8270--8271

 []

[186]
Underfull \hbox (badness 10000) in paragraph at lines 8275--8276

 []


Underfull \hbox (badness 10000) in paragraph at lines 8284--8285

 []


Underfull \hbox (badness 10000) in paragraph at lines 8290--8291

 []


Underfull \hbox (badness 10000) in paragraph at lines 8294--8295

 []


Underfull \hbox (badness 10000) in paragraph at lines 8298--8299

 []


Underfull \hbox (badness 10000) in paragraph at lines 8305--8306

 []


Underfull \hbox (badness 10000) in paragraph at lines 8311--8312

 []


Underfull \hbox (badness 10000) in paragraph at lines 8315--8316

 []


Underfull \hbox (badness 10000) in paragraph at lines 8322--8323

 []

[187]
Underfull \hbox (badness 10000) in paragraph at lines 8328--8329

 []


Underfull \hbox (badness 10000) in paragraph at lines 8332--8333

 []

File: images4/venn_TEO_7.jpg Graphic file (type bmp)
<images4/venn_TEO_7.jpg>

Underfull \hbox (badness 10000) in paragraph at lines 8336--8337

 []

Missing character: There is no ∩ (U+2229) in font [lmroman10-regular]:mapping=t
ex-text;!

Underfull \hbox (badness 10000) in paragraph at lines 8341--8343

 []


Underfull \hbox (badness 10000) in paragraph at lines 8343--8345

 []


Underfull \hbox (badness 10000) in paragraph at lines 8348--8349

 []


Underfull \hbox (badness 10000) in paragraph at lines 8356--8357

 []


Underfull \hbox (badness 10000) in paragraph at lines 8362--8363

 []


Underfull \hbox (badness 10000) in paragraph at lines 8371--8372

 []

[188]
Underfull \hbox (badness 10000) in paragraph at lines 8375--8376

 []


Underfull \hbox (badness 10000) in paragraph at lines 8383--8384

 []


Underfull \hbox (badness 10000) in paragraph at lines 8387--8388

 []


Underfull \hbox (badness 10000) in paragraph at lines 8395--8396

 []


Underfull \hbox (badness 10000) in paragraph at lines 8397--8398

 []

[189] [190

]
Módulo 5.

Underfull \hbox (badness 10000) in paragraph at lines 8407--8408

 []


Underfull \hbox (badness 10000) in paragraph at lines 8409--8410

 []


Underfull \hbox (badness 10000) in paragraph at lines 8425--8426

 []


Underfull \hbox (badness 10000) in paragraph at lines 8432--8433

 []

File: images5/funcao_probabilidade 2.jpg Graphic file (type bmp)
<images5/funcao_probabilidade 2.jpg>

Underfull \hbox (badness 10000) in paragraph at lines 8443--8444

 []


Underfull \hbox (badness 10000) in paragraph at lines 8447--8448

 []


Underfull \hbox (badness 10000) in paragraph at lines 8454--8455

 []

[191]
Underfull \hbox (badness 10000) in paragraph at lines 8458--8459

 []


Underfull \hbox (badness 10000) in paragraph at lines 8464--8465

 []


Underfull \hbox (badness 10000) in paragraph at lines 8469--8470

 []


Underfull \hbox (badness 10000) in paragraph at lines 8474--8475

 []


Underfull \hbox (badness 10000) in paragraph at lines 8479--8480

 []


Underfull \hbox (badness 10000) in paragraph at lines 8483--8484

 []


Underfull \hbox (badness 10000) in paragraph at lines 8489--8490

 []

[192]
Underfull \hbox (badness 10000) in paragraph at lines 8496--8497

 []


Underfull \hbox (badness 10000) in paragraph at lines 8500--8501

 []


Underfull \hbox (badness 10000) in paragraph at lines 8504--8505

 []


Underfull \hbox (badness 10000) in paragraph at lines 8508--8509

 []


Underfull \hbox (badness 10000) in paragraph at lines 8513--8514

 []


Underfull \hbox (badness 10000) in paragraph at lines 8517--8518

 []


Underfull \hbox (badness 10000) in paragraph at lines 8521--8522

 []

Missing character: There is no α (U+03B1) in font [lmroman10-regular]:mapping=t
ex-text;!
Missing character: There is no α (U+03B1) in font [lmroman10-regular]:mapping=t
ex-text;!

Underfull \hbox (badness 10000) in paragraph at lines 8527--8528

 []


Underfull \hbox (badness 10000) in paragraph at lines 8533--8534

 []


Underfull \hbox (badness 10000) in paragraph at lines 8541--8542

 []

[193]
Underfull \hbox (badness 10000) in paragraph at lines 8573--8574

 []


LaTeX Warning: No positions in optional float specifier.
               Default added (so using `tbp') on input line 8591.

[194]

LaTeX Warning: No positions in optional float specifier.
               Default added (so using `tbp') on input line 8631.


Underfull \hbox (badness 10000) in paragraph at lines 8644--8645

 []

[195]
File: apostila_files/figure-latex/unnamed-chunk-105-1.pdf Graphic file (type pd
f)
<use apostila_files/figure-latex/unnamed-chunk-105-1.pdf>

Underfull \hbox (badness 10000) in paragraph at lines 8674--8675

 []


Underfull \hbox (badness 10000) in paragraph at lines 8678--8679

 []


Underfull \hbox (badness 10000) in paragraph at lines 8703--8704

 []


Underfull \hbox (badness 10000) in paragraph at lines 8707--8708

 []

[196]
Underfull \hbox (badness 10000) in paragraph at lines 8711--8712

 []


Underfull \hbox (badness 10000) in paragraph at lines 8715--8716

 []


Underfull \hbox (badness 10000) in paragraph at lines 8727--8728

 []


Underfull \hbox (badness 10000) in paragraph at lines 8740--8741

 []


LaTeX Warning: No positions in optional float specifier.
               Default added (so using `tbp') on input line 8752.

[197] [198]
File: apostila_files/figure-latex/unnamed-chunk-107-1.pdf Graphic file (type pd
f)
<use apostila_files/figure-latex/unnamed-chunk-107-1.pdf>

Underfull \hbox (badness 10000) in paragraph at lines 8845--8846

 []


Underfull \hbox (badness 10000) in paragraph at lines 8849--8850

 []

File: images5/var_aleatoria_continua.png Graphic file (type bmp)
<images5/var_aleatoria_continua.png>

Underfull \hbox (badness 10000) in paragraph at lines 8868--8869

 []

[199]
Underfull \hbox (badness 10000) in paragraph at lines 8880--8881

 []


Underfull \hbox (badness 10000) in paragraph at lines 8888--8889

 []


Underfull \hbox (badness 10000) in paragraph at lines 8892--8893

 []


Underfull \hbox (badness 10000) in paragraph at lines 8896--8897

 []


Underfull \hbox (badness 10000) in paragraph at lines 8900--8901

 []


Underfull \hbox (badness 10000) in paragraph at lines 8904--8905

 []


Underfull \hbox (badness 10000) in paragraph at lines 8913--8914

 []


Underfull \hbox (badness 10000) in paragraph at lines 8918--8919

 []

[200]
Underfull \hbox (badness 10000) in paragraph at lines 8924--8925

 []


Underfull \hbox (badness 10000) in paragraph at lines 8928--8929

 []


Underfull \hbox (badness 10000) in paragraph at lines 8934--8935

 []


Underfull \hbox (badness 10000) in paragraph at lines 8938--8939

 []

File: images5/func_dist_cont.jpg Graphic file (type bmp)
<images5/func_dist_cont.jpg>

Underfull \hbox (badness 10000) in paragraph at lines 8949--8950

 []


Underfull \hbox (badness 10000) in paragraph at lines 8953--8954

 []


Underfull \hbox (badness 10000) in paragraph at lines 8957--8958

 []

[201]
Underfull \hbox (badness 10000) in paragraph at lines 8963--8964

 []


Underfull \hbox (badness 10000) in paragraph at lines 8967--8968

 []


Underfull \hbox (badness 10000) in paragraph at lines 8976--8977

 []


Underfull \hbox (badness 10000) in paragraph at lines 8980--8981

 []


Underfull \hbox (badness 10000) in paragraph at lines 8990--8991

 []

File: images5/massa.jpg Graphic file (type bmp)
<images5/massa.jpg>

Underfull \hbox (badness 10000) in paragraph at lines 9001--9002

 []


Underfull \hbox (badness 10000) in paragraph at lines 9005--9006

 []


Underfull \hbox (badness 10000) in paragraph at lines 9016--9017

 []


Underfull \hbox (badness 10000) in paragraph at lines 9024--9025

 []

File: images5/func_dist_cont_cum.jpg Graphic file (type bmp)
<images5/func_dist_cont_cum.jpg>

Underfull \hbox (badness 10000) in paragraph at lines 9035--9036

 []

[202] [203]
Underfull \hbox (badness 10000) in paragraph at lines 9041--9042

 []


Underfull \hbox (badness 10000) in paragraph at lines 9051--9052

 []


Underfull \hbox (badness 10000) in paragraph at lines 9055--9056

 []

File: apostila_files/figure-latex/unnamed-chunk-111-1.pdf Graphic file (type pd
f)
<use apostila_files/figure-latex/unnamed-chunk-111-1.pdf>

Underfull \hbox (badness 10000) in paragraph at lines 9066--9067

 []


Underfull \hbox (badness 10000) in paragraph at lines 9075--9076

 []


Underfull \hbox (badness 10000) in paragraph at lines 9087--9088

 []

[204]
Underfull \hbox (badness 10000) in paragraph at lines 9091--9092

 []


Underfull \hbox (badness 10000) in paragraph at lines 9101--9102

 []


Underfull \hbox (badness 10000) in paragraph at lines 9107--9108

 []


Underfull \hbox (badness 10000) in paragraph at lines 9113--9114

 []


Underfull \hbox (badness 10000) in paragraph at lines 9130--9131

 []

File: images5/item1.pdf Graphic file (type pdf)
<use images5/item1.pdf>

Underfull \hbox (badness 10000) in paragraph at lines 9143--9144

 []

File: images5/item2.jpg Graphic file (type bmp)
<images5/item2.jpg>

Underfull \hbox (badness 10000) in paragraph at lines 9154--9155

 []

File: images5/item3.jpg Graphic file (type bmp)
<images5/item3.jpg>

Underfull \hbox (badness 10000) in paragraph at lines 9165--9166

 []

File: images5/item4.jpg Graphic file (type bmp)
<images5/item4.jpg>

Underfull \hbox (badness 10000) in paragraph at lines 9176--9177

 []

File: images5/item5.jpg Graphic file (type bmp)
<images5/item5.jpg>

Underfull \hbox (badness 10000) in paragraph at lines 9187--9188

 []

File: images5/item6.jpg Graphic file (type bmp)
<images5/item6.jpg>

Underfull \hbox (badness 10000) in paragraph at lines 9198--9199

 []


Underfull \hbox (badness 10000) in paragraph at lines 9204--9205

 []

[205] [206] [207] [208]
Underfull \hbox (badness 10000) in paragraph at lines 9208--9209

 []


Underfull \hbox (badness 10000) in paragraph at lines 9218--9219

 []


Underfull \hbox (badness 10000) in paragraph at lines 9222--9223

 []


Underfull \hbox (badness 10000) in paragraph at lines 9227--9229

 []


Underfull \hbox (badness 10000) in paragraph at lines 9232--9233

 []

File: images5/exerc_15.jpg Graphic file (type bmp)
<images5/exerc_15.jpg>

Underfull \hbox (badness 10000) in paragraph at lines 9243--9244

 []


Underfull \hbox (badness 10000) in paragraph at lines 9251--9252

 []

[209]
Underfull \hbox (badness 10000) in paragraph at lines 9255--9256

 []


Underfull \hbox (badness 10000) in paragraph at lines 9259--9260

 []


Underfull \hbox (badness 10000) in paragraph at lines 9263--9264

 []


Underfull \hbox (badness 10000) in paragraph at lines 9269--9270

 []


Underfull \hbox (badness 10000) in paragraph at lines 9273--9274

 []


Underfull \hbox (badness 10000) in paragraph at lines 9277--9278

 []


Underfull \hbox (badness 10000) in paragraph at lines 9288--9289

 []


Underfull \hbox (badness 10000) in paragraph at lines 9292--9293

 []


Underfull \hbox (badness 10000) in paragraph at lines 9298--9299

 []

[210]
Underfull \hbox (badness 10000) in paragraph at lines 9316--9317

 []


Underfull \hbox (badness 10000) in paragraph at lines 9318--9319

 []


Underfull \hbox (badness 10000) in paragraph at lines 9324--9325

 []


Underfull \hbox (badness 10000) in paragraph at lines 9350--9351

 []


Underfull \hbox (badness 10000) in paragraph at lines 9363--9364

 []


Underfull \hbox (badness 10000) in paragraph at lines 9369--9370

 []


Underfull \hbox (badness 10000) in paragraph at lines 9391--9392

 []

[211]
Underfull \hbox (badness 10000) in paragraph at lines 9395--9396

 []


Underfull \hbox (badness 10000) in paragraph at lines 9409--9410

 []


Underfull \hbox (badness 10000) in paragraph at lines 9415--9416

 []

[212]
Módulo 6.

Underfull \hbox (badness 10000) in paragraph at lines 9423--9424

 []


Underfull \hbox (badness 10000) in paragraph at lines 9425--9426

 []


Underfull \hbox (badness 10000) in paragraph at lines 9443--9445

 []


Underfull \hbox (badness 10000) in paragraph at lines 9448--9449

 []


LaTeX Warning: `h' float specifier changed to `ht'.


Underfull \hbox (badness 10000) in paragraph at lines 9473--9474

 []

[213

]
Underfull \hbox (badness 10000) in paragraph at lines 9480--9482

 []


Underfull \hbox (badness 10000) in paragraph at lines 9485--9486

 []


Underfull \hbox (badness 10000) in paragraph at lines 9491--9492

 []


Underfull \hbox (badness 10000) in paragraph at lines 9514--9516

 []


Underfull \hbox (badness 10000) in paragraph at lines 9519--9520

 []


Underfull \hbox (badness 10000) in paragraph at lines 9523--9524

 []


Underfull \hbox (badness 10000) in paragraph at lines 9527--9528

 []


Underfull \hbox (badness 10000) in paragraph at lines 9531--9532

 []

[214]
Underfull \hbox (badness 10000) in paragraph at lines 9539--9540

 []


Underfull \hbox (badness 10000) in paragraph at lines 9550--9551

 []


Underfull \hbox (badness 10000) in paragraph at lines 9554--9555

 []

File: images6/arv_bin.jpg Graphic file (type bmp)
<images6/arv_bin.jpg>

Underfull \hbox (badness 10000) in paragraph at lines 9565--9566

 []


Underfull \hbox (badness 10000) in paragraph at lines 9588--9589

 []

[215]
Underfull \hbox (badness 10000) in paragraph at lines 9596--9597

 []


Underfull \hbox (badness 10000) in paragraph at lines 9600--9601

 []


Underfull \hbox (badness 10000) in paragraph at lines 9605--9607

 []


Underfull \hbox (badness 10000) in paragraph at lines 9610--9611

 []


Underfull \hbox (badness 10000) in paragraph at lines 9616--9617

 []


Underfull \hbox (badness 10000) in paragraph at lines 9621--9622

 []


Underfull \hbox (badness 10000) in paragraph at lines 9625--9626

 []


Underfull \hbox (badness 10000) in paragraph at lines 9633--9634

 []

[216]
Underfull \hbox (badness 10000) in paragraph at lines 9637--9638

 []


Underfull \hbox (badness 10000) in paragraph at lines 9647--9648

 []


Underfull \hbox (badness 10000) in paragraph at lines 9657--9658

 []


Underfull \hbox (badness 10000) in paragraph at lines 9665--9666

 []


Underfull \hbox (badness 10000) in paragraph at lines 9669--9670

 []


Underfull \hbox (badness 10000) in paragraph at lines 9673--9674

 []


Underfull \hbox (badness 10000) in paragraph at lines 9681--9682

 []

[217]
Underfull \hbox (badness 10000) in paragraph at lines 9689--9690

 []


Underfull \hbox (badness 10000) in paragraph at lines 9697--9698

 []


Underfull \hbox (badness 10000) in paragraph at lines 9705--9706

 []


Underfull \hbox (badness 10000) in paragraph at lines 9713--9714

 []


Underfull \hbox (badness 10000) in paragraph at lines 9717--9718

 []

[218]
Underfull \hbox (badness 10000) in paragraph at lines 9753--9754

 []


Underfull \hbox (badness 10000) in paragraph at lines 9759--9760

 []


Underfull \hbox (badness 10000) in paragraph at lines 9765--9766

 []


Underfull \hbox (badness 10000) in paragraph at lines 9769--9770

 []


Underfull \hbox (badness 10000) in paragraph at lines 9777--9778

 []


Underfull \hbox (badness 10000) in paragraph at lines 9781--9782

 []

[219]
Underfull \hbox (badness 10000) in paragraph at lines 9814--9815

 []


Underfull \hbox (badness 10000) in paragraph at lines 9820--9821

 []


Underfull \hbox (badness 10000) in paragraph at lines 9824--9825

 []


Underfull \hbox (badness 10000) in paragraph at lines 9833--9834

 []


Underfull \hbox (badness 10000) in paragraph at lines 9840--9842

 []

[220]
Underfull \hbox (badness 10000) in paragraph at lines 9845--9846

 []


Underfull \hbox (badness 10000) in paragraph at lines 9851--9852

 []


Underfull \hbox (badness 10000) in paragraph at lines 9860--9861

 []


Underfull \hbox (badness 10000) in paragraph at lines 9864--9865

 []


Underfull \hbox (badness 10000) in paragraph at lines 9873--9874

 []


Underfull \hbox (badness 10000) in paragraph at lines 9877--9878

 []


Underfull \hbox (badness 10000) in paragraph at lines 9887--9888

 []

[221]
Underfull \hbox (badness 10000) in paragraph at lines 9937--9938

 []


Underfull \hbox (badness 10000) in paragraph at lines 9943--9944

 []


Underfull \hbox (badness 10000) in paragraph at lines 9947--9948

 []

[222]
Underfull \hbox (badness 10000) in paragraph at lines 9955--9956

 []


Underfull \hbox (badness 10000) in paragraph at lines 9957--9958

 []


Overfull \hbox (62.30313pt too wide) in paragraph at lines 9978--9978
[]\TU/lmtt/m/n/10 ## i Use the conflicted package (<http://conflicted.r-lib.org
/>) to force all conflicts to become errors[] 
 []

File: apostila_files/figure-latex/fig000-1.pdf Graphic file (type pdf)
<use apostila_files/figure-latex/fig000-1.pdf>

Underfull \hbox (badness 10000) in paragraph at lines 10010--10011

 []


Underfull \hbox (badness 10000) in paragraph at lines 10016--10017

 []


Underfull \vbox (badness 4995) has occurred while \output is active []


Underfull \vbox (badness 4995) has occurred while \output is active []

[223] [224]
Underfull \hbox (badness 10000) in paragraph at lines 10026--10027

 []


Underfull \hbox (badness 10000) in paragraph at lines 10030--10031

 []


Underfull \hbox (badness 10000) in paragraph at lines 10036--10037

 []


Underfull \hbox (badness 10000) in paragraph at lines 10040--10041

 []


Underfull \hbox (badness 10000) in paragraph at lines 10046--10047

 []


Underfull \hbox (badness 10000) in paragraph at lines 10050--10051

 []


Underfull \hbox (badness 10000) in paragraph at lines 10054--10055

 []


Underfull \hbox (badness 10000) in paragraph at lines 10060--10061

 []


Underfull \hbox (badness 10000) in paragraph at lines 10064--10065

 []

[225]
Underfull \hbox (badness 10000) in paragraph at lines 10068--10069

 []

LaTeX Font Info:    Font shape `TU/latinmodern-math.otf(1)/b/n' will be
(Font)              scaled to size 10.0pt on input line 10070.
LaTeX Font Info:    Font shape `TU/latinmodern-math.otf(1)/b/n' will be
(Font)              scaled to size 7.0pt on input line 10070.
LaTeX Font Info:    Font shape `TU/latinmodern-math.otf(1)/b/n' will be
(Font)              scaled to size 5.0pt on input line 10070.
LaTeX Font Info:    Font shape `TU/latinmodern-math.otf(2)/b/n' will be
(Font)              scaled to size 10.00092pt on input line 10070.
LaTeX Font Info:    Font shape `TU/latinmodern-math.otf(2)/b/n' will be
(Font)              scaled to size 7.00064pt on input line 10070.
LaTeX Font Info:    Font shape `TU/latinmodern-math.otf(2)/b/n' will be
(Font)              scaled to size 5.00046pt on input line 10070.
LaTeX Font Info:    Font shape `TU/latinmodern-math.otf(3)/b/n' will be
(Font)              scaled to size 9.99893pt on input line 10070.
LaTeX Font Info:    Font shape `TU/latinmodern-math.otf(3)/b/n' will be
(Font)              scaled to size 6.99925pt on input line 10070.
LaTeX Font Info:    Font shape `TU/latinmodern-math.otf(3)/b/n' will be
(Font)              scaled to size 4.99947pt on input line 10070.

Underfull \hbox (badness 10000) in paragraph at lines 10072--10073

 []


Underfull \hbox (badness 10000) in paragraph at lines 10084--10085

 []


Underfull \hbox (badness 10000) in paragraph at lines 10100--10101

 []


Underfull \hbox (badness 10000) in paragraph at lines 10104--10105

 []


Underfull \hbox (badness 10000) in paragraph at lines 10111--10112

 []


Underfull \hbox (badness 10000) in paragraph at lines 10115--10116

 []


Underfull \hbox (badness 10000) in paragraph at lines 10120--10122

 []


Underfull \hbox (badness 10000) in paragraph at lines 10127--10129

 []


Underfull \hbox (badness 10000) in paragraph at lines 10127--10129

 []

[226]
Underfull \hbox (badness 10000) in paragraph at lines 10134--10135

 []


Underfull \hbox (badness 10000) in paragraph at lines 10138--10139

 []


Underfull \hbox (badness 10000) in paragraph at lines 10149--10150

 []


Underfull \hbox (badness 10000) in paragraph at lines 10157--10158

 []


Underfull \hbox (badness 10000) in paragraph at lines 10183--10184

 []


Underfull \hbox (badness 10000) in paragraph at lines 10187--10188

 []

[227]
Underfull \hbox (badness 10000) in paragraph at lines 10191--10192

 []


Underfull \hbox (badness 10000) in paragraph at lines 10195--10196

 []


Underfull \hbox (badness 10000) in paragraph at lines 10206--10208

 []


Underfull \hbox (badness 10000) in paragraph at lines 10212--10213

 []


Underfull \hbox (badness 10000) in paragraph at lines 10216--10217

 []


Underfull \hbox (badness 10000) in paragraph at lines 10220--10221

 []


Underfull \hbox (badness 10000) in paragraph at lines 10224--10225

 []


Underfull \hbox (badness 10000) in paragraph at lines 10228--10229

 []


Underfull \vbox (badness 3386) has occurred while \output is active []


Underfull \vbox (badness 3386) has occurred while \output is active []

[228]
Underfull \hbox (badness 10000) in paragraph at lines 10237--10238

 []


Underfull \hbox (badness 10000) in paragraph at lines 10241--10242

 []


Underfull \hbox (badness 10000) in paragraph at lines 10251--10252

 []


Underfull \hbox (badness 10000) in paragraph at lines 10255--10256

 []


Underfull \hbox (badness 10000) in paragraph at lines 10261--10262

 []


Underfull \hbox (badness 10000) in paragraph at lines 10265--10266

 []


Underfull \hbox (badness 10000) in paragraph at lines 10274--10275

 []


Underfull \vbox (badness 10000) has occurred while \output is active []


Underfull \vbox (badness 10000) has occurred while \output is active []

[229]
Underfull \hbox (badness 10000) in paragraph at lines 10287--10288

 []


Underfull \hbox (badness 10000) in paragraph at lines 10297--10298

 []


Underfull \hbox (badness 10000) in paragraph at lines 10301--10302

 []


Underfull \hbox (badness 10000) in paragraph at lines 10307--10308

 []


Underfull \hbox (badness 10000) in paragraph at lines 10320--10321

 []

[230]
Underfull \hbox (badness 10000) in paragraph at lines 10330--10331

 []


Underfull \hbox (badness 10000) in paragraph at lines 10342--10343

 []

[231]
File: apostila_files/figure-latex/unnamed-chunk-123-1.pdf Graphic file (type pd
f)
<use apostila_files/figure-latex/unnamed-chunk-123-1.pdf>

Underfull \hbox (badness 10000) in paragraph at lines 10406--10407

 []


Underfull \hbox (badness 10000) in paragraph at lines 10416--10417

 []

[232]
Missing character: There is no é ("E9) in font lmmi10!

Underfull \hbox (badness 10000) in paragraph at lines 10436--10437

 []


Underfull \hbox (badness 10000) in paragraph at lines 10440--10441

 []


Underfull \hbox (badness 10000) in paragraph at lines 10447--10448

 []


Underfull \hbox (badness 10000) in paragraph at lines 10451--10452

 []


Underfull \hbox (badness 10000) in paragraph at lines 10462--10463

 []


Underfull \hbox (badness 10000) in paragraph at lines 10467--10469

 []


Underfull \hbox (badness 10000) in paragraph at lines 10472--10473

 []

[233]
Underfull \hbox (badness 10000) in paragraph at lines 10476--10477

 []


Underfull \hbox (badness 10000) in paragraph at lines 10482--10483

 []


Underfull \hbox (badness 10000) in paragraph at lines 10488--10489

 []


Underfull \hbox (badness 10000) in paragraph at lines 10492--10493

 []


Underfull \hbox (badness 10000) in paragraph at lines 10496--10497

 []


Underfull \hbox (badness 10000) in paragraph at lines 10502--10503

 []


Underfull \hbox (badness 10000) in paragraph at lines 10506--10507

 []


Underfull \hbox (badness 10000) in paragraph at lines 10513--10514

 []

[234]
Underfull \hbox (badness 10000) in paragraph at lines 10521--10522

 []


Underfull \hbox (badness 10000) in paragraph at lines 10525--10526

 []


Underfull \hbox (badness 10000) in paragraph at lines 10547--10548

 []


Underfull \hbox (badness 10000) in paragraph at lines 10554--10556

 []


Underfull \hbox (badness 10000) in paragraph at lines 10561--10562

 []


Underfull \hbox (badness 10000) in paragraph at lines 10569--10570

 []


Underfull \hbox (badness 10000) in paragraph at lines 10573--10574

 []

[235]
Underfull \hbox (badness 10000) in paragraph at lines 10604--10605

 []


Underfull \hbox (badness 10000) in paragraph at lines 10614--10615

 []


Underfull \hbox (badness 10000) in paragraph at lines 10618--10619

 []


Underfull \hbox (badness 10000) in paragraph at lines 10632--10633

 []

[236]
Underfull \hbox (badness 10000) in paragraph at lines 10641--10642

 []


Underfull \hbox (badness 10000) in paragraph at lines 10645--10646

 []


Underfull \hbox (badness 10000) in paragraph at lines 10652--10654

 []


Underfull \hbox (badness 10000) in paragraph at lines 10654--10656

 []


Underfull \hbox (badness 10000) in paragraph at lines 10656--10658

 []

Missing character: There is no ≤ (U+2264) in font [lmroman10-regular]:mapping=t
ex-text;!
Missing character: There is no ≤ (U+2264) in font [lmroman10-regular]:mapping=t
ex-text;!

Underfull \hbox (badness 10000) in paragraph at lines 10665--10666

 []


Underfull \hbox (badness 10000) in paragraph at lines 10674--10675

 []


Underfull \hbox (badness 10000) in paragraph at lines 10688--10689

 []

[237]
Underfull \hbox (badness 10000) in paragraph at lines 10692--10693

 []


Underfull \hbox (badness 10000) in paragraph at lines 10698--10699

 []


Underfull \hbox (badness 10000) in paragraph at lines 10707--10708

 []


Underfull \hbox (badness 10000) in paragraph at lines 10716--10717

 []


Underfull \hbox (badness 10000) in paragraph at lines 10725--10726

 []


Underfull \hbox (badness 10000) in paragraph at lines 10734--10735

 []


Underfull \hbox (badness 10000) in paragraph at lines 10743--10744

 []

[238]
Underfull \hbox (badness 10000) in paragraph at lines 10757--10758

 []


Underfull \hbox (badness 10000) in paragraph at lines 10761--10762

 []


Underfull \hbox (badness 10000) in paragraph at lines 10767--10768

 []


Underfull \hbox (badness 10000) in paragraph at lines 10776--10777

 []


Underfull \hbox (badness 10000) in paragraph at lines 10785--10786

 []


Underfull \hbox (badness 10000) in paragraph at lines 10794--10795

 []

[239]
Underfull \hbox (badness 10000) in paragraph at lines 10806--10807

 []


Underfull \hbox (badness 10000) in paragraph at lines 10810--10811

 []


Underfull \hbox (badness 10000) in paragraph at lines 10814--10815

 []


Underfull \hbox (badness 10000) in paragraph at lines 10818--10819

 []


Underfull \hbox (badness 10000) in paragraph at lines 10826--10827

 []


Underfull \hbox (badness 10000) in paragraph at lines 10830--10831

 []


Underfull \hbox (badness 10000) in paragraph at lines 10834--10835

 []


Underfull \hbox (badness 10000) in paragraph at lines 10841--10842

 []


Underfull \hbox (badness 10000) in paragraph at lines 10845--10846

 []

[240]
Underfull \hbox (badness 10000) in paragraph at lines 10852--10854

 []


Underfull \hbox (badness 10000) in paragraph at lines 10857--10858

 []


Underfull \hbox (badness 10000) in paragraph at lines 10867--10868

 []


Underfull \hbox (badness 10000) in paragraph at lines 10873--10874

 []


Underfull \hbox (badness 10000) in paragraph at lines 10877--10878

 []


Underfull \hbox (badness 10000) in paragraph at lines 10881--10882

 []


Underfull \hbox (badness 10000) in paragraph at lines 10886--10887

 []


Underfull \hbox (badness 10000) in paragraph at lines 10890--10891

 []


Underfull \hbox (badness 10000) in paragraph at lines 10894--10895

 []

[241]
Underfull \hbox (badness 10000) in paragraph at lines 10904--10905

 []


Underfull \hbox (badness 10000) in paragraph at lines 10908--10909

 []


Underfull \hbox (badness 10000) in paragraph at lines 10924--10925

 []


Underfull \hbox (badness 10000) in paragraph at lines 10930--10931

 []


Underfull \hbox (badness 10000) in paragraph at lines 10934--10935

 []


Underfull \hbox (badness 10000) in paragraph at lines 10938--10939

 []


Underfull \hbox (badness 10000) in paragraph at lines 10943--10944

 []


Underfull \hbox (badness 10000) in paragraph at lines 10945--10946

 []


Underfull \hbox (badness 10000) in paragraph at lines 10949--10950

 []

[242]
Underfull \hbox (badness 10000) in paragraph at lines 10959--10960

 []


Underfull \hbox (badness 10000) in paragraph at lines 10963--10964

 []


Underfull \hbox (badness 10000) in paragraph at lines 10979--10980

 []


Underfull \hbox (badness 10000) in paragraph at lines 10985--10986

 []


Underfull \hbox (badness 10000) in paragraph at lines 10993--10994

 []


Underfull \hbox (badness 10000) in paragraph at lines 10998--11000

 []


Underfull \hbox (badness 10000) in paragraph at lines 11003--11004

 []


Underfull \hbox (badness 10000) in paragraph at lines 11007--11008

 []

[243]
Underfull \hbox (badness 10000) in paragraph at lines 11011--11012

 []


Underfull \hbox (badness 10000) in paragraph at lines 11022--11023

 []


Underfull \hbox (badness 10000) in paragraph at lines 11026--11027

 []


Underfull \hbox (badness 10000) in paragraph at lines 11042--11043

 []


Underfull \hbox (badness 10000) in paragraph at lines 11051--11052

 []


Underfull \hbox (badness 10000) in paragraph at lines 11055--11056

 []


Underfull \hbox (badness 10000) in paragraph at lines 11059--11060

 []


Underfull \hbox (badness 10000) in paragraph at lines 11064--11066

 []

[244]
Underfull \hbox (badness 10000) in paragraph at lines 11066--11068

 []


Underfull \hbox (badness 10000) in paragraph at lines 11068--11070

 []


Underfull \hbox (badness 10000) in paragraph at lines 11070--11072

 []


Underfull \hbox (badness 10000) in paragraph at lines 11075--11076

 []


Underfull \hbox (badness 10000) in paragraph at lines 11090--11091

 []


Underfull \hbox (badness 10000) in paragraph at lines 11094--11095

 []

Missing character: There is no ∩ (U+2229) in font [lmroman10-regular]:mapping=t
ex-text;!
Missing character: There is no ∩ (U+2229) in font [lmroman10-regular]:mapping=t
ex-text;!

Underfull \hbox (badness 10000) in paragraph at lines 11098--11099

 []


Underfull \hbox (badness 10000) in paragraph at lines 11106--11107

 []

[245]
Underfull \hbox (badness 10000) in paragraph at lines 11114--11115

 []


Underfull \hbox (badness 10000) in paragraph at lines 11122--11123

 []


Underfull \hbox (badness 10000) in paragraph at lines 11126--11127

 []


Underfull \hbox (badness 10000) in paragraph at lines 11130--11131

 []


Underfull \hbox (badness 10000) in paragraph at lines 11138--11139

 []


Underfull \hbox (badness 10000) in paragraph at lines 11142--11143

 []


Underfull \hbox (badness 10000) in paragraph at lines 11148--11149

 []


Underfull \hbox (badness 10000) in paragraph at lines 11152--11153

 []

[246]
Underfull \hbox (badness 10000) in paragraph at lines 11156--11157

 []


Underfull \hbox (badness 10000) in paragraph at lines 11160--11161

 []


Underfull \hbox (badness 10000) in paragraph at lines 11164--11165

 []


Underfull \hbox (badness 10000) in paragraph at lines 11174--11175

 []


Underfull \hbox (badness 10000) in paragraph at lines 11186--11187

 []


Underfull \hbox (badness 10000) in paragraph at lines 11207--11208

 []


Underfull \hbox (badness 10000) in paragraph at lines 11211--11212

 []

[247]
Underfull \hbox (badness 10000) in paragraph at lines 11219--11220

 []


Underfull \hbox (badness 10000) in paragraph at lines 11223--11224

 []


Underfull \hbox (badness 10000) in paragraph at lines 11233--11234

 []


Underfull \hbox (badness 10000) in paragraph at lines 11241--11242

 []


Underfull \hbox (badness 10000) in paragraph at lines 11249--11250

 []


Underfull \hbox (badness 10000) in paragraph at lines 11253--11254

 []


Underfull \hbox (badness 10000) in paragraph at lines 11258--11260

 []


Underfull \hbox (badness 10000) in paragraph at lines 11263--11264

 []


Underfull \hbox (badness 10000) in paragraph at lines 11270--11271

 []

[248]
Underfull \hbox (badness 10000) in paragraph at lines 11274--11275

 []


Underfull \hbox (badness 10000) in paragraph at lines 11284--11285

 []


Underfull \hbox (badness 10000) in paragraph at lines 11288--11289

 []


Underfull \hbox (badness 10000) in paragraph at lines 11298--11299

 []


Underfull \hbox (badness 10000) in paragraph at lines 11302--11303

 []

[249]
File: apostila_files/figure-latex/unnamed-chunk-131-1.pdf Graphic file (type pd
f)
<use apostila_files/figure-latex/unnamed-chunk-131-1.pdf>
[250]
File: apostila_files/figure-latex/unnamed-chunk-132-1.pdf Graphic file (type pd
f)
<use apostila_files/figure-latex/unnamed-chunk-132-1.pdf>
[251]
Underfull \hbox (badness 10000) in paragraph at lines 11407--11408

 []


Underfull \hbox (badness 10000) in paragraph at lines 11413--11414

 []


Underfull \hbox (badness 10000) in paragraph at lines 11417--11418

 []


Underfull \hbox (badness 10000) in paragraph at lines 11425--11426

 []


Underfull \hbox (badness 10000) in paragraph at lines 11429--11430

 []


Underfull \hbox (badness 10000) in paragraph at lines 11439--11440

 []


Underfull \hbox (badness 10000) in paragraph at lines 11443--11444

 []

[252]
Underfull \hbox (badness 10000) in paragraph at lines 11462--11463

 []


Underfull \hbox (badness 10000) in paragraph at lines 11470--11471

 []


Underfull \hbox (badness 10000) in paragraph at lines 11474--11475

 []


Underfull \hbox (badness 10000) in paragraph at lines 11486--11487

 []


Underfull \hbox (badness 10000) in paragraph at lines 11497--11498

 []


Underfull \hbox (badness 10000) in paragraph at lines 11501--11502

 []

[253]
Underfull \hbox (badness 10000) in paragraph at lines 11523--11524

 []


Underfull \hbox (badness 10000) in paragraph at lines 11535--11536

 []


Underfull \hbox (badness 10000) in paragraph at lines 11539--11540

 []


Underfull \hbox (badness 10000) in paragraph at lines 11550--11551

 []


Underfull \hbox (badness 10000) in paragraph at lines 11554--11555

 []

[254]
Underfull \hbox (badness 10000) in paragraph at lines 11576--11577

 []


Underfull \hbox (badness 10000) in paragraph at lines 11580--11581

 []


Underfull \hbox (badness 10000) in paragraph at lines 11586--11587

 []


Underfull \hbox (badness 10000) in paragraph at lines 11590--11591

 []


Underfull \hbox (badness 10000) in paragraph at lines 11609--11610

 []


Underfull \hbox (badness 10000) in paragraph at lines 11617--11618

 []


Underfull \hbox (badness 10000) in paragraph at lines 11621--11622

 []


Underfull \hbox (badness 10000) in paragraph at lines 11625--11626

 []

[255]
Underfull \hbox (badness 10000) in paragraph at lines 11629--11630

 []


Underfull \hbox (badness 10000) in paragraph at lines 11633--11634

 []


Underfull \hbox (badness 10000) in paragraph at lines 11639--11640

 []


Underfull \hbox (badness 10000) in paragraph at lines 11643--11644

 []


Underfull \hbox (badness 10000) in paragraph at lines 11649--11650

 []


Underfull \hbox (badness 10000) in paragraph at lines 11653--11654

 []


Underfull \hbox (badness 10000) in paragraph at lines 11658--11660

 []


Underfull \hbox (badness 10000) in paragraph at lines 11663--11664

 []


Underfull \hbox (badness 10000) in paragraph at lines 11667--11668

 []


Underfull \hbox (badness 10000) in paragraph at lines 11672--11674

 []


Underfull \hbox (badness 10000) in paragraph at lines 11677--11678

 []


Underfull \hbox (badness 10000) in paragraph at lines 11681--11682

 []

[256]
Underfull \hbox (badness 10000) in paragraph at lines 11685--11686

 []


Underfull \hbox (badness 10000) in paragraph at lines 11691--11692

 []


Underfull \hbox (badness 10000) in paragraph at lines 11695--11696

 []


Underfull \hbox (badness 10000) in paragraph at lines 11702--11703

 []


Underfull \hbox (badness 10000) in paragraph at lines 11706--11707

 []


Underfull \hbox (badness 10000) in paragraph at lines 11713--11714

 []


Underfull \hbox (badness 10000) in paragraph at lines 11717--11718

 []


Underfull \hbox (badness 10000) in paragraph at lines 11721--11722

 []

File: images6/tabZa.jpg Graphic file (type bmp)
<images6/tabZa.jpg>

Underfull \hbox (badness 10000) in paragraph at lines 11732--11733

 []


Underfull \hbox (badness 10000) in paragraph at lines 11736--11737

 []


Underfull \hbox (badness 10000) in paragraph at lines 11741--11742

 []

[257]
Underfull \hbox (badness 10000) in paragraph at lines 11753--11754

 []


Underfull \hbox (badness 10000) in paragraph at lines 11757--11758

 []


Underfull \hbox (badness 10000) in paragraph at lines 11759--11760

 []


Underfull \hbox (badness 10000) in paragraph at lines 11763--11764

 []

[258]
File: apostila_files/figure-latex/unnamed-chunk-138-1.pdf Graphic file (type pd
f)
<use apostila_files/figure-latex/unnamed-chunk-138-1.pdf>

Underfull \vbox (badness 10000) has occurred while \output is active []


Underfull \vbox (badness 10000) has occurred while \output is active []

[259]
Underfull \hbox (badness 10000) in paragraph at lines 11813--11814

 []


Underfull \hbox (badness 10000) in paragraph at lines 11819--11820

 []


Underfull \hbox (badness 10000) in paragraph at lines 11823--11824

 []

Missing character: There is no á ("E1) in font lmmi10!

Underfull \hbox (badness 10000) in paragraph at lines 11827--11828

 []

Missing character: There is no á ("E1) in font lmmi10!

Underfull \hbox (badness 10000) in paragraph at lines 11835--11836

 []

[260]
Underfull \hbox (badness 10000) in paragraph at lines 11839--11840

 []


Underfull \hbox (badness 10000) in paragraph at lines 11849--11850

 []


Underfull \hbox (badness 10000) in paragraph at lines 11853--11854

 []

Missing character: There is no á ("E1) in font lmmi10!

Underfull \hbox (badness 10000) in paragraph at lines 11859--11860

 []


Underfull \hbox (badness 10000) in paragraph at lines 11863--11864

 []


Underfull \hbox (badness 10000) in paragraph at lines 11867--11868

 []


Underfull \hbox (badness 10000) in paragraph at lines 11871--11872

 []


Underfull \hbox (badness 10000) in paragraph at lines 11878--11879

 []

[261]
Underfull \hbox (badness 10000) in paragraph at lines 11906--11907

 []

File: apostila_files/figure-latex/fig24-1.pdf Graphic file (type pdf)
<use apostila_files/figure-latex/fig24-1.pdf>

Underfull \vbox (badness 10000) has occurred while \output is active []


Underfull \vbox (badness 10000) has occurred while \output is active []

[262]
Underfull \hbox (badness 10000) in paragraph at lines 11953--11954

 []


Underfull \hbox (badness 10000) in paragraph at lines 11963--11964

 []


Underfull \hbox (badness 10000) in paragraph at lines 11967--11968

 []

Missing character: There is no á ("E1) in font lmmi10!

Underfull \hbox (badness 10000) in paragraph at lines 11973--11974

 []

[263]
Underfull \hbox (badness 10000) in paragraph at lines 11977--11978

 []


Underfull \hbox (badness 10000) in paragraph at lines 11981--11982

 []


Underfull \hbox (badness 10000) in paragraph at lines 11985--11986

 []


Underfull \hbox (badness 10000) in paragraph at lines 11991--11992

 []


Underfull \hbox (badness 10000) in paragraph at lines 12019--12020

 []

[264]
File: apostila_files/figure-latex/fig25-1.pdf Graphic file (type pdf)
<use apostila_files/figure-latex/fig25-1.pdf>

Underfull \hbox (badness 10000) in paragraph at lines 12066--12067

 []


Underfull \hbox (badness 10000) in paragraph at lines 12070--12071

 []


Underfull \hbox (badness 10000) in paragraph at lines 12074--12075

 []

[265]
Underfull \hbox (badness 10000) in paragraph at lines 12080--12081

 []


Underfull \hbox (badness 10000) in paragraph at lines 12084--12085

 []


Underfull \hbox (badness 10000) in paragraph at lines 12088--12089

 []


Underfull \hbox (badness 10000) in paragraph at lines 12093--12095

 []


Underfull \hbox (badness 10000) in paragraph at lines 12098--12099

 []


Underfull \hbox (badness 10000) in paragraph at lines 12100--12101

 []


Underfull \hbox (badness 10000) in paragraph at lines 12108--12109

 []


Underfull \hbox (badness 10000) in paragraph at lines 12112--12113

 []


Underfull \hbox (badness 10000) in paragraph at lines 12116--12117

 []


Underfull \hbox (badness 10000) in paragraph at lines 12120--12121

 []


Underfull \hbox (badness 10000) in paragraph at lines 12124--12125

 []

[266]
Underfull \hbox (badness 10000) in paragraph at lines 12128--12129

 []


Underfull \hbox (badness 10000) in paragraph at lines 12132--12133

 []


Underfull \hbox (badness 10000) in paragraph at lines 12136--12137

 []


Underfull \hbox (badness 10000) in paragraph at lines 12140--12141

 []


Underfull \hbox (badness 10000) in paragraph at lines 12147--12149

 []


Underfull \hbox (badness 10000) in paragraph at lines 12149--12151

 []


Underfull \hbox (badness 10000) in paragraph at lines 12156--12157

 []

File: images6/tabta.jpg Graphic file (type bmp)
<images6/tabta.jpg>

Underfull \hbox (badness 10000) in paragraph at lines 12167--12168

 []

[267]
Underfull \hbox (badness 10000) in paragraph at lines 12171--12172

 []


Underfull \hbox (badness 10000) in paragraph at lines 12176--12177

 []


Underfull \hbox (badness 10000) in paragraph at lines 12180--12181

 []


Underfull \hbox (badness 10000) in paragraph at lines 12184--12185

 []

[268]
File: apostila_files/figure-latex/fig27-1.pdf Graphic file (type pdf)
<use apostila_files/figure-latex/fig27-1.pdf>

Underfull \hbox (badness 10000) in paragraph at lines 12252--12253

 []

[269]
File: apostila_files/figure-latex/fig28-1.pdf Graphic file (type pdf)
<use apostila_files/figure-latex/fig28-1.pdf>

Underfull \hbox (badness 10000) in paragraph at lines 12302--12303

 []


Overfull \vbox (1.41968pt too high) detected at line 12341
 []

[270] [271]
File: apostila_files/figure-latex/fig29-1.pdf Graphic file (type pdf)
<use apostila_files/figure-latex/fig29-1.pdf>

Underfull \hbox (badness 10000) in paragraph at lines 12354--12355

 []


Underfull \vbox (badness 10000) has occurred while \output is active []


Underfull \vbox (badness 10000) has occurred while \output is active []

[272]
Underfull \hbox (badness 10000) in paragraph at lines 12358--12359

 []


Underfull \hbox (badness 10000) in paragraph at lines 12364--12365

 []


Underfull \hbox (badness 10000) in paragraph at lines 12368--12369

 []


Underfull \hbox (badness 10000) in paragraph at lines 12374--12375

 []


Underfull \hbox (badness 10000) in paragraph at lines 12378--12379

 []


Underfull \hbox (badness 10000) in paragraph at lines 12384--12385

 []


Underfull \hbox (badness 10000) in paragraph at lines 12388--12389

 []


Underfull \hbox (badness 10000) in paragraph at lines 12393--12395

 []


Underfull \hbox (badness 10000) in paragraph at lines 12400--12401

 []


Underfull \hbox (badness 10000) in paragraph at lines 12404--12405

 []

[273]
Underfull \hbox (badness 10000) in paragraph at lines 12408--12409

 []


Underfull \hbox (badness 10000) in paragraph at lines 12412--12413

 []


Underfull \hbox (badness 10000) in paragraph at lines 12416--12417

 []

File: images6/tabZ.pdf Graphic file (type pdf)
<use images6/tabZ.pdf>

LaTeX Warning: Float too large for page by 31.78435pt on input line 12434.


Underfull \hbox (badness 10000) in paragraph at lines 12436--12437

 []

File: images6/tabt.pdf Graphic file (type pdf)
<use images6/tabt.pdf>

Underfull \hbox (badness 10000) in paragraph at lines 12447--12448

 []

File: images6/distQQ.jpg Graphic file (type bmp)
<images6/distQQ.jpg>
File: images6/distF.jpg Graphic file (type bmp)
<images6/distF.jpg>
[274] [275] [276] [277] [278]
Módulo 7.

Underfull \hbox (badness 10000) in paragraph at lines 12473--12474

 []


Underfull \hbox (badness 10000) in paragraph at lines 12479--12480

 []


Underfull \hbox (badness 10000) in paragraph at lines 12485--12486

 []


Underfull \hbox (badness 10000) in paragraph at lines 12491--12492

 []


Underfull \hbox (badness 10000) in paragraph at lines 12497--12498

 []


Underfull \hbox (badness 10000) in paragraph at lines 12503--12504

 []

[279

]
Underfull \hbox (badness 10000) in paragraph at lines 12541--12542

 []


Underfull \hbox (badness 10000) in paragraph at lines 12548--12550

 []


Underfull \hbox (badness 10000) in paragraph at lines 12553--12554

 []


Underfull \hbox (badness 10000) in paragraph at lines 12559--12560

 []


Underfull \hbox (badness 10000) in paragraph at lines 12564--12566

 []


Underfull \hbox (badness 10000) in paragraph at lines 12569--12570

 []


Underfull \hbox (badness 10000) in paragraph at lines 12576--12578

 []

[280]
Underfull \hbox (badness 10000) in paragraph at lines 12581--12582

 []


Underfull \hbox (badness 10000) in paragraph at lines 12588--12590

 []


Underfull \hbox (badness 10000) in paragraph at lines 12593--12594

 []


Underfull \hbox (badness 10000) in paragraph at lines 12600--12602

 []


Underfull \hbox (badness 10000) in paragraph at lines 12607--12608

 []


Underfull \hbox (badness 10000) in paragraph at lines 12614--12616

 []


Underfull \hbox (badness 10000) in paragraph at lines 12616--12618

 []


Underfull \hbox (badness 10000) in paragraph at lines 12621--12622

 []


Underfull \hbox (badness 10000) in paragraph at lines 12628--12630

 []


Underfull \hbox (badness 10000) in paragraph at lines 12630--12632

 []


Underfull \hbox (badness 10000) in paragraph at lines 12634--12636

 []

[281]
Underfull \hbox (badness 10000) in paragraph at lines 12645--12646

 []


Underfull \hbox (badness 10000) in paragraph at lines 12649--12650

 []


Underfull \hbox (badness 10000) in paragraph at lines 12655--12656

 []


Underfull \hbox (badness 10000) in paragraph at lines 12659--12660

 []


Underfull \hbox (badness 10000) in paragraph at lines 12673--12674

 []


Underfull \hbox (badness 10000) in paragraph at lines 12678--12680

 []


Underfull \hbox (badness 10000) in paragraph at lines 12680--12682

 []


Underfull \hbox (badness 10000) in paragraph at lines 12682--12684

 []


Underfull \hbox (badness 10000) in paragraph at lines 12689--12690

 []


Underfull \hbox (badness 10000) in paragraph at lines 12695--12696

 []

[282]
Underfull \hbox (badness 10000) in paragraph at lines 12703--12704

 []


Underfull \hbox (badness 10000) in paragraph at lines 12708--12710

 []


Underfull \hbox (badness 10000) in paragraph at lines 12710--12712

 []


Underfull \hbox (badness 10000) in paragraph at lines 12712--12714

 []


Underfull \hbox (badness 10000) in paragraph at lines 12717--12718

 []


Underfull \hbox (badness 10000) in paragraph at lines 12721--12722

 []


Underfull \hbox (badness 10000) in paragraph at lines 12725--12726

 []


Underfull \hbox (badness 10000) in paragraph at lines 12729--12730

 []


Underfull \hbox (badness 10000) in paragraph at lines 12733--12734

 []


Underfull \hbox (badness 10000) in paragraph at lines 12738--12740

 []


Underfull \hbox (badness 10000) in paragraph at lines 12740--12742

 []


Underfull \hbox (badness 10000) in paragraph at lines 12745--12746

 []


Underfull \hbox (badness 10000) in paragraph at lines 12749--12750

 []

[283]
Underfull \hbox (badness 10000) in paragraph at lines 12765--12766

 []


Underfull \hbox (badness 10000) in paragraph at lines 12773--12774

 []


Underfull \hbox (badness 10000) in paragraph at lines 12779--12780

 []


Underfull \hbox (badness 10000) in paragraph at lines 12805--12806

 []


Underfull \hbox (badness 10000) in paragraph at lines 12809--12810

 []

[284]
Underfull \hbox (badness 10000) in paragraph at lines 12825--12826

 []


Underfull \hbox (badness 10000) in paragraph at lines 12841--12842

 []


LaTeX Warning: Reference `fig35' on page 285 undefined on input line 12847.


Underfull \hbox (badness 10000) in paragraph at lines 12849--12850

 []

File: images7/amostragem.jpg Graphic file (type bmp)
<images7/amostragem.jpg>

Underfull \hbox (badness 10000) in paragraph at lines 12860--12861

 []


Underfull \hbox (badness 10000) in paragraph at lines 12866--12867

 []


Underfull \hbox (badness 10000) in paragraph at lines 12872--12873

 []

File: images7/aas.jpg Graphic file (type bmp)
<images7/aas.jpg>
[285]
Underfull \hbox (badness 10000) in paragraph at lines 12883--12884

 []


Underfull \hbox (badness 10000) in paragraph at lines 12887--12888

 []


Underfull \hbox (badness 10000) in paragraph at lines 12897--12898

 []

[286]
Underfull \hbox (badness 10000) in paragraph at lines 12903--12904

 []


Underfull \hbox (badness 10000) in paragraph at lines 12907--12908

 []


Underfull \hbox (badness 10000) in paragraph at lines 12913--12914

 []


Underfull \hbox (badness 10000) in paragraph at lines 12919--12920

 []


Underfull \hbox (badness 10000) in paragraph at lines 12972--12973

 []


Underfull \hbox (badness 10000) in paragraph at lines 12978--12979

 []

[287]
Underfull \hbox (badness 10000) in paragraph at lines 12984--12985

 []


Underfull \hbox (badness 10000) in paragraph at lines 12990--12991

 []


Underfull \hbox (badness 10000) in paragraph at lines 12994--12995

 []


Underfull \hbox (badness 10000) in paragraph at lines 12998--12999

 []


Underfull \hbox (badness 10000) in paragraph at lines 13002--13003

 []


Underfull \hbox (badness 10000) in paragraph at lines 13006--13007

 []


Underfull \hbox (badness 10000) in paragraph at lines 13010--13011

 []


Underfull \hbox (badness 10000) in paragraph at lines 13014--13015

 []


Underfull \hbox (badness 10000) in paragraph at lines 13018--13019

 []


Underfull \hbox (badness 10000) in paragraph at lines 13022--13023

 []


Underfull \hbox (badness 10000) in paragraph at lines 13028--13029

 []

[288]
Underfull \hbox (badness 10000) in paragraph at lines 13032--13033

 []

File: images7/sistematica.jpg Graphic file (type bmp)
<images7/sistematica.jpg>

Underfull \hbox (badness 10000) in paragraph at lines 13043--13044

 []


Underfull \hbox (badness 10000) in paragraph at lines 13047--13048

 []


Underfull \hbox (badness 10000) in paragraph at lines 13061--13062

 []


Underfull \hbox (badness 10000) in paragraph at lines 13067--13068

 []


Underfull \hbox (badness 10000) in paragraph at lines 13071--13072

 []


Underfull \hbox (badness 10000) in paragraph at lines 13075--13076

 []

[289]
Underfull \hbox (badness 10000) in paragraph at lines 13080--13082

 []


Underfull \hbox (badness 10000) in paragraph at lines 13087--13088

 []


Underfull \hbox (badness 10000) in paragraph at lines 13097--13098

 []


Underfull \hbox (badness 10000) in paragraph at lines 13104--13105

 []


Underfull \hbox (badness 10000) in paragraph at lines 13108--13109

 []


Underfull \hbox (badness 10000) in paragraph at lines 13116--13117

 []


Underfull \hbox (badness 10000) in paragraph at lines 13122--13123

 []

[290]
Underfull \hbox (badness 10000) in paragraph at lines 13134--13135

 []


Underfull \hbox (badness 10000) in paragraph at lines 13138--13139

 []


Underfull \hbox (badness 10000) in paragraph at lines 13146--13147

 []


Underfull \hbox (badness 10000) in paragraph at lines 13150--13151

 []


Underfull \hbox (badness 10000) in paragraph at lines 13155--13157

 []


Underfull \hbox (badness 10000) in paragraph at lines 13160--13161

 []

File: images7/estratificada2.jpg Graphic file (type bmp)
<images7/estratificada2.jpg>

Underfull \hbox (badness 10000) in paragraph at lines 13173--13174

 []

[291]
Underfull \hbox (badness 10000) in paragraph at lines 13181--13182

 []


Underfull \hbox (badness 10000) in paragraph at lines 13185--13186

 []


Underfull \hbox (badness 10000) in paragraph at lines 13195--13196

 []


Underfull \hbox (badness 10000) in paragraph at lines 13199--13200

 []


Underfull \hbox (badness 10000) in paragraph at lines 13203--13204

 []


Underfull \hbox (badness 10000) in paragraph at lines 13207--13208

 []


Underfull \hbox (badness 10000) in paragraph at lines 13211--13212

 []


Underfull \hbox (badness 10000) in paragraph at lines 13215--13216

 []


Underfull \hbox (badness 10000) in paragraph at lines 13219--13220

 []


Underfull \hbox (badness 10000) in paragraph at lines 13224--13226

 []


Underfull \hbox (badness 10000) in paragraph at lines 13226--13228

 []

[292]
Missing character: There is no é ("E9) in font lmmi10!

Underfull \hbox (badness 10000) in paragraph at lines 13228--13230

 []

Missing character: There is no é ("E9) in font lmmi10!
Missing character: There is no é ("E9) in font lmmi10!

Underfull \hbox (badness 10000) in paragraph at lines 13233--13234

 []

Missing character: There is no é ("E9) in font lmmi10!
Missing character: There is no é ("E9) in font lmmi10!
Missing character: There is no é ("E9) in font lmmi10!

Underfull \hbox (badness 10000) in paragraph at lines 13237--13238

 []


Underfull \hbox (badness 10000) in paragraph at lines 13241--13242

 []


Underfull \hbox (badness 10000) in paragraph at lines 13245--13246

 []


Underfull \hbox (badness 10000) in paragraph at lines 13251--13252

 []


Underfull \hbox (badness 10000) in paragraph at lines 13255--13256

 []


Underfull \hbox (badness 10000) in paragraph at lines 13260--13262

 []


Underfull \hbox (badness 10000) in paragraph at lines 13262--13264

 []


Underfull \hbox (badness 10000) in paragraph at lines 13267--13268

 []


Underfull \hbox (badness 10000) in paragraph at lines 13271--13272

 []


Underfull \hbox (badness 10000) in paragraph at lines 13275--13276

 []

[293]
Underfull \hbox (badness 10000) in paragraph at lines 13287--13288

 []


Underfull \hbox (badness 10000) in paragraph at lines 13291--13292

 []


Underfull \hbox (badness 10000) in paragraph at lines 13303--13304

 []


Underfull \hbox (badness 10000) in paragraph at lines 13307--13308

 []


Underfull \hbox (badness 10000) in paragraph at lines 13319--13320

 []


Underfull \hbox (badness 10000) in paragraph at lines 13323--13324

 []


Underfull \hbox (badness 10000) in paragraph at lines 13327--13328

 []


Underfull \hbox (badness 10000) in paragraph at lines 13331--13332

 []

[294]
Underfull \hbox (badness 10000) in paragraph at lines 13335--13336

 []


Underfull \hbox (badness 10000) in paragraph at lines 13339--13340

 []


Underfull \hbox (badness 10000) in paragraph at lines 13343--13344

 []


Underfull \hbox (badness 10000) in paragraph at lines 13348--13349

 []


Underfull \hbox (badness 10000) in paragraph at lines 13352--13353

 []


Underfull \hbox (badness 10000) in paragraph at lines 13356--13357

 []


Underfull \hbox (badness 10000) in paragraph at lines 13358--13359

 []


Underfull \hbox (badness 10000) in paragraph at lines 13363--13365

 []


Underfull \hbox (badness 10000) in paragraph at lines 13365--13367

 []

Missing character: There is no é ("E9) in font lmmi10!

Underfull \hbox (badness 10000) in paragraph at lines 13367--13369

 []

Missing character: There is no é ("E9) in font lmmi10!
Missing character: There is no é ("E9) in font lmmi10!
Missing character: There is no é ("E9) in font lmmi10!

Underfull \hbox (badness 10000) in paragraph at lines 13371--13372

 []


Underfull \hbox (badness 10000) in paragraph at lines 13374--13375

 []

Missing character: There is no é ("E9) in font lmmi10!
Missing character: There is no é ("E9) in font lmmi10!
Missing character: There is no é ("E9) in font lmmi10!

Underfull \hbox (badness 10000) in paragraph at lines 13378--13379

 []

[295]
Underfull \hbox (badness 10000) in paragraph at lines 13386--13387

 []


Underfull \hbox (badness 10000) in paragraph at lines 13395--13396

 []


Underfull \hbox (badness 10000) in paragraph at lines 13399--13400

 []


Underfull \hbox (badness 10000) in paragraph at lines 13404--13406

 []


Underfull \hbox (badness 10000) in paragraph at lines 13406--13408

 []


Underfull \hbox (badness 10000) in paragraph at lines 13411--13412

 []


Underfull \hbox (badness 10000) in paragraph at lines 13415--13416

 []

File: images7/estratificada.jpg Graphic file (type bmp)
<images7/estratificada.jpg>

Underfull \hbox (badness 10000) in paragraph at lines 13426--13427

 []

File: images7/conglomerado.jpg Graphic file (type bmp)
<images7/conglomerado.jpg>
[296]
Underfull \hbox (badness 10000) in paragraph at lines 13439--13440

 []


Underfull \hbox (badness 10000) in paragraph at lines 13447--13448

 []


Underfull \hbox (badness 10000) in paragraph at lines 13451--13452

 []


Underfull \hbox (badness 10000) in paragraph at lines 13455--13456

 []


Underfull \hbox (badness 10000) in paragraph at lines 13459--13460

 []


Underfull \hbox (badness 10000) in paragraph at lines 13463--13464

 []

[297]
Underfull \hbox (badness 10000) in paragraph at lines 13467--13468

 []


Underfull \hbox (badness 10000) in paragraph at lines 13471--13472

 []


Underfull \hbox (badness 10000) in paragraph at lines 13476--13478

 []


Underfull \hbox (badness 10000) in paragraph at lines 13481--13482

 []


Underfull \hbox (badness 10000) in paragraph at lines 13485--13486

 []


Underfull \hbox (badness 10000) in paragraph at lines 13495--13496

 []


Underfull \hbox (badness 10000) in paragraph at lines 13501--13502

 []


Underfull \hbox (badness 10000) in paragraph at lines 13513--13514

 []


Underfull \hbox (badness 10000) in paragraph at lines 13517--13518

 []

[298]
Underfull \hbox (badness 10000) in paragraph at lines 13523--13524

 []


Underfull \hbox (badness 10000) in paragraph at lines 13528--13530

 []


Underfull \hbox (badness 10000) in paragraph at lines 13530--13532

 []


Underfull \hbox (badness 10000) in paragraph at lines 13535--13536

 []

File: images7/simples_estratos_conglomerados.jpeg Graphic file (type bmp)
<images7/simples_estratos_conglomerados.jpeg>

Underfull \hbox (badness 10000) in paragraph at lines 13546--13547

 []


Underfull \hbox (badness 10000) in paragraph at lines 13555--13556

 []

File: images7/estratificada3.jpg Graphic file (type bmp)
<images7/estratificada3.jpg>

Underfull \hbox (badness 10000) in paragraph at lines 13574--13575

 []

[299] [300] [301]
Underfull \hbox (badness 10000) in paragraph at lines 13590--13591

 []


Underfull \hbox (badness 10000) in paragraph at lines 13594--13595

 []


Underfull \hbox (badness 10000) in paragraph at lines 13602--13603

 []


Underfull \hbox (badness 10000) in paragraph at lines 13606--13607

 []


Underfull \hbox (badness 10000) in paragraph at lines 13610--13611

 []


Underfull \hbox (badness 10000) in paragraph at lines 13618--13619

 []


Underfull \hbox (badness 10000) in paragraph at lines 13623--13625

 []

[302]
Underfull \hbox (badness 10000) in paragraph at lines 13628--13629

 []


Underfull \hbox (badness 10000) in paragraph at lines 13632--13633

 []


Underfull \hbox (badness 10000) in paragraph at lines 13636--13637

 []


Underfull \hbox (badness 10000) in paragraph at lines 13640--13641

 []


Underfull \hbox (badness 10000) in paragraph at lines 13655--13656

 []


Underfull \hbox (badness 10000) in paragraph at lines 13657--13658

 []


Underfull \hbox (badness 10000) in paragraph at lines 13663--13664

 []


Underfull \hbox (badness 10000) in paragraph at lines 13669--13670

 []


Underfull \hbox (badness 10000) in paragraph at lines 13675--13676

 []


Underfull \hbox (badness 10000) in paragraph at lines 13679--13680

 []

[303]
Underfull \hbox (badness 10000) in paragraph at lines 13684--13686

 []


Underfull \hbox (badness 10000) in paragraph at lines 13686--13688

 []


Underfull \hbox (badness 10000) in paragraph at lines 13688--13690

 []


Underfull \hbox (badness 10000) in paragraph at lines 13693--13694

 []


Underfull \hbox (badness 10000) in paragraph at lines 13707--13708

 []


Underfull \hbox (badness 10000) in paragraph at lines 13711--13712

 []


Underfull \hbox (badness 10000) in paragraph at lines 13717--13718

 []


Underfull \hbox (badness 10000) in paragraph at lines 13721--13722

 []


Underfull \hbox (badness 10000) in paragraph at lines 13729--13730

 []

[304]
Underfull \hbox (badness 10000) in paragraph at lines 13733--13734

 []


Underfull \hbox (badness 10000) in paragraph at lines 13737--13738

 []


Underfull \hbox (badness 10000) in paragraph at lines 13743--13744

 []


Underfull \hbox (badness 10000) in paragraph at lines 13749--13750

 []


Underfull \hbox (badness 10000) in paragraph at lines 13753--13754

 []

File: images7/tabela_t.pdf Graphic file (type pdf)
<use images7/tabela_t.pdf>

Underfull \hbox (badness 10000) in paragraph at lines 13768--13769

 []


Underfull \hbox (badness 10000) in paragraph at lines 13776--13777

 []


Underfull \hbox (badness 10000) in paragraph at lines 13782--13783

 []

[305] [306]
Underfull \hbox (badness 10000) in paragraph at lines 13786--13787

 []


Underfull \hbox (badness 10000) in paragraph at lines 13790--13791

 []


Underfull \hbox (badness 10000) in paragraph at lines 13795--13797

 []


Underfull \hbox (badness 10000) in paragraph at lines 13800--13801

 []


Underfull \hbox (badness 10000) in paragraph at lines 13806--13807

 []


Underfull \hbox (badness 10000) in paragraph at lines 13812--13813

 []


Underfull \hbox (badness 10000) in paragraph at lines 13816--13817

 []


Underfull \hbox (badness 10000) in paragraph at lines 13821--13823

 []


Underfull \hbox (badness 10000) in paragraph at lines 13823--13825

 []


Underfull \hbox (badness 10000) in paragraph at lines 13825--13827

 []


Underfull \hbox (badness 10000) in paragraph at lines 13830--13831

 []


Underfull \hbox (badness 10000) in paragraph at lines 13834--13835

 []

[307]
Underfull \hbox (badness 10000) in paragraph at lines 13838--13839

 []


Underfull \hbox (badness 10000) in paragraph at lines 13844--13845

 []


Underfull \hbox (badness 10000) in paragraph at lines 13848--13849

 []


Underfull \hbox (badness 10000) in paragraph at lines 13854--13855

 []


Underfull \hbox (badness 10000) in paragraph at lines 13860--13861

 []


Underfull \hbox (badness 10000) in paragraph at lines 13868--13869

 []


Underfull \hbox (badness 10000) in paragraph at lines 13872--13873

 []


Underfull \hbox (badness 10000) in paragraph at lines 13880--13881

 []

[308]
Underfull \hbox (badness 10000) in paragraph at lines 13886--13887

 []


Underfull \hbox (badness 10000) in paragraph at lines 13893--13894

 []


Underfull \hbox (badness 10000) in paragraph at lines 13897--13898

 []


Underfull \hbox (badness 10000) in paragraph at lines 13904--13905

 []


Underfull \hbox (badness 10000) in paragraph at lines 13912--13913

 []

[309] [310

]
Módulo 8.

Underfull \hbox (badness 10000) in paragraph at lines 13937--13938

 []

File: images8/01_estudos_epidemiologicos.png Graphic file (type bmp)
<images8/01_estudos_epidemiologicos.png>

Underfull \hbox (badness 10000) in paragraph at lines 13950--13951

 []


Underfull \hbox (badness 10000) in paragraph at lines 13964--13965

 []


Underfull \hbox (badness 10000) in paragraph at lines 13978--13979

 []


Underfull \hbox (badness 10000) in paragraph at lines 13992--13993

 []


Underfull \hbox (badness 10000) in paragraph at lines 14000--14001

 []

[311] [312]
Underfull \hbox (badness 10000) in paragraph at lines 14008--14009

 []


Underfull \hbox (badness 10000) in paragraph at lines 14016--14017

 []


Underfull \hbox (badness 10000) in paragraph at lines 14028--14029

 []


Underfull \hbox (badness 10000) in paragraph at lines 14040--14041

 []

File: images8/02_estudos_caso_controle.png Graphic file (type bmp)
<images8/02_estudos_caso_controle.png>

Underfull \hbox (badness 10000) in paragraph at lines 14053--14054

 []

[313] [314]
Underfull \hbox (badness 10000) in paragraph at lines 14063--14064

 []


Underfull \hbox (badness 10000) in paragraph at lines 14087--14088

 []


Underfull \hbox (badness 10000) in paragraph at lines 14091--14092

 []

File: images8/04_coorte.png Graphic file (type bmp)
<images8/04_coorte.png>

Underfull \hbox (badness 10000) in paragraph at lines 14102--14103

 []

[315]
Underfull \hbox (badness 10000) in paragraph at lines 14112--14113

 []


Underfull \hbox (badness 10000) in paragraph at lines 14138--14139

 []


Underfull \hbox (badness 10000) in paragraph at lines 14142--14143

 []

File: images8/03_estudo_clinico_aleatorizado.png Graphic file (type bmp)
<images8/03_estudo_clinico_aleatorizado.png>

Underfull \hbox (badness 10000) in paragraph at lines 14153--14154

 []

[316]
Underfull \hbox (badness 10000) in paragraph at lines 14167--14168

 []


Underfull \hbox (badness 10000) in paragraph at lines 14177--14178

 []


Underfull \hbox (badness 10000) in paragraph at lines 14183--14184

 []


Underfull \hbox (badness 10000) in paragraph at lines 14191--14192

 []


Underfull \hbox (badness 10000) in paragraph at lines 14197--14198

 []


Underfull \hbox (badness 10000) in paragraph at lines 14205--14206

 []


Underfull \hbox (badness 10000) in paragraph at lines 14211--14212

 []

[317]
Underfull \hbox (badness 10000) in paragraph at lines 14219--14220

 []


Underfull \hbox (badness 10000) in paragraph at lines 14225--14226

 []


Underfull \hbox (badness 10000) in paragraph at lines 14233--14234

 []


Underfull \hbox (badness 10000) in paragraph at lines 14239--14240

 []


Underfull \hbox (badness 10000) in paragraph at lines 14247--14248

 []


Underfull \hbox (badness 10000) in paragraph at lines 14253--14254

 []

File: images8/ilustracao_epidemiologia1.jpg Graphic file (type bmp)
<images8/ilustracao_epidemiologia1.jpg>

Underfull \hbox (badness 10000) in paragraph at lines 14264--14265

 []


Underfull \hbox (badness 10000) in paragraph at lines 14272--14273

 []

[318]
Underfull \hbox (badness 10000) in paragraph at lines 14278--14279

 []


Underfull \hbox (badness 10000) in paragraph at lines 14284--14285

 []


Underfull \hbox (badness 10000) in paragraph at lines 14290--14291

 []


Underfull \hbox (badness 10000) in paragraph at lines 14294--14295

 []


Underfull \hbox (badness 10000) in paragraph at lines 14299--14301

 []


Underfull \hbox (badness 10000) in paragraph at lines 14304--14305

 []


Underfull \hbox (badness 10000) in paragraph at lines 14318--14319

 []


Underfull \hbox (badness 10000) in paragraph at lines 14323--14325

 []

[319]
Underfull \hbox (badness 10000) in paragraph at lines 14325--14327

 []


Underfull \hbox (badness 10000) in paragraph at lines 14327--14329

 []


Underfull \hbox (badness 10000) in paragraph at lines 14329--14331

 []


Underfull \hbox (badness 10000) in paragraph at lines 14331--14333

 []


Underfull \hbox (badness 10000) in paragraph at lines 14333--14335

 []


Underfull \hbox (badness 10000) in paragraph at lines 14335--14337

 []


Underfull \hbox (badness 10000) in paragraph at lines 14337--14339

 []


Underfull \hbox (badness 10000) in paragraph at lines 14339--14341

 []


Underfull \hbox (badness 10000) in paragraph at lines 14344--14345

 []


Underfull \hbox (badness 10000) in paragraph at lines 14354--14355

 []


Underfull \hbox (badness 10000) in paragraph at lines 14358--14359

 []


Overfull \hbox (94.5112pt too wide) detected at line 14375
[] [] [][] [][][][][][][][]
 []

[320]
Underfull \hbox (badness 10000) in paragraph at lines 14403--14404

 []


Underfull \hbox (badness 10000) in paragraph at lines 14407--14408

 []


Underfull \hbox (badness 10000) in paragraph at lines 14411--14412

 []


Underfull \hbox (badness 10000) in paragraph at lines 14415--14416

 []


Underfull \hbox (badness 10000) in paragraph at lines 14419--14420

 []


Underfull \hbox (badness 10000) in paragraph at lines 14423--14424

 []


Overfull \hbox (82.66118pt too wide) detected at line 14428
[] [] [][] [][][][][][][][]
 []


Underfull \hbox (badness 10000) in paragraph at lines 14430--14431

 []


Underfull \hbox (badness 10000) in paragraph at lines 14436--14437

 []

[321]
Underfull \hbox (badness 10000) in paragraph at lines 14443--14444

 []


Underfull \hbox (badness 10000) in paragraph at lines 14447--14448

 []


Underfull \hbox (badness 10000) in paragraph at lines 14451--14452

 []


Underfull \hbox (badness 10000) in paragraph at lines 14455--14456

 []


Underfull \hbox (badness 10000) in paragraph at lines 14461--14462

 []


Underfull \hbox (badness 10000) in paragraph at lines 14465--14466

 []


Underfull \hbox (badness 1158) in paragraph at lines 14474--14474
[]|\TU/lmr/m/n/10 Número de \TU/lmr/bx/n/10 novos \TU/lmr/m/n/10 casos de doenç
a
 []


Underfull \hbox (badness 1874) in paragraph at lines 14480--14480
\TU/lmr/m/n/10 A principal medida de doenças ou
 []


Underfull \hbox (badness 10000) in paragraph at lines 14486--14487

 []

[322]
Overfull \hbox (188.02118pt too wide) detected at line 14503
[][] [] [][] [][][][][][][][][]
 []


Underfull \hbox (badness 4779) in paragraph at lines 14515--14516
[]|\TU/lmr/m/n/10 Percentagem da população com a
 []


Underfull \hbox (badness 10000) in paragraph at lines 14527--14528

 []


Underfull \hbox (badness 10000) in paragraph at lines 14535--14536

 []


Overfull \hbox (210.83916pt too wide) detected at line 14540
[][][][][] [] [][] [][][][][][][][][][][][]
 []


Underfull \hbox (badness 10000) in paragraph at lines 14542--14543

 []


Overfull \hbox (46.69118pt too wide) detected at line 14564
[][][][][] [] [][] [][][][][][][][][]
 []

[323]
Underfull \hbox (badness 10000) in paragraph at lines 14566--14567

 []


Underfull \hbox (badness 10000) in paragraph at lines 14570--14571

 []


Underfull \hbox (badness 10000) in paragraph at lines 14582--14583

 []


Underfull \hbox (badness 10000) in paragraph at lines 14587--14589

 []


Underfull \hbox (badness 10000) in paragraph at lines 14589--14591

 []


Underfull \hbox (badness 10000) in paragraph at lines 14591--14593

 []


Underfull \hbox (badness 10000) in paragraph at lines 14600--14601

 []


Underfull \hbox (badness 10000) in paragraph at lines 14604--14605

 []


Underfull \hbox (badness 10000) in paragraph at lines 14608--14609

 []


Underfull \hbox (badness 10000) in paragraph at lines 14612--14613

 []

[324]
Underfull \hbox (badness 10000) in paragraph at lines 14633--14634

 []


Underfull \hbox (badness 10000) in paragraph at lines 14654--14655

 []


Underfull \hbox (badness 10000) in paragraph at lines 14656--14657

 []


Underfull \hbox (badness 10000) in paragraph at lines 14662--14663

 []


Underfull \hbox (badness 10000) in paragraph at lines 14684--14685

 []


Underfull \hbox (badness 10000) in paragraph at lines 14692--14693

 []


Underfull \hbox (badness 10000) in paragraph at lines 14698--14699

 []


Underfull \hbox (badness 10000) in paragraph at lines 14702--14703

 []

[325]
Underfull \hbox (badness 10000) in paragraph at lines 14710--14711

 []


Underfull \hbox (badness 10000) in paragraph at lines 14716--14717

 []


Underfull \hbox (badness 10000) in paragraph at lines 14720--14721

 []


Underfull \hbox (badness 10000) in paragraph at lines 14728--14729

 []


Underfull \hbox (badness 10000) in paragraph at lines 14734--14735

 []


Underfull \hbox (badness 10000) in paragraph at lines 14738--14739

 []


Underfull \hbox (badness 10000) in paragraph at lines 14742--14743

 []


Underfull \hbox (badness 10000) in paragraph at lines 14746--14747

 []


Underfull \hbox (badness 10000) in paragraph at lines 14754--14755

 []


Underfull \hbox (badness 10000) in paragraph at lines 14760--14761

 []


Underfull \hbox (badness 10000) in paragraph at lines 14764--14765

 []

[326]
Underfull \hbox (badness 10000) in paragraph at lines 14768--14769

 []


Underfull \hbox (badness 10000) in paragraph at lines 14773--14775

 []


Underfull \hbox (badness 10000) in paragraph at lines 14778--14779

 []


Underfull \hbox (badness 10000) in paragraph at lines 14782--14783

 []


Underfull \hbox (badness 10000) in paragraph at lines 14790--14791

 []


Underfull \hbox (badness 10000) in paragraph at lines 14796--14797

 []

[327]
Underfull \hbox (badness 10000) in paragraph at lines 14822--14823

 []


Underfull \hbox (badness 10000) in paragraph at lines 14827--14829

 []


Underfull \hbox (badness 10000) in paragraph at lines 14832--14833

 []


Underfull \hbox (badness 10000) in paragraph at lines 14850--14851

 []


Underfull \hbox (badness 10000) in paragraph at lines 14854--14855

 []


Underfull \hbox (badness 10000) in paragraph at lines 14876--14877

 []

[328]
Underfull \hbox (badness 10000) in paragraph at lines 14895--14896

 []


Underfull \hbox (badness 10000) in paragraph at lines 14897--14898

 []


Underfull \hbox (badness 10000) in paragraph at lines 14901--14902

 []


Underfull \hbox (badness 10000) in paragraph at lines 14924--14925

 []


Underfull \hbox (badness 10000) in paragraph at lines 14941--14942

 []


Underfull \hbox (badness 10000) in paragraph at lines 14945--14946

 []

[329]
Underfull \hbox (badness 10000) in paragraph at lines 14955--14956

 []


Underfull \hbox (badness 10000) in paragraph at lines 14965--14966

 []


Underfull \hbox (badness 10000) in paragraph at lines 14969--14970

 []


Underfull \hbox (badness 10000) in paragraph at lines 14975--14976

 []


Underfull \hbox (badness 10000) in paragraph at lines 14994--14995

 []


Underfull \hbox (badness 10000) in paragraph at lines 15000--15001

 []


Underfull \hbox (badness 10000) in paragraph at lines 15012--15013

 []


Underfull \hbox (badness 10000) in paragraph at lines 15016--15017

 []

[330]
Underfull \hbox (badness 10000) in paragraph at lines 15032--15033

 []


Underfull \hbox (badness 10000) in paragraph at lines 15045--15046

 []


LaTeX Warning: `h' float specifier changed to `ht'.


Underfull \hbox (badness 10000) in paragraph at lines 15099--15100

 []


Underfull \hbox (badness 10000) in paragraph at lines 15103--15104

 []

[331]
Underfull \hbox (badness 10000) in paragraph at lines 15148--15149

 []

[332]
Underfull \hbox (badness 10000) in paragraph at lines 15154--15155

 []


Underfull \hbox (badness 10000) in paragraph at lines 15158--15159

 []


Underfull \vbox (badness 1337) has occurred while \output is active []


Underfull \vbox (badness 1337) has occurred while \output is active []

[333]
Underfull \hbox (badness 10000) in paragraph at lines 15205--15206

 []


Underfull \hbox (badness 10000) in paragraph at lines 15211--15212

 []


Underfull \hbox (badness 10000) in paragraph at lines 15215--15216

 []


Underfull \hbox (badness 10000) in paragraph at lines 15219--15220

 []


Underfull \hbox (badness 10000) in paragraph at lines 15225--15226

 []


Underfull \hbox (badness 10000) in paragraph at lines 15229--15230

 []


Underfull \hbox (badness 10000) in paragraph at lines 15233--15234

 []


Underfull \hbox (badness 10000) in paragraph at lines 15241--15242

 []

[334]
Underfull \hbox (badness 10000) in paragraph at lines 15245--15246

 []


Underfull \hbox (badness 10000) in paragraph at lines 15249--15250

 []


Underfull \hbox (badness 10000) in paragraph at lines 15258--15259

 []


Underfull \hbox (badness 10000) in paragraph at lines 15262--15263

 []

[335] [336

]
Módulo 9.

Underfull \hbox (badness 10000) in paragraph at lines 15270--15271

 []


Underfull \hbox (badness 10000) in paragraph at lines 15288--15289

 []


Underfull \hbox (badness 10000) in paragraph at lines 15290--15291

 []


Underfull \hbox (badness 10000) in paragraph at lines 15294--15295

 []


Underfull \hbox (badness 10000) in paragraph at lines 15298--15299

 []

[337]
Underfull \hbox (badness 10000) in paragraph at lines 15302--15303

 []


Underfull \hbox (badness 10000) in paragraph at lines 15306--15307

 []


Underfull \hbox (badness 10000) in paragraph at lines 15310--15311

 []


Underfull \hbox (badness 10000) in paragraph at lines 15314--15315

 []


Underfull \hbox (badness 10000) in paragraph at lines 15324--15325

 []


Underfull \hbox (badness 10000) in paragraph at lines 15328--15329

 []


Underfull \hbox (badness 10000) in paragraph at lines 15334--15335

 []


Underfull \hbox (badness 10000) in paragraph at lines 15338--15339

 []


Underfull \hbox (badness 10000) in paragraph at lines 15344--15345

 []


Underfull \hbox (badness 10000) in paragraph at lines 15348--15349

 []


Underfull \hbox (badness 10000) in paragraph at lines 15354--15355

 []


Underfull \hbox (badness 10000) in paragraph at lines 15358--15359

 []


Overfull \hbox (159.9889pt too wide) has occurred while \output is active
\TU/lmr/m/n/10 338 \TU/lmr/m/sl/10 MÓDULO 9.  INTRODUÇÃO À DISTRIBUIÇÃO DAS MÉD
IAS E DIFERENÇAS ENTRE MÉDIAS E SEUS INTERVALOS DE CONFIANÇA
 []

[338]
Underfull \hbox (badness 10000) in paragraph at lines 15362--15363

 []


Underfull \hbox (badness 10000) in paragraph at lines 15376--15377

 []


Underfull \hbox (badness 10000) in paragraph at lines 15378--15379

 []

File: apostila_files/figure-latex/unnamed-chunk-159-1.pdf Graphic file (type pd
f)
<use apostila_files/figure-latex/unnamed-chunk-159-1.pdf>
[339]
Underfull \vbox (badness 10000) has occurred while \output is active []


Underfull \vbox (badness 10000) has occurred while \output is active []


Overfull \hbox (159.9889pt too wide) has occurred while \output is active
\TU/lmr/m/n/10 340 \TU/lmr/m/sl/10 MÓDULO 9.  INTRODUÇÃO À DISTRIBUIÇÃO DAS MÉD
IAS E DIFERENÇAS ENTRE MÉDIAS E SEUS INTERVALOS DE CONFIANÇA
 []

[340]
Underfull \hbox (badness 10000) in paragraph at lines 15493--15494

 []


Underfull \hbox (badness 10000) in paragraph at lines 15497--15498

 []


Underfull \hbox (badness 10000) in paragraph at lines 15501--15502

 []

[341]
Underfull \hbox (badness 10000) in paragraph at lines 15505--15506

 []

Missing character: There is no ç ("E7) in font lmmi10!

Underfull \hbox (badness 10000) in paragraph at lines 15511--15512

 []


Underfull \hbox (badness 10000) in paragraph at lines 15515--15516

 []


Underfull \hbox (badness 10000) in paragraph at lines 15519--15520

 []


Underfull \hbox (badness 10000) in paragraph at lines 15523--15524

 []


Underfull \hbox (badness 10000) in paragraph at lines 15527--15528

 []


Underfull \hbox (badness 10000) in paragraph at lines 15531--15532

 []


Underfull \hbox (badness 10000) in paragraph at lines 15533--15534

 []


Underfull \hbox (badness 10000) in paragraph at lines 15535--15536

 []


Underfull \hbox (badness 10000) in paragraph at lines 15547--15548

 []


Overfull \hbox (159.9889pt too wide) has occurred while \output is active
\TU/lmr/m/n/10 342 \TU/lmr/m/sl/10 MÓDULO 9.  INTRODUÇÃO À DISTRIBUIÇÃO DAS MÉD
IAS E DIFERENÇAS ENTRE MÉDIAS E SEUS INTERVALOS DE CONFIANÇA
 []

[342]
Underfull \hbox (badness 10000) in paragraph at lines 15551--15552

 []


Underfull \hbox (badness 10000) in paragraph at lines 15555--15556

 []


Underfull \hbox (badness 10000) in paragraph at lines 15559--15560

 []

[343]
Underfull \hbox (badness 10000) in paragraph at lines 15600--15601

 []

File: apostila_files/figure-latex/unnamed-chunk-161-1.pdf Graphic file (type pd
f)
<use apostila_files/figure-latex/unnamed-chunk-161-1.pdf>

Overfull \hbox (159.9889pt too wide) has occurred while \output is active
\TU/lmr/m/n/10 344 \TU/lmr/m/sl/10 MÓDULO 9.  INTRODUÇÃO À DISTRIBUIÇÃO DAS MÉD
IAS E DIFERENÇAS ENTRE MÉDIAS E SEUS INTERVALOS DE CONFIANÇA
 []

[344]
Underfull \vbox (badness 10000) has occurred while \output is active []


Underfull \vbox (badness 10000) has occurred while \output is active []

[345]
Underfull \hbox (badness 10000) in paragraph at lines 15719--15720

 []


Underfull \hbox (badness 10000) in paragraph at lines 15723--15724

 []


Underfull \hbox (badness 10000) in paragraph at lines 15727--15728

 []


Underfull \hbox (badness 10000) in paragraph at lines 15739--15740

 []

File: images9/dist_amostral_med.jpg Graphic file (type bmp)
<images9/dist_amostral_med.jpg>

Underfull \hbox (badness 10000) in paragraph at lines 15750--15751

 []


Overfull \hbox (159.9889pt too wide) has occurred while \output is active
\TU/lmr/m/n/10 346 \TU/lmr/m/sl/10 MÓDULO 9.  INTRODUÇÃO À DISTRIBUIÇÃO DAS MÉD
IAS E DIFERENÇAS ENTRE MÉDIAS E SEUS INTERVALOS DE CONFIANÇA
 []

[346] [347]
Underfull \hbox (badness 10000) in paragraph at lines 15754--15755

 []


Underfull \hbox (badness 10000) in paragraph at lines 15762--15763

 []


Underfull \hbox (badness 10000) in paragraph at lines 15766--15767

 []


Underfull \hbox (badness 10000) in paragraph at lines 15773--15774

 []


Underfull \hbox (badness 10000) in paragraph at lines 15780--15781

 []


Underfull \hbox (badness 10000) in paragraph at lines 15784--15785

 []


Underfull \hbox (badness 10000) in paragraph at lines 15788--15789

 []


Underfull \hbox (badness 10000) in paragraph at lines 15792--15793

 []


Overfull \hbox (159.9889pt too wide) has occurred while \output is active
\TU/lmr/m/n/10 348 \TU/lmr/m/sl/10 MÓDULO 9.  INTRODUÇÃO À DISTRIBUIÇÃO DAS MÉD
IAS E DIFERENÇAS ENTRE MÉDIAS E SEUS INTERVALOS DE CONFIANÇA
 []

[348]
Underfull \hbox (badness 10000) in paragraph at lines 15798--15799

 []


Underfull \hbox (badness 10000) in paragraph at lines 15804--15805

 []

File: apostila_files/figure-latex/fig46-1.pdf Graphic file (type pdf)
<use apostila_files/figure-latex/fig46-1.pdf>

Underfull \hbox (badness 10000) in paragraph at lines 15839--15840

 []


Underfull \hbox (badness 10000) in paragraph at lines 15843--15844

 []


Underfull \hbox (badness 10000) in paragraph at lines 15845--15846

 []

File: apostila_files/figure-latex/fig47-1.pdf Graphic file (type pdf)
<use apostila_files/figure-latex/fig47-1.pdf>

Underfull \hbox (badness 10000) in paragraph at lines 15856--15857

 []


Underfull \hbox (badness 10000) in paragraph at lines 15860--15861

 []

[349]
Overfull \hbox (159.9889pt too wide) has occurred while \output is active
\TU/lmr/m/n/10 350 \TU/lmr/m/sl/10 MÓDULO 9.  INTRODUÇÃO À DISTRIBUIÇÃO DAS MÉD
IAS E DIFERENÇAS ENTRE MÉDIAS E SEUS INTERVALOS DE CONFIANÇA
 []

[350] [351]
File: apostila_files/figure-latex/fig48-1.pdf Graphic file (type pdf)
<use apostila_files/figure-latex/fig48-1.pdf>

Underfull \hbox (badness 10000) in paragraph at lines 15898--15899

 []


Underfull \vbox (badness 2671) has occurred while \output is active []


Underfull \vbox (badness 2671) has occurred while \output is active []


Overfull \hbox (159.9889pt too wide) has occurred while \output is active
\TU/lmr/m/n/10 352 \TU/lmr/m/sl/10 MÓDULO 9.  INTRODUÇÃO À DISTRIBUIÇÃO DAS MÉD
IAS E DIFERENÇAS ENTRE MÉDIAS E SEUS INTERVALOS DE CONFIANÇA
 []

[352]
Underfull \hbox (badness 10000) in paragraph at lines 15902--15903

 []


Underfull \hbox (badness 10000) in paragraph at lines 15908--15909

 []

File: apostila_files/figure-latex/fig49-1.pdf Graphic file (type pdf)
<use apostila_files/figure-latex/fig49-1.pdf>

Underfull \hbox (badness 10000) in paragraph at lines 15944--15945

 []


Underfull \hbox (badness 10000) in paragraph at lines 15948--15949

 []

File: apostila_files/figure-latex/fig50-1.pdf Graphic file (type pdf)
<use apostila_files/figure-latex/fig50-1.pdf>

Underfull \hbox (badness 10000) in paragraph at lines 15959--15960

 []


Underfull \hbox (badness 10000) in paragraph at lines 15963--15964

 []

[353]
Overfull \hbox (159.9889pt too wide) has occurred while \output is active
\TU/lmr/m/n/10 354 \TU/lmr/m/sl/10 MÓDULO 9.  INTRODUÇÃO À DISTRIBUIÇÃO DAS MÉD
IAS E DIFERENÇAS ENTRE MÉDIAS E SEUS INTERVALOS DE CONFIANÇA
 []

[354] [355]
File: apostila_files/figure-latex/fig51-1.pdf Graphic file (type pdf)
<use apostila_files/figure-latex/fig51-1.pdf>

Underfull \hbox (badness 10000) in paragraph at lines 16001--16002

 []


Underfull \hbox (badness 10000) in paragraph at lines 16005--16006

 []


Overfull \hbox (159.9889pt too wide) has occurred while \output is active
\TU/lmr/m/n/10 356 \TU/lmr/m/sl/10 MÓDULO 9.  INTRODUÇÃO À DISTRIBUIÇÃO DAS MÉD
IAS E DIFERENÇAS ENTRE MÉDIAS E SEUS INTERVALOS DE CONFIANÇA
 []

[356]
Underfull \hbox (badness 10000) in paragraph at lines 16009--16010

 []


Underfull \hbox (badness 10000) in paragraph at lines 16011--16012

 []

File: apostila_files/figure-latex/fig0-1.pdf Graphic file (type pdf)
<use apostila_files/figure-latex/fig0-1.pdf>

Overfull \vbox (11.99539pt too high) detected at line 16062
 []

[357]
File: apostila_files/figure-latex/fig0-2.pdf Graphic file (type pdf)
<use apostila_files/figure-latex/fig0-2.pdf>

Underfull \hbox (badness 10000) in paragraph at lines 16073--16074

 []


Overfull \hbox (159.9889pt too wide) has occurred while \output is active
\TU/lmr/m/n/10 358 \TU/lmr/m/sl/10 MÓDULO 9.  INTRODUÇÃO À DISTRIBUIÇÃO DAS MÉD
IAS E DIFERENÇAS ENTRE MÉDIAS E SEUS INTERVALOS DE CONFIANÇA
 []

[358]
Underfull \hbox (badness 10000) in paragraph at lines 16079--16080

 []


Underfull \hbox (badness 10000) in paragraph at lines 16085--16086

 []


Underfull \hbox (badness 10000) in paragraph at lines 16089--16090

 []


Underfull \hbox (badness 10000) in paragraph at lines 16093--16094

 []


Underfull \hbox (badness 10000) in paragraph at lines 16103--16104

 []


Underfull \hbox (badness 10000) in paragraph at lines 16107--16108

 []


Underfull \hbox (badness 10000) in paragraph at lines 16113--16114

 []


Underfull \hbox (badness 10000) in paragraph at lines 16117--16118

 []

[359]
Underfull \hbox (badness 10000) in paragraph at lines 16121--16122

 []


Underfull \hbox (badness 10000) in paragraph at lines 16131--16132

 []


Underfull \hbox (badness 10000) in paragraph at lines 16142--16143

 []


Underfull \hbox (badness 10000) in paragraph at lines 16147--16149

 []


Underfull \hbox (badness 10000) in paragraph at lines 16149--16151

 []


Underfull \hbox (badness 10000) in paragraph at lines 16151--16153

 []


Underfull \hbox (badness 10000) in paragraph at lines 16156--16157

 []


Underfull \hbox (badness 10000) in paragraph at lines 16160--16161

 []


Underfull \hbox (badness 10000) in paragraph at lines 16164--16165

 []


Underfull \hbox (badness 10000) in paragraph at lines 16168--16169

 []


Underfull \hbox (badness 10000) in paragraph at lines 16174--16175

 []


Overfull \hbox (159.9889pt too wide) has occurred while \output is active
\TU/lmr/m/n/10 360 \TU/lmr/m/sl/10 MÓDULO 9.  INTRODUÇÃO À DISTRIBUIÇÃO DAS MÉD
IAS E DIFERENÇAS ENTRE MÉDIAS E SEUS INTERVALOS DE CONFIANÇA
 []

[360]
Underfull \hbox (badness 10000) in paragraph at lines 16178--16179

 []


Underfull \hbox (badness 10000) in paragraph at lines 16183--16185

 []


Underfull \hbox (badness 10000) in paragraph at lines 16185--16187

 []


Underfull \hbox (badness 10000) in paragraph at lines 16187--16189

 []


Underfull \hbox (badness 10000) in paragraph at lines 16192--16193

 []


Underfull \hbox (badness 10000) in paragraph at lines 16202--16203

 []


Underfull \hbox (badness 10000) in paragraph at lines 16221--16222

 []


Underfull \hbox (badness 10000) in paragraph at lines 16229--16230

 []

[361]
Underfull \hbox (badness 10000) in paragraph at lines 16239--16240

 []


Underfull \hbox (badness 10000) in paragraph at lines 16243--16244

 []


Underfull \hbox (badness 10000) in paragraph at lines 16248--16250

 []


Underfull \hbox (badness 10000) in paragraph at lines 16252--16254

 []


Underfull \hbox (badness 10000) in paragraph at lines 16254--16256

 []


Underfull \hbox (badness 10000) in paragraph at lines 16259--16260

 []


Underfull \hbox (badness 10000) in paragraph at lines 16263--16264

 []


Underfull \hbox (badness 10000) in paragraph at lines 16277--16278

 []


Underfull \hbox (badness 10000) in paragraph at lines 16282--16284

 []


Underfull \hbox (badness 10000) in paragraph at lines 16284--16286

 []


Underfull \hbox (badness 10000) in paragraph at lines 16293--16294

 []


Overfull \hbox (159.9889pt too wide) has occurred while \output is active
\TU/lmr/m/n/10 362 \TU/lmr/m/sl/10 MÓDULO 9.  INTRODUÇÃO À DISTRIBUIÇÃO DAS MÉD
IAS E DIFERENÇAS ENTRE MÉDIAS E SEUS INTERVALOS DE CONFIANÇA
 []

[362]
File: apostila_files/figure-latex/fig52-1.pdf Graphic file (type pdf)
<use apostila_files/figure-latex/fig52-1.pdf>

Underfull \hbox (badness 10000) in paragraph at lines 16355--16356

 []


Underfull \vbox (badness 5091) has occurred while \output is active []


Underfull \vbox (badness 5091) has occurred while \output is active []

[363]
Overfull \hbox (159.9889pt too wide) has occurred while \output is active
\TU/lmr/m/n/10 364 \TU/lmr/m/sl/10 MÓDULO 9.  INTRODUÇÃO À DISTRIBUIÇÃO DAS MÉD
IAS E DIFERENÇAS ENTRE MÉDIAS E SEUS INTERVALOS DE CONFIANÇA
 []

[364]
Underfull \hbox (badness 10000) in paragraph at lines 16364--16366

 []


Underfull \hbox (badness 10000) in paragraph at lines 16366--16368

 []


Underfull \hbox (badness 10000) in paragraph at lines 16371--16372

 []


Underfull \hbox (badness 10000) in paragraph at lines 16375--16376

 []


Underfull \hbox (badness 10000) in paragraph at lines 16384--16385

 []


Underfull \hbox (badness 10000) in paragraph at lines 16390--16391

 []


Underfull \hbox (badness 10000) in paragraph at lines 16398--16399

 []


Underfull \hbox (badness 10000) in paragraph at lines 16404--16405

 []


Underfull \hbox (badness 10000) in paragraph at lines 16413--16415

 []


Underfull \hbox (badness 10000) in paragraph at lines 16415--16417

 []


Underfull \hbox (badness 10000) in paragraph at lines 16417--16419

 []


Underfull \hbox (badness 10000) in paragraph at lines 16424--16425

 []

[365]
Underfull \hbox (badness 10000) in paragraph at lines 16432--16433

 []


Underfull \hbox (badness 10000) in paragraph at lines 16438--16439

 []


Underfull \hbox (badness 10000) in paragraph at lines 16442--16443

 []


Underfull \hbox (badness 10000) in paragraph at lines 16446--16447

 []


Underfull \hbox (badness 10000) in paragraph at lines 16450--16451

 []


Underfull \hbox (badness 10000) in paragraph at lines 16456--16457

 []


Underfull \hbox (badness 10000) in paragraph at lines 16460--16461

 []


Underfull \hbox (badness 10000) in paragraph at lines 16466--16467

 []


Overfull \hbox (159.9889pt too wide) has occurred while \output is active
\TU/lmr/m/n/10 366 \TU/lmr/m/sl/10 MÓDULO 9.  INTRODUÇÃO À DISTRIBUIÇÃO DAS MÉD
IAS E DIFERENÇAS ENTRE MÉDIAS E SEUS INTERVALOS DE CONFIANÇA
 []

[366]
File: apostila_files/figure-latex/fig53-1.pdf Graphic file (type pdf)
<use apostila_files/figure-latex/fig53-1.pdf>

Underfull \hbox (badness 10000) in paragraph at lines 16512--16513

 []


Underfull \hbox (badness 10000) in paragraph at lines 16516--16517

 []


Underfull \hbox (badness 10000) in paragraph at lines 16522--16523

 []

[367]
Overfull \hbox (159.9889pt too wide) has occurred while \output is active
\TU/lmr/m/n/10 368 \TU/lmr/m/sl/10 MÓDULO 9.  INTRODUÇÃO À DISTRIBUIÇÃO DAS MÉD
IAS E DIFERENÇAS ENTRE MÉDIAS E SEUS INTERVALOS DE CONFIANÇA
 []

[368]
File: apostila_files/figure-latex/fig54-1.pdf Graphic file (type pdf)
<use apostila_files/figure-latex/fig54-1.pdf>

Underfull \hbox (badness 10000) in paragraph at lines 16580--16581

 []


Underfull \hbox (badness 10000) in paragraph at lines 16585--16587

 []


Underfull \hbox (badness 10000) in paragraph at lines 16587--16589

 []


Underfull \hbox (badness 10000) in paragraph at lines 16596--16597

 []


Overfull \vbox (0.98894pt too high) detected at line 16648
 []

[369]
Overfull \hbox (159.9889pt too wide) has occurred while \output is active
\TU/lmr/m/n/10 370 \TU/lmr/m/sl/10 MÓDULO 9.  INTRODUÇÃO À DISTRIBUIÇÃO DAS MÉD
IAS E DIFERENÇAS ENTRE MÉDIAS E SEUS INTERVALOS DE CONFIANÇA
 []

[370]
File: apostila_files/figure-latex/fig55-1.pdf Graphic file (type pdf)
<use apostila_files/figure-latex/fig55-1.pdf>

Underfull \hbox (badness 10000) in paragraph at lines 16659--16660

 []


Underfull \hbox (badness 10000) in paragraph at lines 16668--16670

 []

[371]
Overfull \hbox (159.9889pt too wide) has occurred while \output is active
\TU/lmr/m/n/10 372 \TU/lmr/m/sl/10 MÓDULO 9.  INTRODUÇÃO À DISTRIBUIÇÃO DAS MÉD
IAS E DIFERENÇAS ENTRE MÉDIAS E SEUS INTERVALOS DE CONFIANÇA
 []

[372]
Underfull \hbox (badness 10000) in paragraph at lines 16670--16672

 []


Underfull \hbox (badness 10000) in paragraph at lines 16675--16676

 []


Underfull \hbox (badness 10000) in paragraph at lines 16688--16689

 []


Underfull \hbox (badness 10000) in paragraph at lines 16694--16695

 []


Underfull \hbox (badness 10000) in paragraph at lines 16702--16703

 []


Underfull \hbox (badness 10000) in paragraph at lines 16708--16709

 []


Underfull \hbox (badness 10000) in paragraph at lines 16717--16719

 []


Underfull \hbox (badness 10000) in paragraph at lines 16719--16721

 []


Underfull \hbox (badness 10000) in paragraph at lines 16721--16723

 []


Underfull \hbox (badness 10000) in paragraph at lines 16728--16729

 []

[373]
Underfull \hbox (badness 10000) in paragraph at lines 16736--16737

 []


Underfull \hbox (badness 10000) in paragraph at lines 16742--16743

 []


Underfull \hbox (badness 10000) in paragraph at lines 16746--16747

 []


Underfull \hbox (badness 10000) in paragraph at lines 16750--16751

 []


Underfull \hbox (badness 10000) in paragraph at lines 16754--16755

 []


Underfull \hbox (badness 10000) in paragraph at lines 16760--16761

 []


Underfull \hbox (badness 10000) in paragraph at lines 16764--16765

 []


Underfull \hbox (badness 10000) in paragraph at lines 16770--16771

 []


Overfull \hbox (159.9889pt too wide) has occurred while \output is active
\TU/lmr/m/n/10 374 \TU/lmr/m/sl/10 MÓDULO 9.  INTRODUÇÃO À DISTRIBUIÇÃO DAS MÉD
IAS E DIFERENÇAS ENTRE MÉDIAS E SEUS INTERVALOS DE CONFIANÇA
 []

[374]
File: apostila_files/figure-latex/fig56-1.pdf Graphic file (type pdf)
<use apostila_files/figure-latex/fig56-1.pdf>

Underfull \hbox (badness 10000) in paragraph at lines 16816--16817

 []


Underfull \hbox (badness 10000) in paragraph at lines 16820--16821

 []


Underfull \hbox (badness 10000) in paragraph at lines 16826--16827

 []

[375]
Overfull \hbox (159.9889pt too wide) has occurred while \output is active
\TU/lmr/m/n/10 376 \TU/lmr/m/sl/10 MÓDULO 9.  INTRODUÇÃO À DISTRIBUIÇÃO DAS MÉD
IAS E DIFERENÇAS ENTRE MÉDIAS E SEUS INTERVALOS DE CONFIANÇA
 []

[376]
File: apostila_files/figure-latex/fig57-1.pdf Graphic file (type pdf)
<use apostila_files/figure-latex/fig57-1.pdf>

Underfull \vbox (badness 10000) has occurred while \output is active []


Underfull \vbox (badness 10000) has occurred while \output is active []

[377]
Underfull \hbox (badness 10000) in paragraph at lines 16884--16885

 []


Underfull \hbox (badness 10000) in paragraph at lines 16889--16891

 []


Underfull \hbox (badness 10000) in paragraph at lines 16891--16893

 []


Underfull \hbox (badness 10000) in paragraph at lines 16893--16895

 []


Underfull \hbox (badness 10000) in paragraph at lines 16900--16901

 []


Overfull \hbox (159.9889pt too wide) has occurred while \output is active
\TU/lmr/m/n/10 378 \TU/lmr/m/sl/10 MÓDULO 9.  INTRODUÇÃO À DISTRIBUIÇÃO DAS MÉD
IAS E DIFERENÇAS ENTRE MÉDIAS E SEUS INTERVALOS DE CONFIANÇA
 []

[378]
File: apostila_files/figure-latex/fig58-1.pdf Graphic file (type pdf)
<use apostila_files/figure-latex/fig58-1.pdf>

Underfull \hbox (badness 10000) in paragraph at lines 16966--16967

 []


Underfull \hbox (badness 10000) in paragraph at lines 16975--16977

 []


Underfull \hbox (badness 10000) in paragraph at lines 16977--16979

 []


Underfull \hbox (badness 10000) in paragraph at lines 16982--16983

 []


Underfull \hbox (badness 10000) in paragraph at lines 16999--17000

 []

[379]
Overfull \hbox (159.9889pt too wide) has occurred while \output is active
\TU/lmr/m/n/10 380 \TU/lmr/m/sl/10 MÓDULO 9.  INTRODUÇÃO À DISTRIBUIÇÃO DAS MÉD
IAS E DIFERENÇAS ENTRE MÉDIAS E SEUS INTERVALOS DE CONFIANÇA
 []

[380]
Underfull \hbox (badness 10000) in paragraph at lines 17007--17008

 []


Underfull \hbox (badness 10000) in paragraph at lines 17013--17014

 []


Underfull \hbox (badness 10000) in paragraph at lines 17017--17018

 []


Underfull \hbox (badness 10000) in paragraph at lines 17022--17024

 []


Underfull \hbox (badness 10000) in paragraph at lines 17024--17026

 []


Underfull \hbox (badness 10000) in paragraph at lines 17026--17028

 []


Underfull \hbox (badness 10000) in paragraph at lines 17033--17034

 []


Underfull \hbox (badness 10000) in paragraph at lines 17041--17042

 []


Underfull \hbox (badness 10000) in paragraph at lines 17047--17048

 []


Underfull \hbox (badness 10000) in paragraph at lines 17051--17052

 []

[381]
Underfull \hbox (badness 10000) in paragraph at lines 17055--17056

 []


Underfull \hbox (badness 10000) in paragraph at lines 17059--17060

 []


Underfull \hbox (badness 10000) in paragraph at lines 17065--17066

 []


Underfull \hbox (badness 10000) in paragraph at lines 17069--17070

 []


Underfull \hbox (badness 10000) in paragraph at lines 17075--17076

 []


Overfull \vbox (1.2699pt too high) detected at line 17113
 []


Overfull \hbox (159.9889pt too wide) has occurred while \output is active
\TU/lmr/m/n/10 382 \TU/lmr/m/sl/10 MÓDULO 9.  INTRODUÇÃO À DISTRIBUIÇÃO DAS MÉD
IAS E DIFERENÇAS ENTRE MÉDIAS E SEUS INTERVALOS DE CONFIANÇA
 []

[382]
File: apostila_files/figure-latex/fig59-1.pdf Graphic file (type pdf)
<use apostila_files/figure-latex/fig59-1.pdf>

Underfull \hbox (badness 10000) in paragraph at lines 17124--17125

 []


Underfull \hbox (badness 10000) in paragraph at lines 17128--17129

 []


Underfull \hbox (badness 10000) in paragraph at lines 17134--17135

 []

[383]
File: apostila_files/figure-latex/fig60-1.pdf Graphic file (type pdf)
<use apostila_files/figure-latex/fig60-1.pdf>
File: images9/fluxograma_IC_media.png Graphic file (type bmp)
<images9/fluxograma_IC_media.png>

Underfull \hbox (badness 10000) in paragraph at lines 17195--17196

 []


Underfull \hbox (badness 10000) in paragraph at lines 17205--17206

 []


Underfull \vbox (badness 1735) has occurred while \output is active []


Underfull \vbox (badness 1735) has occurred while \output is active []


Overfull \hbox (159.9889pt too wide) has occurred while \output is active
\TU/lmr/m/n/10 384 \TU/lmr/m/sl/10 MÓDULO 9.  INTRODUÇÃO À DISTRIBUIÇÃO DAS MÉD
IAS E DIFERENÇAS ENTRE MÉDIAS E SEUS INTERVALOS DE CONFIANÇA
 []

[384]
Overfull \hbox (139.8689pt too wide) has occurred while \output is active
\TU/lmr/m/sl/10 9.4.  DISTRIBUIÇÃO DAS DIFERENÇAS DAS MÉDIAS DE DUAS POPULAÇÕES
 NORMAIS E SEUS INTERVALOS DE CONFIANÇA \TU/lmr/m/n/10 385
 []

[385]
Underfull \hbox (badness 10000) in paragraph at lines 17212--17213

 []


Underfull \hbox (badness 10000) in paragraph at lines 17216--17217

 []


Underfull \hbox (badness 10000) in paragraph at lines 17223--17224

 []


Underfull \hbox (badness 10000) in paragraph at lines 17227--17228

 []


Underfull \hbox (badness 10000) in paragraph at lines 17234--17235

 []


Underfull \hbox (badness 10000) in paragraph at lines 17238--17239

 []


Underfull \hbox (badness 10000) in paragraph at lines 17242--17243

 []


Underfull \hbox (badness 10000) in paragraph at lines 17249--17250

 []


Underfull \hbox (badness 10000) in paragraph at lines 17253--17254

 []


Overfull \hbox (159.9889pt too wide) has occurred while \output is active
\TU/lmr/m/n/10 386 \TU/lmr/m/sl/10 MÓDULO 9.  INTRODUÇÃO À DISTRIBUIÇÃO DAS MÉD
IAS E DIFERENÇAS ENTRE MÉDIAS E SEUS INTERVALOS DE CONFIANÇA
 []

[386]
Underfull \hbox (badness 10000) in paragraph at lines 17259--17260

 []


Underfull \hbox (badness 10000) in paragraph at lines 17263--17264

 []


Underfull \hbox (badness 10000) in paragraph at lines 17267--17268

 []


Underfull \hbox (badness 10000) in paragraph at lines 17271--17272

 []


Underfull \hbox (badness 10000) in paragraph at lines 17276--17278

 []


Underfull \hbox (badness 10000) in paragraph at lines 17278--17280

 []


Underfull \hbox (badness 10000) in paragraph at lines 17285--17286

 []


Overfull \hbox (139.8689pt too wide) has occurred while \output is active
\TU/lmr/m/sl/10 9.4.  DISTRIBUIÇÃO DAS DIFERENÇAS DAS MÉDIAS DE DUAS POPULAÇÕES
 NORMAIS E SEUS INTERVALOS DE CONFIANÇA \TU/lmr/m/n/10 387
 []

[387]
File: apostila_files/figure-latex/fig61-1.pdf Graphic file (type pdf)
<use apostila_files/figure-latex/fig61-1.pdf>

Underfull \hbox (badness 10000) in paragraph at lines 17348--17349

 []


Underfull \hbox (badness 10000) in paragraph at lines 17357--17359

 []


Underfull \hbox (badness 10000) in paragraph at lines 17359--17361

 []


Underfull \hbox (badness 10000) in paragraph at lines 17364--17365

 []


Underfull \hbox (badness 10000) in paragraph at lines 17368--17369

 []


Underfull \vbox (badness 10000) has occurred while \output is active []


Underfull \vbox (badness 10000) has occurred while \output is active []


Overfull \hbox (159.9889pt too wide) has occurred while \output is active
\TU/lmr/m/n/10 388 \TU/lmr/m/sl/10 MÓDULO 9.  INTRODUÇÃO À DISTRIBUIÇÃO DAS MÉD
IAS E DIFERENÇAS ENTRE MÉDIAS E SEUS INTERVALOS DE CONFIANÇA
 []

[388]
Overfull \hbox (139.8689pt too wide) has occurred while \output is active
\TU/lmr/m/sl/10 9.4.  DISTRIBUIÇÃO DAS DIFERENÇAS DAS MÉDIAS DE DUAS POPULAÇÕES
 NORMAIS E SEUS INTERVALOS DE CONFIANÇA \TU/lmr/m/n/10 389
 []

[389]
Underfull \hbox (badness 10000) in paragraph at lines 17383--17384

 []


Underfull \hbox (badness 10000) in paragraph at lines 17389--17390

 []


Underfull \hbox (badness 10000) in paragraph at lines 17393--17394

 []


Underfull \hbox (badness 10000) in paragraph at lines 17398--17400

 []


Underfull \hbox (badness 10000) in paragraph at lines 17400--17402

 []


Underfull \hbox (badness 10000) in paragraph at lines 17407--17408

 []


Underfull \hbox (badness 10000) in paragraph at lines 17422--17423

 []


Overfull \hbox (159.9889pt too wide) has occurred while \output is active
\TU/lmr/m/n/10 390 \TU/lmr/m/sl/10 MÓDULO 9.  INTRODUÇÃO À DISTRIBUIÇÃO DAS MÉD
IAS E DIFERENÇAS ENTRE MÉDIAS E SEUS INTERVALOS DE CONFIANÇA
 []

[390]
Underfull \hbox (badness 10000) in paragraph at lines 17426--17427

 []


Underfull \hbox (badness 10000) in paragraph at lines 17430--17431

 []


Underfull \hbox (badness 10000) in paragraph at lines 17434--17435

 []


Underfull \hbox (badness 10000) in paragraph at lines 17438--17439

 []


Underfull \hbox (badness 10000) in paragraph at lines 17442--17443

 []


Underfull \hbox (badness 10000) in paragraph at lines 17446--17447

 []


Underfull \hbox (badness 10000) in paragraph at lines 17450--17451

 []


Underfull \hbox (badness 10000) in paragraph at lines 17454--17455

 []


Underfull \hbox (badness 10000) in paragraph at lines 17459--17461

 []


Underfull \hbox (badness 10000) in paragraph at lines 17461--17463

 []


Underfull \hbox (badness 10000) in paragraph at lines 17468--17469

 []


Underfull \hbox (badness 10000) in paragraph at lines 17470--17471

 []


Underfull \hbox (badness 10000) in paragraph at lines 17474--17475

 []


Overfull \hbox (139.8689pt too wide) has occurred while \output is active
\TU/lmr/m/sl/10 9.4.  DISTRIBUIÇÃO DAS DIFERENÇAS DAS MÉDIAS DE DUAS POPULAÇÕES
 NORMAIS E SEUS INTERVALOS DE CONFIANÇA \TU/lmr/m/n/10 391
 []

[391]
Underfull \hbox (badness 10000) in paragraph at lines 17485--17486

 []


LaTeX Warning: Reference `fig62' on page 392 undefined on input line 17487.


Underfull \hbox (badness 10000) in paragraph at lines 17489--17490

 []


Underfull \hbox (badness 10000) in paragraph at lines 17495--17496

 []


Underfull \hbox (badness 10000) in paragraph at lines 17499--17500

 []


Underfull \hbox (badness 10000) in paragraph at lines 17504--17506

 []


Underfull \hbox (badness 10000) in paragraph at lines 17506--17508

 []


Underfull \hbox (badness 10000) in paragraph at lines 17508--17510

 []


Underfull \hbox (badness 10000) in paragraph at lines 17510--17512

 []


Underfull \hbox (badness 10000) in paragraph at lines 17515--17516

 []


Underfull \hbox (badness 10000) in paragraph at lines 17519--17520

 []


Underfull \hbox (badness 10000) in paragraph at lines 17523--17524

 []


Overfull \hbox (159.9889pt too wide) has occurred while \output is active
\TU/lmr/m/n/10 392 \TU/lmr/m/sl/10 MÓDULO 9.  INTRODUÇÃO À DISTRIBUIÇÃO DAS MÉD
IAS E DIFERENÇAS ENTRE MÉDIAS E SEUS INTERVALOS DE CONFIANÇA
 []

[392]
Underfull \vbox (badness 10000) detected at line 17578
 []


Underfull \vbox (badness 10000) detected at line 17578
 []


Overfull \hbox (139.8689pt too wide) has occurred while \output is active
\TU/lmr/m/sl/10 9.4.  DISTRIBUIÇÃO DAS DIFERENÇAS DAS MÉDIAS DE DUAS POPULAÇÕES
 NORMAIS E SEUS INTERVALOS DE CONFIANÇA \TU/lmr/m/n/10 393
 []

[393]
File: apostila_files/figure-latex/fig62-1.pdf Graphic file (type pdf)
<use apostila_files/figure-latex/fig62-1.pdf>

Underfull \hbox (badness 10000) in paragraph at lines 17589--17590

 []


Underfull \hbox (badness 10000) in paragraph at lines 17598--17600

 []


Underfull \hbox (badness 10000) in paragraph at lines 17600--17602

 []


Overfull \hbox (14.9315pt too wide) detected at line 17615
[]
 []


Underfull \vbox (badness 4156) has occurred while \output is active []


Underfull \vbox (badness 4156) has occurred while \output is active []


Overfull \hbox (159.9889pt too wide) has occurred while \output is active
\TU/lmr/m/n/10 394 \TU/lmr/m/sl/10 MÓDULO 9.  INTRODUÇÃO À DISTRIBUIÇÃO DAS MÉD
IAS E DIFERENÇAS ENTRE MÉDIAS E SEUS INTERVALOS DE CONFIANÇA
 []

[394]
Underfull \hbox (badness 10000) in paragraph at lines 17617--17618

 []


Underfull \hbox (badness 10000) in paragraph at lines 17623--17624

 []


Underfull \hbox (badness 10000) in paragraph at lines 17629--17630

 []


Underfull \hbox (badness 10000) in paragraph at lines 17638--17640

 []


Underfull \hbox (badness 10000) in paragraph at lines 17642--17644

 []


Underfull \hbox (badness 10000) in paragraph at lines 17649--17650

 []


Overfull \hbox (14.9315pt too wide) detected at line 17653
[]
 []


Underfull \hbox (badness 10000) in paragraph at lines 17655--17656

 []


Underfull \hbox (badness 10000) in paragraph at lines 17659--17660

 []


Overfull \hbox (139.8689pt too wide) has occurred while \output is active
\TU/lmr/m/sl/10 9.4.  DISTRIBUIÇÃO DAS DIFERENÇAS DAS MÉDIAS DE DUAS POPULAÇÕES
 NORMAIS E SEUS INTERVALOS DE CONFIANÇA \TU/lmr/m/n/10 395
 []

[395]
Underfull \hbox (badness 10000) in paragraph at lines 17667--17668

 []


Overfull \hbox (14.9315pt too wide) detected at line 17673
[]
 []


Underfull \hbox (badness 10000) in paragraph at lines 17675--17676

 []


Underfull \hbox (badness 10000) in paragraph at lines 17681--17682

 []


Underfull \hbox (badness 10000) in paragraph at lines 17685--17686

 []


Underfull \hbox (badness 10000) in paragraph at lines 17689--17690

 []


Underfull \hbox (badness 10000) in paragraph at lines 17693--17694

 []


Underfull \hbox (badness 10000) in paragraph at lines 17699--17700

 []


Underfull \hbox (badness 10000) in paragraph at lines 17703--17704

 []


Overfull \hbox (159.9889pt too wide) has occurred while \output is active
\TU/lmr/m/n/10 396 \TU/lmr/m/sl/10 MÓDULO 9.  INTRODUÇÃO À DISTRIBUIÇÃO DAS MÉD
IAS E DIFERENÇAS ENTRE MÉDIAS E SEUS INTERVALOS DE CONFIANÇA
 []

[396]
Underfull \hbox (badness 10000) in paragraph at lines 17714--17715

 []


LaTeX Warning: Reference `fig63' on page 397 undefined on input line 17716.


Underfull \hbox (badness 10000) in paragraph at lines 17736--17738

 []


Underfull \hbox (badness 10000) in paragraph at lines 17743--17744

 []


Underfull \hbox (badness 10000) in paragraph at lines 17764--17765

 []


Overfull \hbox (139.8689pt too wide) has occurred while \output is active
\TU/lmr/m/sl/10 9.4.  DISTRIBUIÇÃO DAS DIFERENÇAS DAS MÉDIAS DE DUAS POPULAÇÕES
 NORMAIS E SEUS INTERVALOS DE CONFIANÇA \TU/lmr/m/n/10 397
 []

[397]
File: apostila_files/figure-latex/fig63-1.pdf Graphic file (type pdf)
<use apostila_files/figure-latex/fig63-1.pdf>

Underfull \hbox (badness 10000) in paragraph at lines 17830--17831

 []


Underfull \vbox (badness 10000) has occurred while \output is active []


Underfull \vbox (badness 10000) has occurred while \output is active []


Overfull \hbox (159.9889pt too wide) has occurred while \output is active
\TU/lmr/m/n/10 398 \TU/lmr/m/sl/10 MÓDULO 9.  INTRODUÇÃO À DISTRIBUIÇÃO DAS MÉD
IAS E DIFERENÇAS ENTRE MÉDIAS E SEUS INTERVALOS DE CONFIANÇA
 []

[398]
Overfull \hbox (139.8689pt too wide) has occurred while \output is active
\TU/lmr/m/sl/10 9.4.  DISTRIBUIÇÃO DAS DIFERENÇAS DAS MÉDIAS DE DUAS POPULAÇÕES
 NORMAIS E SEUS INTERVALOS DE CONFIANÇA \TU/lmr/m/n/10 399
 []

[399]
Underfull \hbox (badness 10000) in paragraph at lines 17839--17841

 []


Underfull \hbox (badness 10000) in paragraph at lines 17841--17843

 []


Underfull \hbox (badness 10000) in paragraph at lines 17846--17847

 []


Underfull \hbox (badness 10000) in paragraph at lines 17850--17851

 []


Underfull \hbox (badness 10000) in paragraph at lines 17858--17859

 []


Underfull \hbox (badness 10000) in paragraph at lines 17864--17865

 []


Underfull \hbox (badness 10000) in paragraph at lines 17870--17871

 []


Underfull \hbox (badness 10000) in paragraph at lines 17883--17885

 []


Underfull \hbox (badness 10000) in paragraph at lines 17890--17891

 []


Underfull \hbox (badness 10000) in paragraph at lines 17894--17895

 []


Overfull \hbox (159.9889pt too wide) has occurred while \output is active
\TU/lmr/m/n/10 400 \TU/lmr/m/sl/10 MÓDULO 9.  INTRODUÇÃO À DISTRIBUIÇÃO DAS MÉD
IAS E DIFERENÇAS ENTRE MÉDIAS E SEUS INTERVALOS DE CONFIANÇA
 []

[400]
Underfull \hbox (badness 10000) in paragraph at lines 17914--17915

 []


Underfull \hbox (badness 10000) in paragraph at lines 17923--17924

 []


Underfull \hbox (badness 10000) in paragraph at lines 17927--17928

 []


Underfull \hbox (badness 10000) in paragraph at lines 17931--17932

 []


Underfull \hbox (badness 10000) in paragraph at lines 17935--17936

 []


Overfull \hbox (139.8689pt too wide) has occurred while \output is active
\TU/lmr/m/sl/10 9.4.  DISTRIBUIÇÃO DAS DIFERENÇAS DAS MÉDIAS DE DUAS POPULAÇÕES
 NORMAIS E SEUS INTERVALOS DE CONFIANÇA \TU/lmr/m/n/10 401
 []

[401]
Underfull \hbox (badness 10000) in paragraph at lines 17939--17940

 []


Underfull \hbox (badness 10000) in paragraph at lines 17947--17948

 []


Underfull \hbox (badness 10000) in paragraph at lines 17951--17952

 []


Underfull \hbox (badness 10000) in paragraph at lines 17953--17954

 []


Underfull \hbox (badness 10000) in paragraph at lines 17955--17956

 []


Underfull \hbox (badness 10000) in paragraph at lines 17959--17960

 []


Underfull \hbox (badness 10000) in paragraph at lines 17965--17966

 []


Underfull \hbox (badness 10000) in paragraph at lines 17969--17970

 []


Underfull \hbox (badness 10000) in paragraph at lines 17975--17976

 []


Underfull \hbox (badness 10000) in paragraph at lines 17979--17980

 []


Overfull \hbox (159.9889pt too wide) has occurred while \output is active
\TU/lmr/m/n/10 402 \TU/lmr/m/sl/10 MÓDULO 9.  INTRODUÇÃO À DISTRIBUIÇÃO DAS MÉD
IAS E DIFERENÇAS ENTRE MÉDIAS E SEUS INTERVALOS DE CONFIANÇA
 []

[402]
Underfull \hbox (badness 10000) in paragraph at lines 17985--17986

 []


Underfull \hbox (badness 10000) in paragraph at lines 17995--17996

 []


Underfull \hbox (badness 10000) in paragraph at lines 18003--18004

 []


Underfull \hbox (badness 10000) in paragraph at lines 18009--18010

 []


Underfull \hbox (badness 10000) in paragraph at lines 18050--18051

 []


Underfull \hbox (badness 10000) in paragraph at lines 18054--18055

 []


Overfull \hbox (323.92451pt too wide) has occurred while \output is active
\TU/lmr/m/sl/10 9.5.  DISTRIBUIÇÃO DAS DIFERENÇAS DAS MÉDIAS DE DUAS POPULAÇÕES
 NORMAIS COM MÉDIAS NÃO INDEPENDENTES E SEUS INTERVALOS DE CONFIANÇA \TU/lmr/m/
n/10 403
 []

[403]
Underfull \hbox (badness 10000) in paragraph at lines 18060--18061

 []


Underfull \hbox (badness 10000) in paragraph at lines 18064--18065

 []


Underfull \hbox (badness 10000) in paragraph at lines 18072--18073

 []

File: images9/fluxograma_IC_dif_media.png Graphic file (type bmp)
<images9/fluxograma_IC_dif_media.png>

Overfull \hbox (159.9889pt too wide) has occurred while \output is active
\TU/lmr/m/n/10 404 \TU/lmr/m/sl/10 MÓDULO 9.  INTRODUÇÃO À DISTRIBUIÇÃO DAS MÉD
IAS E DIFERENÇAS ENTRE MÉDIAS E SEUS INTERVALOS DE CONFIANÇA
 []

[404]
Overfull \hbox (323.92451pt too wide) has occurred while \output is active
\TU/lmr/m/sl/10 9.5.  DISTRIBUIÇÃO DAS DIFERENÇAS DAS MÉDIAS DE DUAS POPULAÇÕES
 NORMAIS COM MÉDIAS NÃO INDEPENDENTES E SEUS INTERVALOS DE CONFIANÇA \TU/lmr/m/
n/10 405
 []

[405]
Overfull \hbox (159.9889pt too wide) has occurred while \output is active
\TU/lmr/m/n/10 406 \TU/lmr/m/sl/10 MÓDULO 9.  INTRODUÇÃO À DISTRIBUIÇÃO DAS MÉD
IAS E DIFERENÇAS ENTRE MÉDIAS E SEUS INTERVALOS DE CONFIANÇA
 []

[406

]
Módulo 10.

Underfull \hbox (badness 10000) in paragraph at lines 18091--18092

 []


Underfull \hbox (badness 10000) in paragraph at lines 18107--18108

 []


Underfull \hbox (badness 10000) in paragraph at lines 18111--18112

 []


Underfull \hbox (badness 10000) in paragraph at lines 18115--18116

 []


Underfull \hbox (badness 10000) in paragraph at lines 18120--18122

 []

[407]
Underfull \hbox (badness 10000) in paragraph at lines 18125--18126

 []


Underfull \hbox (badness 10000) in paragraph at lines 18129--18130

 []

File: images10/proporcao_1.jpeg Graphic file (type bmp)
<images10/proporcao_1.jpeg>

Underfull \hbox (badness 10000) in paragraph at lines 18140--18141

 []


Underfull \hbox (badness 10000) in paragraph at lines 18144--18145

 []

File: images10/dist_amostral_prop.pdf Graphic file (type pdf)
<use images10/dist_amostral_prop.pdf>

Underfull \hbox (badness 10000) in paragraph at lines 18155--18156

 []


Underfull \hbox (badness 10000) in paragraph at lines 18159--18160

 []


Underfull \hbox (badness 10000) in paragraph at lines 18169--18170

 []


Overfull \hbox (37.19328pt too wide) has occurred while \output is active
\TU/lmr/m/n/10 408 \TU/lmr/m/sl/10 MÓDULO 10.  INTRODUÇÃO À DISTRIBUIÇÃO DAS PR
OPORÇÕES E SEUS INTERVALOS DE CONFIANÇA
 []

[408] [409]
Underfull \hbox (badness 10000) in paragraph at lines 18173--18174

 []


Underfull \hbox (badness 10000) in paragraph at lines 18177--18178

 []


Underfull \hbox (badness 10000) in paragraph at lines 18183--18184

 []


Underfull \hbox (badness 10000) in paragraph at lines 18187--18188

 []


Underfull \hbox (badness 10000) in paragraph at lines 18193--18194

 []


Underfull \hbox (badness 10000) in paragraph at lines 18197--18198

 []


Underfull \hbox (badness 10000) in paragraph at lines 18201--18202

 []


Underfull \hbox (badness 10000) in paragraph at lines 18206--18208

 []


Underfull \hbox (badness 10000) in paragraph at lines 18208--18210

 []


Underfull \hbox (badness 10000) in paragraph at lines 18213--18214

 []


Underfull \hbox (badness 10000) in paragraph at lines 18217--18218

 []


Underfull \hbox (badness 10000) in paragraph at lines 18221--18222

 []


Overfull \hbox (37.19328pt too wide) has occurred while \output is active
\TU/lmr/m/n/10 410 \TU/lmr/m/sl/10 MÓDULO 10.  INTRODUÇÃO À DISTRIBUIÇÃO DAS PR
OPORÇÕES E SEUS INTERVALOS DE CONFIANÇA
 []

[410]
Underfull \hbox (badness 10000) in paragraph at lines 18228--18229

 []


Underfull \hbox (badness 10000) in paragraph at lines 18232--18233

 []


Underfull \hbox (badness 10000) in paragraph at lines 18238--18239

 []


Underfull \hbox (badness 10000) in paragraph at lines 18242--18243

 []


Underfull \hbox (badness 10000) in paragraph at lines 18251--18252

 []


Underfull \hbox (badness 10000) in paragraph at lines 18255--18256

 []


Underfull \hbox (badness 10000) in paragraph at lines 18264--18265

 []


Underfull \hbox (badness 10000) in paragraph at lines 18268--18269

 []

[411]
Underfull \hbox (badness 10000) in paragraph at lines 18274--18275

 []


Underfull \hbox (badness 10000) in paragraph at lines 18278--18279

 []


Underfull \hbox (badness 10000) in paragraph at lines 18282--18283

 []


Underfull \hbox (badness 10000) in paragraph at lines 18286--18287

 []


LaTeX Font Warning: Font shape `TU/lmtt/bx/it' in size <10> not available
(Font)              Font shape `TU/lmtt/b/sl' tried instead on input line 18290
.


Overfull \hbox (37.19328pt too wide) has occurred while \output is active
\TU/lmr/m/n/10 412 \TU/lmr/m/sl/10 MÓDULO 10.  INTRODUÇÃO À DISTRIBUIÇÃO DAS PR
OPORÇÕES E SEUS INTERVALOS DE CONFIANÇA
 []

[412]
Underfull \vbox (badness 10000) detected at line 18374
 []


Underfull \vbox (badness 10000) detected at line 18374
 []

[413]
Underfull \hbox (badness 10000) in paragraph at lines 18376--18377

 []

File: apostila_files/figure-latex/fig65-1.pdf Graphic file (type pdf)
<use apostila_files/figure-latex/fig65-1.pdf>
Missing character: There is no π (U+03C0) in font [lmroman10-regular]:mapping=t
ex-text;!
Missing character: There is no π (U+03C0) in font [lmroman10-regular]:mapping=t
ex-text;!

Underfull \hbox (badness 10000) in paragraph at lines 18415--18416

 []


Overfull \hbox (37.19328pt too wide) has occurred while \output is active
\TU/lmr/m/n/10 414 \TU/lmr/m/sl/10 MÓDULO 10.  INTRODUÇÃO À DISTRIBUIÇÃO DAS PR
OPORÇÕES E SEUS INTERVALOS DE CONFIANÇA
 []

[414] [415]
File: apostila_files/figure-latex/fig66-1.pdf Graphic file (type pdf)
<use apostila_files/figure-latex/fig66-1.pdf>
Missing character: There is no π (U+03C0) in font [lmroman10-regular]:mapping=t
ex-text;!
Missing character: There is no π (U+03C0) in font [lmroman10-regular]:mapping=t
ex-text;!

Underfull \hbox (badness 10000) in paragraph at lines 18454--18455

 []


Underfull \hbox (badness 1975) in paragraph at lines 18456--18456
[]\TU/lmr/bx/n/14.4 A aleatoriedade das proporções amostrais e o tamanho
 []


Underfull \hbox (badness 10000) in paragraph at lines 18458--18459

 []


Underfull \vbox (badness 10000) has occurred while \output is active []


Underfull \vbox (badness 10000) has occurred while \output is active []


Overfull \hbox (37.19328pt too wide) has occurred while \output is active
\TU/lmr/m/n/10 416 \TU/lmr/m/sl/10 MÓDULO 10.  INTRODUÇÃO À DISTRIBUIÇÃO DAS PR
OPORÇÕES E SEUS INTERVALOS DE CONFIANÇA
 []

[416]
Underfull \hbox (badness 10000) in paragraph at lines 18462--18463

 []


Underfull \hbox (badness 10000) in paragraph at lines 18466--18467

 []


Underfull \hbox (badness 10000) in paragraph at lines 18477--18478

 []


Underfull \hbox (badness 10000) in paragraph at lines 18481--18482

 []


Underfull \hbox (badness 10000) in paragraph at lines 18485--18486

 []

File: apostila_files/figure-latex/unnamed-chunk-172-1.pdf Graphic file (type pd
f)
<use apostila_files/figure-latex/unnamed-chunk-172-1.pdf>
Missing character: There is no π (U+03C0) in font [lmroman10-regular]:mapping=t
ex-text;!
Missing character: There is no π (U+03C0) in font [lmroman10-regular]:mapping=t
ex-text;!
Missing character: There is no π (U+03C0) in font [lmroman10-regular]:mapping=t
ex-text;!
Missing character: There is no π (U+03C0) in font [lmroman10-regular]:mapping=t
ex-text;!

Underfull \hbox (badness 10000) in paragraph at lines 18504--18505

 []


Underfull \hbox (badness 10000) in paragraph at lines 18508--18509

 []


Underfull \hbox (badness 10000) in paragraph at lines 18514--18515

 []


Underfull \hbox (badness 10000) in paragraph at lines 18518--18519

 []

[417]
Underfull \hbox (badness 10000) in paragraph at lines 18522--18523

 []


Overfull \vbox (2.30626pt too high) detected at line 18563
 []


Overfull \hbox (37.19328pt too wide) has occurred while \output is active
\TU/lmr/m/n/10 418 \TU/lmr/m/sl/10 MÓDULO 10.  INTRODUÇÃO À DISTRIBUIÇÃO DAS PR
OPORÇÕES E SEUS INTERVALOS DE CONFIANÇA
 []

[418]
File: apostila_files/figure-latex/unnamed-chunk-174-1.pdf Graphic file (type pd
f)
<use apostila_files/figure-latex/unnamed-chunk-174-1.pdf>
Missing character: There is no π (U+03C0) in font [lmroman10-regular]:mapping=t
ex-text;!
Missing character: There is no α (U+03B1) in font [lmroman10-regular]:mapping=t
ex-text;!
Missing character: There is no ε (U+03B5) in font [lmroman10-regular]:mapping=t
ex-text;!
Missing character: There is no π (U+03C0) in font [lmroman10-regular]:mapping=t
ex-text;!
Missing character: There is no ε (U+03B5) in font [lmroman10-regular]:mapping=t
ex-text;!
Missing character: There is no π (U+03C0) in font [lmroman10-regular]:mapping=t
ex-text;!
Missing character: There is no α (U+03B1) in font [lmroman10-regular]:mapping=t
ex-text;!
Missing character: There is no ε (U+03B5) in font [lmroman10-regular]:mapping=t
ex-text;!
Missing character: There is no π (U+03C0) in font [lmroman10-regular]:mapping=t
ex-text;!
Missing character: There is no ε (U+03B5) in font [lmroman10-regular]:mapping=t
ex-text;!
File: apostila_files/figure-latex/unnamed-chunk-175-1.pdf Graphic file (type pd
f)
<use apostila_files/figure-latex/unnamed-chunk-175-1.pdf>
Missing character: There is no π (U+03C0) in font [lmroman10-regular]:mapping=t
ex-text;!
Missing character: There is no α (U+03B1) in font [lmroman10-regular]:mapping=t
ex-text;!
Missing character: There is no ε (U+03B5) in font [lmroman10-regular]:mapping=t
ex-text;!
Missing character: There is no π (U+03C0) in font [lmroman10-regular]:mapping=t
ex-text;!
Missing character: There is no ε (U+03B5) in font [lmroman10-regular]:mapping=t
ex-text;!
Missing character: There is no π (U+03C0) in font [lmroman10-regular]:mapping=t
ex-text;!
Missing character: There is no α (U+03B1) in font [lmroman10-regular]:mapping=t
ex-text;!
Missing character: There is no ε (U+03B5) in font [lmroman10-regular]:mapping=t
ex-text;!
Missing character: There is no π (U+03C0) in font [lmroman10-regular]:mapping=t
ex-text;!
Missing character: There is no ε (U+03B5) in font [lmroman10-regular]:mapping=t
ex-text;!
File: apostila_files/figure-latex/unnamed-chunk-176-1.pdf Graphic file (type pd
f)
<use apostila_files/figure-latex/unnamed-chunk-176-1.pdf>
Missing character: There is no α (U+03B1) in font [lmroman10-regular]:mapping=t
ex-text;!
Missing character: There is no ε (U+03B5) in font [lmroman10-regular]:mapping=t
ex-text;!
Missing character: There is no π (U+03C0) in font [lmroman10-regular]:mapping=t
ex-text;!
Missing character: There is no ε (U+03B5) in font [lmroman10-regular]:mapping=t
ex-text;!
Missing character: There is no α (U+03B1) in font [lmroman10-regular]:mapping=t
ex-text;!
Missing character: There is no ε (U+03B5) in font [lmroman10-regular]:mapping=t
ex-text;!
Missing character: There is no π (U+03C0) in font [lmroman10-regular]:mapping=t
ex-text;!
Missing character: There is no ε (U+03B5) in font [lmroman10-regular]:mapping=t
ex-text;!

Underfull \hbox (badness 10000) in paragraph at lines 18592--18593

 []


Underfull \hbox (badness 10000) in paragraph at lines 18596--18597

 []


Underfull \vbox (badness 2351) has occurred while \output is active []


Underfull \vbox (badness 2351) has occurred while \output is active []

[419]
Overfull \hbox (37.19328pt too wide) has occurred while \output is active
\TU/lmr/m/n/10 420 \TU/lmr/m/sl/10 MÓDULO 10.  INTRODUÇÃO À DISTRIBUIÇÃO DAS PR
OPORÇÕES E SEUS INTERVALOS DE CONFIANÇA
 []

[420] [421]
Underfull \hbox (badness 10000) in paragraph at lines 18600--18601

 []


Underfull \hbox (badness 10000) in paragraph at lines 18606--18607

 []


Underfull \hbox (badness 10000) in paragraph at lines 18610--18611

 []


Underfull \hbox (badness 10000) in paragraph at lines 18616--18617

 []


Underfull \hbox (badness 10000) in paragraph at lines 18620--18621

 []


Underfull \hbox (badness 10000) in paragraph at lines 18624--18625

 []


Underfull \hbox (badness 10000) in paragraph at lines 18630--18632

 []


Underfull \hbox (badness 10000) in paragraph at lines 18637--18638

 []


Underfull \hbox (badness 10000) in paragraph at lines 18643--18644

 []


Underfull \hbox (badness 10000) in paragraph at lines 18649--18650

 []


Overfull \hbox (37.19328pt too wide) has occurred while \output is active
\TU/lmr/m/n/10 422 \TU/lmr/m/sl/10 MÓDULO 10.  INTRODUÇÃO À DISTRIBUIÇÃO DAS PR
OPORÇÕES E SEUS INTERVALOS DE CONFIANÇA
 []

[422]
Underfull \hbox (badness 10000) in paragraph at lines 18655--18656

 []


Underfull \hbox (badness 10000) in paragraph at lines 18659--18660

 []


Underfull \hbox (badness 10000) in paragraph at lines 18664--18666

 []


Underfull \hbox (badness 10000) in paragraph at lines 18666--18668

 []


Underfull \hbox (badness 10000) in paragraph at lines 18671--18672

 []


Underfull \hbox (badness 10000) in paragraph at lines 18677--18678

 []


Underfull \hbox (badness 10000) in paragraph at lines 18687--18688

 []


Underfull \hbox (badness 10000) in paragraph at lines 18693--18694

 []


Underfull \hbox (badness 10000) in paragraph at lines 18699--18700

 []


Underfull \hbox (badness 10000) in paragraph at lines 18703--18704

 []


Underfull \hbox (badness 10000) in paragraph at lines 18707--18708

 []


Overfull \hbox (98.30106pt too wide) has occurred while \output is active
\TU/lmr/m/sl/10 10.4.  INTERVALOS DE CONFIANÇA PARA UMA PROPORÇÃO $[]$ PELA APR
OXIMAÇÃO DA BINOMIAL PELA NORMAL \TU/lmr/m/n/10 423
 []

[423]
Underfull \hbox (badness 10000) in paragraph at lines 18713--18714

 []


Underfull \hbox (badness 10000) in paragraph at lines 18717--18718

 []


Underfull \hbox (badness 10000) in paragraph at lines 18723--18724

 []


Underfull \hbox (badness 10000) in paragraph at lines 18730--18731

 []


Underfull \hbox (badness 10000) in paragraph at lines 18736--18737

 []


Underfull \hbox (badness 10000) in paragraph at lines 18744--18745

 []


Underfull \hbox (badness 10000) in paragraph at lines 18751--18752

 []


Underfull \hbox (badness 10000) in paragraph at lines 18759--18760

 []


Underfull \hbox (badness 10000) in paragraph at lines 18766--18767

 []


Overfull \hbox (37.19328pt too wide) has occurred while \output is active
\TU/lmr/m/n/10 424 \TU/lmr/m/sl/10 MÓDULO 10.  INTRODUÇÃO À DISTRIBUIÇÃO DAS PR
OPORÇÕES E SEUS INTERVALOS DE CONFIANÇA
 []

[424]
File: apostila_files/figure-latex/unnamed-chunk-178-1.pdf Graphic file (type pd
f)
<use apostila_files/figure-latex/unnamed-chunk-178-1.pdf>
Missing character: There is no π (U+03C0) in font [lmroman10-regular]:mapping=t
ex-text;!
Missing character: There is no α (U+03B1) in font [lmroman10-regular]:mapping=t
ex-text;!
Missing character: There is no ε (U+03B5) in font [lmroman10-regular]:mapping=t
ex-text;!
Missing character: There is no π (U+03C0) in font [lmroman10-regular]:mapping=t
ex-text;!
Missing character: There is no α (U+03B1) in font [lmroman10-regular]:mapping=t
ex-text;!
Missing character: There is no ε (U+03B5) in font [lmroman10-regular]:mapping=t
ex-text;!

Underfull \hbox (badness 10000) in paragraph at lines 18823--18824

 []


Underfull \hbox (badness 10000) in paragraph at lines 18829--18830

 []


Underfull \hbox (badness 10000) in paragraph at lines 18833--18834

 []


Underfull \hbox (badness 10000) in paragraph at lines 18842--18844

 []


Overfull \hbox (98.30106pt too wide) has occurred while \output is active
\TU/lmr/m/sl/10 10.4.  INTERVALOS DE CONFIANÇA PARA UMA PROPORÇÃO $[]$ PELA APR
OXIMAÇÃO DA BINOMIAL PELA NORMAL \TU/lmr/m/n/10 425
 []

[425]
Overfull \hbox (37.19328pt too wide) has occurred while \output is active
\TU/lmr/m/n/10 426 \TU/lmr/m/sl/10 MÓDULO 10.  INTRODUÇÃO À DISTRIBUIÇÃO DAS PR
OPORÇÕES E SEUS INTERVALOS DE CONFIANÇA
 []

[426]
Underfull \hbox (badness 10000) in paragraph at lines 18849--18850

 []


Underfull \hbox (badness 10000) in paragraph at lines 18853--18854

 []


Underfull \hbox (badness 10000) in paragraph at lines 18861--18862

 []


Underfull \hbox (badness 10000) in paragraph at lines 18867--18868

 []


Underfull \hbox (badness 10000) in paragraph at lines 18871--18872

 []


Underfull \hbox (badness 10000) in paragraph at lines 18880--18882

 []


Underfull \hbox (badness 10000) in paragraph at lines 18887--18888

 []


Underfull \hbox (badness 10000) in paragraph at lines 18891--18892

 []


Underfull \hbox (badness 10000) in paragraph at lines 18899--18900

 []


Overfull \hbox (98.30106pt too wide) has occurred while \output is active
\TU/lmr/m/sl/10 10.4.  INTERVALOS DE CONFIANÇA PARA UMA PROPORÇÃO $[]$ PELA APR
OXIMAÇÃO DA BINOMIAL PELA NORMAL \TU/lmr/m/n/10 427
 []

[427]
Underfull \hbox (badness 10000) in paragraph at lines 18903--18904

 []


Underfull \hbox (badness 10000) in paragraph at lines 18919--18920

 []


Underfull \hbox (badness 1117) in paragraph at lines 18921--18921
[]\TU/lmr/bx/n/14.4 Pobabilidades associadas à observação de uma proporção
 []


Underfull \hbox (badness 10000) in paragraph at lines 18923--18924

 []


Underfull \hbox (badness 10000) in paragraph at lines 18927--18928

 []


Underfull \hbox (badness 10000) in paragraph at lines 18933--18934

 []


Underfull \hbox (badness 10000) in paragraph at lines 18937--18938

 []


Underfull \hbox (badness 10000) in paragraph at lines 18945--18946

 []


Underfull \hbox (badness 10000) in paragraph at lines 18949--18950

 []


Overfull \hbox (37.19328pt too wide) has occurred while \output is active
\TU/lmr/m/n/10 428 \TU/lmr/m/sl/10 MÓDULO 10.  INTRODUÇÃO À DISTRIBUIÇÃO DAS PR
OPORÇÕES E SEUS INTERVALOS DE CONFIANÇA
 []

[428]
Underfull \hbox (badness 10000) in paragraph at lines 18953--18954

 []


Underfull \hbox (badness 10000) in paragraph at lines 18959--18960

 []


Underfull \hbox (badness 10000) in paragraph at lines 18963--18964

 []


Underfull \hbox (badness 10000) in paragraph at lines 18972--18973

 []


Underfull \hbox (badness 10000) in paragraph at lines 18976--18977

 []


Underfull \hbox (badness 10000) in paragraph at lines 18984--18985

 []


Underfull \hbox (badness 10000) in paragraph at lines 18988--18989

 []


Underfull \hbox (badness 10000) in paragraph at lines 18993--18994

 []


Overfull \hbox (253.05176pt too wide) has occurred while \output is active
\TU/lmr/m/sl/10 10.7.  INTERVALOS DE CONFIANÇA PARA A DIFERENÇA ENTRE DUAS PROP
ORÇÕES ($[][] [] [][]$)PELA APROXIMAÇÃO DA BINOMIAL PELA NORMAL \TU/lmr/m/n/10 
429
 []

[429]
Underfull \hbox (badness 10000) in paragraph at lines 18999--19000

 []


Underfull \hbox (badness 10000) in paragraph at lines 19003--19004

 []


Underfull \hbox (badness 10000) in paragraph at lines 19007--19008

 []


Underfull \hbox (badness 10000) in paragraph at lines 19011--19012

 []


Underfull \hbox (badness 10000) in paragraph at lines 19017--19018

 []


Overfull \hbox (73.43549pt too wide) detected at line 19023
[] [] [] [][] [] [][]
 []


Underfull \hbox (badness 10000) in paragraph at lines 19023--19024

 []


Underfull \hbox (badness 10000) in paragraph at lines 19029--19030

 []


Underfull \hbox (badness 10000) in paragraph at lines 19037--19038

 []


Overfull \hbox (166.65086pt too wide) detected at line 19042
[] [] [] [][] [] [][][] [][][] [] []
 []


Underfull \hbox (badness 10000) in paragraph at lines 19044--19045

 []


Underfull \hbox (badness 10000) in paragraph at lines 19052--19053

 []


Overfull \hbox (160.06139pt too wide) detected at line 19057
[] [] [] [][] [] [][][] [][][] [] []
 []


Overfull \hbox (37.19328pt too wide) has occurred while \output is active
\TU/lmr/m/n/10 430 \TU/lmr/m/sl/10 MÓDULO 10.  INTRODUÇÃO À DISTRIBUIÇÃO DAS PR
OPORÇÕES E SEUS INTERVALOS DE CONFIANÇA
 []

[430]
Overfull \hbox (253.05176pt too wide) has occurred while \output is active
\TU/lmr/m/sl/10 10.7.  INTERVALOS DE CONFIANÇA PARA A DIFERENÇA ENTRE DUAS PROP
ORÇÕES ($[][] [] [][]$)PELA APROXIMAÇÃO DA BINOMIAL PELA NORMAL \TU/lmr/m/n/10 
431
 []

[431]
Overfull \hbox (37.19328pt too wide) has occurred while \output is active
\TU/lmr/m/n/10 432 \TU/lmr/m/sl/10 MÓDULO 10.  INTRODUÇÃO À DISTRIBUIÇÃO DAS PR
OPORÇÕES E SEUS INTERVALOS DE CONFIANÇA
 []

[432

]
Módulo 11.

Underfull \hbox (badness 10000) in paragraph at lines 19067--19068

 []


Underfull \hbox (badness 10000) in paragraph at lines 19071--19072

 []


Underfull \hbox (badness 10000) in paragraph at lines 19077--19078

 []

File: images11/polya.pdf Graphic file (type pdf)
<use images11/polya.pdf>

Underfull \hbox (badness 10000) in paragraph at lines 19092--19093

 []


Underfull \hbox (badness 10000) in paragraph at lines 19096--19097

 []


Underfull \hbox (badness 10000) in paragraph at lines 19100--19101

 []


Underfull \hbox (badness 10000) in paragraph at lines 19106--19107

 []

[433]
Underfull \hbox (badness 10000) in paragraph at lines 19112--19113

 []


Underfull \hbox (badness 10000) in paragraph at lines 19116--19117

 []


Underfull \hbox (badness 10000) in paragraph at lines 19121--19123

 []


Underfull \hbox (badness 10000) in paragraph at lines 19126--19127

 []

File: images11/metodo_experimental.png Graphic file (type bmp)
<images11/metodo_experimental.png>

Underfull \hbox (badness 10000) in paragraph at lines 19137--19138

 []


Underfull \hbox (badness 10000) in paragraph at lines 19141--19142

 []


Underfull \hbox (badness 10000) in paragraph at lines 19145--19146

 []


Underfull \hbox (badness 10000) in paragraph at lines 19151--19152

 []

[434] [435]
Underfull \hbox (badness 10000) in paragraph at lines 19157--19158

 []


Underfull \hbox (badness 10000) in paragraph at lines 19163--19164

 []


Underfull \hbox (badness 10000) in paragraph at lines 19167--19168

 []

File: images11/oriatrike.pdf Graphic file (type pdf)
<use images11/oriatrike.pdf>

Underfull \hbox (badness 10000) in paragraph at lines 19178--19179

 []


Underfull \hbox (badness 10000) in paragraph at lines 19182--19183

 []

File: images11/sangria.pdf Graphic file (type pdf)
<use images11/sangria.pdf>

Underfull \hbox (badness 10000) in paragraph at lines 19193--19194

 []

File: images11/arbuthnot.jpg Graphic file (type bmp)
<images11/arbuthnot.jpg>

Underfull \hbox (badness 10000) in paragraph at lines 19204--19205

 []


Underfull \hbox (badness 10000) in paragraph at lines 19208--19209

 []


Underfull \hbox (badness 10000) in paragraph at lines 19212--19213

 []


Underfull \hbox (badness 10000) in paragraph at lines 19216--19217

 []

File: images11/fotos.pdf Graphic file (type pdf)
<use images11/fotos.pdf>
[436] [437] [438] [439] [440]
Underfull \hbox (badness 10000) in paragraph at lines 19239--19240

 []


Underfull \hbox (badness 10000) in paragraph at lines 19244--19246

 []


Underfull \hbox (badness 10000) in paragraph at lines 19248--19250

 []


Underfull \hbox (badness 10000) in paragraph at lines 19253--19254

 []


Underfull \hbox (badness 10000) in paragraph at lines 19259--19260

 []


Underfull \hbox (badness 10000) in paragraph at lines 19263--19264

 []


Underfull \hbox (badness 10000) in paragraph at lines 19269--19270

 []


Underfull \hbox (badness 10000) in paragraph at lines 19273--19274

 []

[441]
Underfull \hbox (badness 10000) in paragraph at lines 19277--19278

 []


Underfull \hbox (badness 10000) in paragraph at lines 19281--19282

 []


Underfull \hbox (badness 10000) in paragraph at lines 19285--19286

 []


Underfull \hbox (badness 10000) in paragraph at lines 19291--19292

 []


Underfull \hbox (badness 10000) in paragraph at lines 19297--19298

 []


Underfull \hbox (badness 10000) in paragraph at lines 19301--19302

 []


Underfull \hbox (badness 10000) in paragraph at lines 19311--19312

 []


Underfull \hbox (badness 10000) in paragraph at lines 19317--19318

 []


Underfull \hbox (badness 10000) in paragraph at lines 19321--19322

 []


Underfull \hbox (badness 10000) in paragraph at lines 19325--19326

 []

[442]
Underfull \hbox (badness 10000) in paragraph at lines 19337--19338

 []


Underfull \hbox (badness 10000) in paragraph at lines 19343--19344

 []


Underfull \hbox (badness 10000) in paragraph at lines 19347--19348

 []


Underfull \hbox (badness 10000) in paragraph at lines 19351--19352

 []


Underfull \hbox (badness 10000) in paragraph at lines 19363--19364

 []


Underfull \hbox (badness 10000) in paragraph at lines 19365--19366

 []

File: apostila_files/figure-latex/unnamed-chunk-184-1.pdf Graphic file (type pd
f)
<use apostila_files/figure-latex/unnamed-chunk-184-1.pdf>

Underfull \hbox (badness 10000) in paragraph at lines 19388--19389

 []

[443]
Underfull \hbox (badness 10000) in paragraph at lines 19398--19399

 []


Underfull \hbox (badness 10000) in paragraph at lines 19402--19403

 []


Underfull \hbox (badness 10000) in paragraph at lines 19406--19407

 []


Underfull \hbox (badness 10000) in paragraph at lines 19410--19411

 []


Underfull \hbox (badness 10000) in paragraph at lines 19414--19415

 []

[444]
Underfull \hbox (badness 10000) in paragraph at lines 19418--19419

 []


Underfull \hbox (badness 10000) in paragraph at lines 19422--19423

 []


Underfull \hbox (badness 10000) in paragraph at lines 19432--19433

 []


Underfull \hbox (badness 10000) in paragraph at lines 19436--19437

 []


Underfull \hbox (badness 10000) in paragraph at lines 19440--19441

 []


Underfull \hbox (badness 10000) in paragraph at lines 19460--19461

 []


Underfull \hbox (badness 10000) in paragraph at lines 19464--19465

 []


Underfull \hbox (badness 10000) in paragraph at lines 19478--19479

 []


Underfull \hbox (badness 10000) in paragraph at lines 19484--19485

 []

[445]
Underfull \hbox (badness 10000) in paragraph at lines 19488--19489

 []


Underfull \hbox (badness 10000) in paragraph at lines 19492--19493

 []


Underfull \hbox (badness 10000) in paragraph at lines 19496--19497

 []


Underfull \hbox (badness 10000) in paragraph at lines 19500--19501

 []


Underfull \hbox (badness 1072) in paragraph at lines 19507--19508
[]|\TU/lmr/m/n/10 Erro tipo II: não rejeitar $[][]$
 []


Underfull \hbox (badness 2005) in paragraph at lines 19509--19510
[]|\TU/lmr/m/n/10 O medicamento “A“ alivia a
 []


Underfull \hbox (badness 10000) in paragraph at lines 19511--19512
[]|\TU/lmr/m/n/10 Um tratamento viável per-
 []


Underfull \hbox (badness 10000) in paragraph at lines 19511--19512
\TU/lmr/m/n/10 manece indisponível para
 []


Underfull \hbox (badness 10000) in paragraph at lines 19516--19517

 []


Underfull \hbox (badness 10000) in paragraph at lines 19520--19521

 []


Underfull \hbox (badness 10000) in paragraph at lines 19530--19531

 []


Underfull \hbox (badness 10000) in paragraph at lines 19537--19539

 []

[446]
Underfull \hbox (badness 10000) in paragraph at lines 19545--19547

 []


Underfull \hbox (badness 10000) in paragraph at lines 19556--19557

 []


Underfull \hbox (badness 10000) in paragraph at lines 19562--19563

 []


Underfull \hbox (badness 10000) in paragraph at lines 19566--19567

 []


Underfull \hbox (badness 10000) in paragraph at lines 19570--19571

 []


Underfull \hbox (badness 10000) in paragraph at lines 19574--19575

 []


Underfull \hbox (badness 10000) in paragraph at lines 19578--19579

 []


Underfull \hbox (badness 10000) in paragraph at lines 19584--19585

 []


Underfull \hbox (badness 10000) in paragraph at lines 19588--19589

 []


Underfull \hbox (badness 10000) in paragraph at lines 19595--19597

 []

[447]
Underfull \hbox (badness 10000) in paragraph at lines 19604--19605

 []


Underfull \hbox (badness 10000) in paragraph at lines 19608--19609

 []


Underfull \hbox (badness 10000) in paragraph at lines 19614--19615

 []


Underfull \hbox (badness 10000) in paragraph at lines 19618--19619

 []


Underfull \hbox (badness 10000) in paragraph at lines 19622--19623

 []


Underfull \hbox (badness 10000) in paragraph at lines 19626--19627

 []


Underfull \hbox (badness 10000) in paragraph at lines 19632--19633

 []


Underfull \hbox (badness 10000) in paragraph at lines 19636--19637

 []


Underfull \hbox (badness 10000) in paragraph at lines 19640--19641

 []


Underfull \hbox (badness 10000) in paragraph at lines 19646--19647

 []


Underfull \hbox (badness 10000) in paragraph at lines 19650--19651

 []

[448]
Underfull \hbox (badness 10000) in paragraph at lines 19654--19655

 []


Underfull \hbox (badness 10000) in paragraph at lines 19660--19661

 []


Underfull \hbox (badness 10000) in paragraph at lines 19664--19665

 []


Underfull \hbox (badness 10000) in paragraph at lines 19670--19671

 []


Underfull \hbox (badness 10000) in paragraph at lines 19674--19675

 []


Underfull \hbox (badness 10000) in paragraph at lines 19678--19679

 []


Underfull \hbox (badness 10000) in paragraph at lines 19682--19683

 []


Underfull \hbox (badness 10000) in paragraph at lines 19686--19687

 []


Underfull \hbox (badness 10000) in paragraph at lines 19690--19691

 []


Underfull \hbox (badness 10000) in paragraph at lines 19694--19695

 []

[449]
Underfull \hbox (badness 10000) in paragraph at lines 19698--19699

 []


Underfull \hbox (badness 10000) in paragraph at lines 19710--19711

 []


Underfull \hbox (badness 10000) in paragraph at lines 19714--19715

 []


Underfull \hbox (badness 10000) in paragraph at lines 19718--19719

 []


Underfull \hbox (badness 10000) in paragraph at lines 19722--19723

 []


Underfull \hbox (badness 10000) in paragraph at lines 19726--19727

 []


Underfull \hbox (badness 10000) in paragraph at lines 19730--19731

 []


Underfull \hbox (badness 10000) in paragraph at lines 19736--19737

 []


Underfull \hbox (badness 10000) in paragraph at lines 19742--19743

 []


Underfull \hbox (badness 10000) in paragraph at lines 19746--19747

 []

[450]
File: apostila_files/figure-latex/fig70-1.pdf Graphic file (type pdf)
<use apostila_files/figure-latex/fig70-1.pdf>

Underfull \hbox (badness 10000) in paragraph at lines 19757--19758

 []


Underfull \hbox (badness 10000) in paragraph at lines 19766--19768

 []


Underfull \hbox (badness 10000) in paragraph at lines 19768--19770

 []


Underfull \hbox (badness 10000) in paragraph at lines 19777--19778

 []


Underfull \hbox (badness 10000) in paragraph at lines 19786--19787

 []

[451]
Underfull \hbox (badness 10000) in paragraph at lines 19790--19791

 []

File: apostila_files/figure-latex/fig71-1.pdf Graphic file (type pdf)
<use apostila_files/figure-latex/fig71-1.pdf>

Underfull \hbox (badness 10000) in paragraph at lines 19801--19802

 []


Underfull \hbox (badness 10000) in paragraph at lines 19810--19812

 []


Underfull \hbox (badness 10000) in paragraph at lines 19812--19814

 []


Underfull \hbox (badness 10000) in paragraph at lines 19821--19822

 []


Underfull \hbox (badness 10000) in paragraph at lines 19830--19831

 []

[452]
Underfull \hbox (badness 10000) in paragraph at lines 19834--19835

 []

File: apostila_files/figure-latex/fig72-1.pdf Graphic file (type pdf)
<use apostila_files/figure-latex/fig72-1.pdf>

Underfull \hbox (badness 10000) in paragraph at lines 19845--19846

 []


Underfull \hbox (badness 10000) in paragraph at lines 19854--19856

 []


Underfull \hbox (badness 10000) in paragraph at lines 19856--19858

 []


Underfull \hbox (badness 10000) in paragraph at lines 19861--19862

 []


Underfull \hbox (badness 10000) in paragraph at lines 19865--19866

 []


Underfull \hbox (badness 10000) in paragraph at lines 19869--19870

 []


Underfull \hbox (badness 10000) in paragraph at lines 19874--19876

 []

[453]
Underfull \hbox (badness 10000) in paragraph at lines 19876--19878

 []


Underfull \hbox (badness 10000) in paragraph at lines 19881--19882

 []


Underfull \hbox (badness 10000) in paragraph at lines 19889--19890

 []


Underfull \hbox (badness 10000) in paragraph at lines 19893--19894

 []


Underfull \hbox (badness 10000) in paragraph at lines 19898--19900

 []


Underfull \hbox (badness 10000) in paragraph at lines 19900--19902

 []


Underfull \hbox (badness 10000) in paragraph at lines 19902--19904

 []


Underfull \hbox (badness 10000) in paragraph at lines 19907--19908

 []


Underfull \hbox (badness 10000) in paragraph at lines 19913--19914

 []


Underfull \hbox (badness 10000) in paragraph at lines 19919--19920

 []


Underfull \hbox (badness 10000) in paragraph at lines 19921--19923

 []


Underfull \hbox (badness 10000) in paragraph at lines 19927--19929

 []


Underfull \hbox (badness 10000) in paragraph at lines 19929--19931

 []


Underfull \hbox (badness 10000) in paragraph at lines 19931--19933

 []


Underfull \hbox (badness 10000) in paragraph at lines 19936--19937

 []


Underfull \hbox (badness 10000) in paragraph at lines 19942--19943

 []

[454]
Underfull \hbox (badness 10000) in paragraph at lines 19948--19949

 []


Underfull \hbox (badness 10000) in paragraph at lines 19950--19951

 []


Underfull \hbox (badness 10000) in paragraph at lines 19955--19957

 []


Underfull \hbox (badness 10000) in paragraph at lines 19957--19959

 []


Underfull \hbox (badness 10000) in paragraph at lines 19959--19961

 []


Underfull \hbox (badness 10000) in paragraph at lines 19964--19965

 []

File: apostila_files/figure-latex/unnamed-chunk-187-1.pdf Graphic file (type pd
f)
<use apostila_files/figure-latex/unnamed-chunk-187-1.pdf>

Underfull \hbox (badness 10000) in paragraph at lines 19968--19969

 []


Underfull \hbox (badness 10000) in paragraph at lines 19972--19973

 []


Underfull \hbox (badness 10000) in paragraph at lines 19977--19979

 []

[455]
Underfull \hbox (badness 10000) in paragraph at lines 19988--19989

 []


Underfull \hbox (badness 10000) in paragraph at lines 19998--19999

 []


Underfull \hbox (badness 10000) in paragraph at lines 20002--20003

 []


Underfull \hbox (badness 10000) in paragraph at lines 20010--20011

 []


Underfull \hbox (badness 10000) in paragraph at lines 20017--20018

 []


Underfull \hbox (badness 10000) in paragraph at lines 20025--20026

 []


Underfull \hbox (badness 10000) in paragraph at lines 20032--20033

 []


Underfull \hbox (badness 10000) in paragraph at lines 20040--20041

 []

[456]
Underfull \hbox (badness 10000) in paragraph at lines 20047--20048

 []


Underfull \hbox (badness 10000) in paragraph at lines 20051--20052

 []


Underfull \hbox (badness 10000) in paragraph at lines 20059--20060

 []


Underfull \hbox (badness 10000) in paragraph at lines 20066--20067

 []


Underfull \hbox (badness 10000) in paragraph at lines 20074--20075

 []


Underfull \hbox (badness 10000) in paragraph at lines 20081--20082

 []


Underfull \hbox (badness 10000) in paragraph at lines 20089--20090

 []


Underfull \hbox (badness 10000) in paragraph at lines 20096--20097

 []


Underfull \hbox (badness 10000) in paragraph at lines 20102--20103

 []


Underfull \hbox (badness 10000) in paragraph at lines 20108--20109

 []

[457]
Underfull \hbox (badness 10000) in paragraph at lines 20119--20120

 []


Underfull \hbox (badness 10000) in paragraph at lines 20123--20124

 []


Underfull \hbox (badness 10000) in paragraph at lines 20129--20130

 []


Underfull \hbox (badness 10000) in paragraph at lines 20136--20138

 []


Underfull \hbox (badness 10000) in paragraph at lines 20138--20140

 []


Underfull \hbox (badness 10000) in paragraph at lines 20140--20142

 []


Underfull \hbox (badness 10000) in paragraph at lines 20145--20146

 []

File: apostila_files/figure-latex/fig73-1.pdf Graphic file (type pdf)
<use apostila_files/figure-latex/fig73-1.pdf>

Underfull \hbox (badness 10000) in paragraph at lines 20164--20165

 []


Underfull \hbox (badness 10000) in paragraph at lines 20168--20169

 []


Underfull \hbox (badness 10000) in paragraph at lines 20170--20171

 []

[458]
Underfull \hbox (badness 10000) in paragraph at lines 20174--20175

 []


Underfull \hbox (badness 10000) in paragraph at lines 20180--20181

 []


Underfull \hbox (badness 10000) in paragraph at lines 20189--20190

 []


Underfull \hbox (badness 10000) in paragraph at lines 20193--20194

 []


Underfull \hbox (badness 10000) in paragraph at lines 20197--20198

 []

File: apostila_files/figure-latex/fig74-1.pdf Graphic file (type pdf)
<use apostila_files/figure-latex/fig74-1.pdf>

Underfull \hbox (badness 10000) in paragraph at lines 20208--20209

 []

[459]
Underfull \hbox (badness 10000) in paragraph at lines 20212--20213

 []


Underfull \hbox (badness 10000) in paragraph at lines 20218--20219

 []


Underfull \hbox (badness 10000) in paragraph at lines 20227--20228

 []


Underfull \hbox (badness 10000) in paragraph at lines 20231--20232

 []


Underfull \hbox (badness 10000) in paragraph at lines 20235--20236

 []

[460]
File: apostila_files/figure-latex/fig75-1.pdf Graphic file (type pdf)
<use apostila_files/figure-latex/fig75-1.pdf>

Underfull \hbox (badness 10000) in paragraph at lines 20246--20247

 []


Underfull \hbox (badness 10000) in paragraph at lines 20250--20251

 []


Underfull \hbox (badness 10000) in paragraph at lines 20256--20257

 []


Underfull \hbox (badness 10000) in paragraph at lines 20262--20263

 []


Underfull \hbox (badness 10000) in paragraph at lines 20271--20272

 []

[461]
Underfull \hbox (badness 10000) in paragraph at lines 20275--20276

 []


Underfull \hbox (badness 10000) in paragraph at lines 20279--20280

 []


Underfull \hbox (badness 10000) in paragraph at lines 20285--20286

 []


Underfull \hbox (badness 10000) in paragraph at lines 20289--20290

 []


Underfull \hbox (badness 10000) in paragraph at lines 20294--20296

 []


Underfull \hbox (badness 10000) in paragraph at lines 20296--20298

 []


Underfull \hbox (badness 10000) in paragraph at lines 20298--20300

 []


Underfull \hbox (badness 10000) in paragraph at lines 20303--20304

 []


Underfull \hbox (badness 10000) in paragraph at lines 20307--20308

 []


Underfull \hbox (badness 10000) in paragraph at lines 20313--20314

 []


Underfull \hbox (badness 10000) in paragraph at lines 20317--20318

 []

File: apostila_files/figure-latex/fig76-1.pdf Graphic file (type pdf)
<use apostila_files/figure-latex/fig76-1.pdf>

Underfull \hbox (badness 10000) in paragraph at lines 20328--20329

 []


Underfull \hbox (badness 10000) in paragraph at lines 20332--20333

 []


Overfull \hbox (345.80313pt too wide) in paragraph at lines 20336--20336
[]\TU/lmtt/m/n/10 ## Os dados amostrais trazidos à análise não nos permitem rej
eitar, sob o nível de confiança de 0.95 ,a hipótese nula (H0). A média populaci
onal é igual a 5 .[] 
 []


Underfull \hbox (badness 10000) in paragraph at lines 20341--20342

 []

[462]
Underfull \hbox (badness 10000) in paragraph at lines 20350--20351

 []


Underfull \hbox (badness 10000) in paragraph at lines 20354--20355

 []


Underfull \hbox (badness 10000) in paragraph at lines 20358--20359

 []

File: apostila_files/figure-latex/fig77-1.pdf Graphic file (type pdf)
<use apostila_files/figure-latex/fig77-1.pdf>

Underfull \hbox (badness 10000) in paragraph at lines 20369--20370

 []


Underfull \hbox (badness 10000) in paragraph at lines 20373--20374

 []

[463]
Underfull \hbox (badness 10000) in paragraph at lines 20377--20378

 []


Overfull \hbox (849.80313pt too wide) in paragraph at lines 20381--20381
[]\TU/lmtt/m/n/10 ## Os dados amostrais trazidos à análise nos permitem rejeita
r, sob o nível de significância estabelecido de 0.05 de se cometer um erro do t
ipo I, a hipótese nula (H0) que afirma ser a média populacional maior ou igual 
a  5 .A média populacional é menor.[] 
 []


Underfull \hbox (badness 10000) in paragraph at lines 20383--20384

 []


Underfull \hbox (badness 10000) in paragraph at lines 20389--20390

 []


Underfull \hbox (badness 10000) in paragraph at lines 20398--20399

 []


Underfull \hbox (badness 10000) in paragraph at lines 20402--20403

 []

[464]
Underfull \hbox (badness 10000) in paragraph at lines 20406--20407

 []

File: apostila_files/figure-latex/fig78-1.pdf Graphic file (type pdf)
<use apostila_files/figure-latex/fig78-1.pdf>

Underfull \hbox (badness 10000) in paragraph at lines 20417--20418

 []


Underfull \hbox (badness 10000) in paragraph at lines 20421--20422

 []


Underfull \hbox (badness 10000) in paragraph at lines 20425--20426

 []


Overfull \hbox (393.05313pt too wide) in paragraph at lines 20429--20429
[]\TU/lmtt/m/n/10 ## Os dados amostrais trazidos à análise não nos permitem rej
eitar, sob o nível de confiança de 0.05 ,a hipótese nula (H0). A média populaci
onal é menor ou igual a 5 .[] 
 []


Underfull \hbox (badness 10000) in paragraph at lines 20431--20432

 []


Underfull \hbox (badness 10000) in paragraph at lines 20435--20436

 []

[465]
Underfull \hbox (badness 10000) in paragraph at lines 20439--20440

 []


Underfull \hbox (badness 10000) in paragraph at lines 20446--20447

 []


Underfull \hbox (badness 10000) in paragraph at lines 20450--20451

 []


Underfull \hbox (badness 10000) in paragraph at lines 20454--20455

 []


Underfull \hbox (badness 10000) in paragraph at lines 20460--20461

 []


Underfull \hbox (badness 10000) in paragraph at lines 20464--20465

 []


Underfull \hbox (badness 10000) in paragraph at lines 20468--20469

 []


Underfull \hbox (badness 10000) in paragraph at lines 20479--20480

 []


Underfull \hbox (badness 10000) in paragraph at lines 20483--20484

 []


Underfull \hbox (badness 10000) in paragraph at lines 20487--20488

 []


Underfull \hbox (badness 10000) in paragraph at lines 20491--20492

 []

[466]
Underfull \hbox (badness 10000) in paragraph at lines 20502--20503

 []

File: apostila_files/figure-latex/fig86-1.pdf Graphic file (type pdf)
<use apostila_files/figure-latex/fig86-1.pdf>

Underfull \hbox (badness 10000) in paragraph at lines 20515--20516

 []


Underfull \hbox (badness 10000) in paragraph at lines 20519--20520

 []

[467]
Underfull \hbox (badness 10000) in paragraph at lines 20531--20532

 []


Underfull \hbox (badness 10000) in paragraph at lines 20535--20536

 []


Underfull \hbox (badness 10000) in paragraph at lines 20545--20546

 []


Underfull \hbox (badness 10000) in paragraph at lines 20549--20550

 []

File: apostila_files/figure-latex/fig87-1.pdf Graphic file (type pdf)
<use apostila_files/figure-latex/fig87-1.pdf>

Underfull \hbox (badness 10000) in paragraph at lines 20560--20561

 []


Underfull \hbox (badness 10000) in paragraph at lines 20564--20565

 []

File: images11/ilustração_01.png Graphic file (type bmp)
<images11/ilustração_01.png>
[468]
Underfull \hbox (badness 10000) in paragraph at lines 20575--20576

 []


Underfull \hbox (badness 10000) in paragraph at lines 20579--20580

 []


Overfull \hbox (57.32497pt too wide) has occurred while \output is active
\TU/lmr/m/sl/10 11.10.  TESTE DE HIPÓTESES PARA AS MÉDIAS ($[][][] [][]$) DE DU
AS POPULAÇÕES NORMAIS INDEPENDENTES \TU/lmr/m/n/10 469
 []

[469]
Underfull \hbox (badness 10000) in paragraph at lines 20584--20586

 []


Underfull \hbox (badness 10000) in paragraph at lines 20589--20590

 []


Underfull \hbox (badness 10000) in paragraph at lines 20595--20596

 []


Underfull \hbox (badness 10000) in paragraph at lines 20600--20602

 []


Underfull \hbox (badness 10000) in paragraph at lines 20607--20609

 []


Underfull \hbox (badness 10000) in paragraph at lines 20613--20614

 []


Underfull \hbox (badness 10000) in paragraph at lines 20617--20618

 []


Underfull \hbox (badness 10000) in paragraph at lines 20623--20624

 []


Underfull \hbox (badness 10000) in paragraph at lines 20627--20628

 []


Underfull \hbox (badness 10000) in paragraph at lines 20635--20636

 []


Underfull \hbox (badness 10000) in paragraph at lines 20641--20642

 []


Underfull \hbox (badness 10000) in paragraph at lines 20645--20646

 []


Underfull \hbox (badness 10000) in paragraph at lines 20651--20652

 []

[470]
Underfull \hbox (badness 10000) in paragraph at lines 20658--20659

 []


Underfull \hbox (badness 10000) in paragraph at lines 20664--20665

 []


Underfull \hbox (badness 10000) in paragraph at lines 20668--20669

 []


Underfull \hbox (badness 10000) in paragraph at lines 20674--20675

 []


Underfull \hbox (badness 10000) in paragraph at lines 20681--20682

 []


Underfull \hbox (badness 10000) in paragraph at lines 20687--20688

 []


Underfull \hbox (badness 10000) in paragraph at lines 20696--20697

 []


Underfull \hbox (badness 10000) in paragraph at lines 20702--20703

 []


Underfull \hbox (badness 10000) in paragraph at lines 20711--20712

 []


Underfull \hbox (badness 10000) in paragraph at lines 20715--20716

 []


Overfull \hbox (57.32497pt too wide) has occurred while \output is active
\TU/lmr/m/sl/10 11.10.  TESTE DE HIPÓTESES PARA AS MÉDIAS ($[][][] [][]$) DE DU
AS POPULAÇÕES NORMAIS INDEPENDENTES \TU/lmr/m/n/10 471
 []

[471]
Underfull \hbox (badness 10000) in paragraph at lines 20721--20722

 []


Underfull \hbox (badness 10000) in paragraph at lines 20725--20726

 []


Underfull \hbox (badness 10000) in paragraph at lines 20730--20732

 []


Underfull \hbox (badness 10000) in paragraph at lines 20732--20734

 []


Underfull \hbox (badness 10000) in paragraph at lines 20734--20736

 []


Underfull \hbox (badness 10000) in paragraph at lines 20739--20740

 []


Underfull \hbox (badness 10000) in paragraph at lines 20743--20744

 []


Underfull \hbox (badness 10000) in paragraph at lines 20748--20750

 []


Underfull \hbox (badness 10000) in paragraph at lines 20750--20752

 []


Underfull \hbox (badness 10000) in paragraph at lines 20752--20754

 []


Underfull \hbox (badness 10000) in paragraph at lines 20754--20756

 []


Underfull \hbox (badness 10000) in paragraph at lines 20759--20760

 []


Underfull \hbox (badness 10000) in paragraph at lines 20767--20768

 []


Underfull \hbox (badness 10000) in paragraph at lines 20775--20776

 []

[472]
Underfull \hbox (badness 10000) in paragraph at lines 20782--20783

 []


Underfull \hbox (badness 10000) in paragraph at lines 20790--20791

 []


Underfull \hbox (badness 10000) in paragraph at lines 20797--20798

 []


Underfull \hbox (badness 10000) in paragraph at lines 20805--20806

 []


Underfull \hbox (badness 10000) in paragraph at lines 20812--20813

 []


Underfull \hbox (badness 10000) in paragraph at lines 20821--20823

 []


Underfull \hbox (badness 10000) in paragraph at lines 20823--20825

 []


Underfull \hbox (badness 10000) in paragraph at lines 20828--20829

 []


Underfull \hbox (badness 10000) in paragraph at lines 20834--20835

 []


LaTeX Warning: `h' float specifier changed to `ht'.


Underfull \hbox (badness 10000) in paragraph at lines 20856--20857

 []


Overfull \hbox (57.32497pt too wide) has occurred while \output is active
\TU/lmr/m/sl/10 11.10.  TESTE DE HIPÓTESES PARA AS MÉDIAS ($[][][] [][]$) DE DU
AS POPULAÇÕES NORMAIS INDEPENDENTES \TU/lmr/m/n/10 473
 []

[473]
Underfull \hbox (badness 10000) in paragraph at lines 20860--20861

 []


Underfull \hbox (badness 10000) in paragraph at lines 20864--20865

 []


Underfull \hbox (badness 10000) in paragraph at lines 20868--20869

 []


Underfull \hbox (badness 10000) in paragraph at lines 20873--20875

 []


Underfull \hbox (badness 10000) in paragraph at lines 20875--20877

 []


Underfull \hbox (badness 10000) in paragraph at lines 20877--20879

 []


Underfull \hbox (badness 10000) in paragraph at lines 20879--20881

 []


Underfull \hbox (badness 10000) in paragraph at lines 20884--20885

 []


Underfull \hbox (badness 10000) in paragraph at lines 20895--20896

 []


Underfull \hbox (badness 10000) in paragraph at lines 20899--20900

 []


Underfull \hbox (badness 10000) in paragraph at lines 20905--20906

 []

[474]
Underfull \hbox (badness 10000) in paragraph at lines 20909--20910

 []

File: apostila_files/figure-latex/fig83-1.pdf Graphic file (type pdf)
<use apostila_files/figure-latex/fig83-1.pdf>

Underfull \hbox (badness 10000) in paragraph at lines 20920--20921

 []


Underfull \hbox (badness 10000) in paragraph at lines 20924--20925

 []


Underfull \hbox (badness 10000) in paragraph at lines 20928--20929

 []


Underfull \hbox (badness 10000) in paragraph at lines 20934--20935

 []


Overfull \hbox (57.32497pt too wide) has occurred while \output is active
\TU/lmr/m/sl/10 11.10.  TESTE DE HIPÓTESES PARA AS MÉDIAS ($[][][] [][]$) DE DU
AS POPULAÇÕES NORMAIS INDEPENDENTES \TU/lmr/m/n/10 475
 []

[475]
Underfull \hbox (badness 10000) in paragraph at lines 20938--20939

 []


Underfull \hbox (badness 10000) in paragraph at lines 20945--20946

 []


Underfull \hbox (badness 10000) in paragraph at lines 20949--20950

 []

File: apostila_files/figure-latex/fig84-1.pdf Graphic file (type pdf)
<use apostila_files/figure-latex/fig84-1.pdf>

Underfull \hbox (badness 10000) in paragraph at lines 20960--20961

 []


Underfull \hbox (badness 10000) in paragraph at lines 20964--20965

 []


Underfull \hbox (badness 10000) in paragraph at lines 20967--20968

 []

[476]
Underfull \hbox (badness 10000) in paragraph at lines 20972--20973

 []


Underfull \hbox (badness 10000) in paragraph at lines 20979--20980

 []


Underfull \hbox (badness 10000) in paragraph at lines 20983--20984

 []

File: apostila_files/figure-latex/fig85-1.pdf Graphic file (type pdf)
<use apostila_files/figure-latex/fig85-1.pdf>

Underfull \hbox (badness 10000) in paragraph at lines 20994--20995

 []


Underfull \hbox (badness 10000) in paragraph at lines 20998--20999

 []


Underfull \hbox (badness 10000) in paragraph at lines 21002--21003

 []


Overfull \hbox (57.32497pt too wide) has occurred while \output is active
\TU/lmr/m/sl/10 11.10.  TESTE DE HIPÓTESES PARA AS MÉDIAS ($[][][] [][]$) DE DU
AS POPULAÇÕES NORMAIS INDEPENDENTES \TU/lmr/m/n/10 477
 []

[477]
Underfull \hbox (badness 10000) in paragraph at lines 21010--21011

 []


Underfull \hbox (badness 10000) in paragraph at lines 21014--21015

 []


Underfull \hbox (badness 10000) in paragraph at lines 21018--21019

 []


Underfull \hbox (badness 10000) in paragraph at lines 21023--21025

 []


Underfull \hbox (badness 10000) in paragraph at lines 21025--21027

 []


Underfull \hbox (badness 10000) in paragraph at lines 21027--21029

 []


Underfull \hbox (badness 10000) in paragraph at lines 21029--21031

 []


Underfull \hbox (badness 10000) in paragraph at lines 21034--21035

 []


Underfull \hbox (badness 10000) in paragraph at lines 21038--21039

 []


Underfull \hbox (badness 10000) in paragraph at lines 21043--21045

 []


Underfull \hbox (badness 10000) in paragraph at lines 21045--21047

 []


Underfull \hbox (badness 10000) in paragraph at lines 21052--21053

 []


Underfull \hbox (badness 10000) in paragraph at lines 21056--21057

 []


Underfull \hbox (badness 10000) in paragraph at lines 21062--21063

 []

[478]
Underfull \hbox (badness 10000) in paragraph at lines 21068--21069

 []


Underfull \hbox (badness 10000) in paragraph at lines 21081--21082

 []


Underfull \hbox (badness 10000) in paragraph at lines 21089--21090

 []


Underfull \hbox (badness 10000) in paragraph at lines 21096--21097

 []


Underfull \hbox (badness 10000) in paragraph at lines 21104--21105

 []


Underfull \hbox (badness 10000) in paragraph at lines 21111--21112

 []


Underfull \hbox (badness 10000) in paragraph at lines 21120--21122

 []


Underfull \hbox (badness 10000) in paragraph at lines 21122--21124

 []


Underfull \hbox (badness 10000) in paragraph at lines 21127--21128

 []


Underfull \hbox (badness 10000) in paragraph at lines 21130--21132

 []


Overfull \hbox (57.32497pt too wide) has occurred while \output is active
\TU/lmr/m/sl/10 11.10.  TESTE DE HIPÓTESES PARA AS MÉDIAS ($[][][] [][]$) DE DU
AS POPULAÇÕES NORMAIS INDEPENDENTES \TU/lmr/m/n/10 479
 []

[479]
Underfull \hbox (badness 10000) in paragraph at lines 21154--21155

 []


Underfull \hbox (badness 10000) in paragraph at lines 21167--21168

 []


Underfull \hbox (badness 10000) in paragraph at lines 21171--21172

 []


Underfull \hbox (badness 10000) in paragraph at lines 21181--21182

 []


Underfull \hbox (badness 10000) in paragraph at lines 21183--21185

 []

File: images11/f_test_3.png Graphic file (type bmp)
<images11/f_test_3.png>

Underfull \hbox (badness 10000) in paragraph at lines 21195--21196

 []


Underfull \hbox (badness 10000) in paragraph at lines 21199--21200

 []


Underfull \hbox (badness 10000) in paragraph at lines 21208--21209

 []

[480]
Underfull \hbox (badness 10000) in paragraph at lines 21212--21213

 []


Underfull \hbox (badness 10000) in paragraph at lines 21216--21217

 []


Underfull \hbox (badness 10000) in paragraph at lines 21223--21225

 []


Underfull \hbox (badness 10000) in paragraph at lines 21225--21227

 []


Underfull \hbox (badness 10000) in paragraph at lines 21227--21229

 []


Underfull \hbox (badness 10000) in paragraph at lines 21229--21231

 []


Underfull \hbox (badness 10000) in paragraph at lines 21234--21235

 []


Underfull \hbox (badness 10000) in paragraph at lines 21241--21242

 []


Overfull \hbox (57.32497pt too wide) has occurred while \output is active
\TU/lmr/m/sl/10 11.10.  TESTE DE HIPÓTESES PARA AS MÉDIAS ($[][][] [][]$) DE DU
AS POPULAÇÕES NORMAIS INDEPENDENTES \TU/lmr/m/n/10 481
 []

[481]
Underfull \hbox (badness 10000) in paragraph at lines 21245--21246

 []


Underfull \hbox (badness 10000) in paragraph at lines 21249--21250

 []


Underfull \hbox (badness 10000) in paragraph at lines 21255--21256

 []


Underfull \hbox (badness 10000) in paragraph at lines 21259--21260

 []


Underfull \hbox (badness 10000) in paragraph at lines 21265--21266

 []


Underfull \hbox (badness 10000) in paragraph at lines 21271--21272

 []

File: apostila_files/figure-latex/fig89-1.pdf Graphic file (type pdf)
<use apostila_files/figure-latex/fig89-1.pdf>

Underfull \hbox (badness 10000) in paragraph at lines 21282--21283

 []


Underfull \hbox (badness 10000) in paragraph at lines 21287--21288

 []


Underfull \hbox (badness 10000) in paragraph at lines 21289--21290

 []


Underfull \hbox (badness 10000) in paragraph at lines 21297--21298

 []


Underfull \hbox (badness 10000) in paragraph at lines 21303--21304

 []

[482]
Underfull \hbox (badness 10000) in paragraph at lines 21307--21308

 []


Underfull \hbox (badness 10000) in paragraph at lines 21312--21314

 []


Underfull \hbox (badness 10000) in paragraph at lines 21314--21316

 []


Underfull \hbox (badness 10000) in paragraph at lines 21316--21318

 []


Underfull \hbox (badness 10000) in paragraph at lines 21321--21322

 []


Underfull \hbox (badness 10000) in paragraph at lines 21327--21328

 []


Underfull \hbox (badness 10000) in paragraph at lines 21331--21332

 []


Overfull \hbox (57.32497pt too wide) has occurred while \output is active
\TU/lmr/m/sl/10 11.10.  TESTE DE HIPÓTESES PARA AS MÉDIAS ($[][][] [][]$) DE DU
AS POPULAÇÕES NORMAIS INDEPENDENTES \TU/lmr/m/n/10 483
 []

[483]
Underfull \hbox (badness 10000) in paragraph at lines 21335--21336

 []


Underfull \hbox (badness 10000) in paragraph at lines 21340--21342

 []


Underfull \hbox (badness 10000) in paragraph at lines 21342--21344

 []


Underfull \hbox (badness 10000) in paragraph at lines 21347--21348

 []


Underfull \hbox (badness 10000) in paragraph at lines 21349--21350

 []


Underfull \hbox (badness 10000) in paragraph at lines 21355--21356

 []


Underfull \hbox (badness 10000) in paragraph at lines 21363--21364

 []


Underfull \hbox (badness 10000) in paragraph at lines 21370--21371

 []


Underfull \hbox (badness 10000) in paragraph at lines 21378--21379

 []


Underfull \hbox (badness 10000) in paragraph at lines 21385--21386

 []


Underfull \hbox (badness 10000) in paragraph at lines 21393--21394

 []

[484]
Underfull \hbox (badness 10000) in paragraph at lines 21400--21401

 []


Underfull \hbox (badness 10000) in paragraph at lines 21406--21407

 []


Underfull \hbox (badness 10000) in paragraph at lines 21428--21429

 []


Underfull \hbox (badness 10000) in paragraph at lines 21430--21431

 []


Underfull \hbox (badness 10000) in paragraph at lines 21439--21440

 []


Underfull \hbox (badness 10000) in paragraph at lines 21449--21450

 []


Underfull \hbox (badness 10000) in paragraph at lines 21453--21454

 []


Underfull \hbox (badness 10000) in paragraph at lines 21457--21458

 []


Underfull \hbox (badness 10000) in paragraph at lines 21464--21465

 []


Overfull \hbox (57.32497pt too wide) has occurred while \output is active
\TU/lmr/m/sl/10 11.10.  TESTE DE HIPÓTESES PARA AS MÉDIAS ($[][][] [][]$) DE DU
AS POPULAÇÕES NORMAIS INDEPENDENTES \TU/lmr/m/n/10 485
 []

[485]
Underfull \hbox (badness 10000) in paragraph at lines 21468--21469

 []


Underfull \hbox (badness 10000) in paragraph at lines 21472--21473

 []


Underfull \hbox (badness 10000) in paragraph at lines 21476--21477

 []


Underfull \hbox (badness 10000) in paragraph at lines 21480--21481

 []


Underfull \hbox (badness 10000) in paragraph at lines 21486--21487

 []


Underfull \hbox (badness 10000) in paragraph at lines 21488--21489

 []

File: images11/f_test_4.png Graphic file (type bmp)
<images11/f_test_4.png>

Underfull \hbox (badness 10000) in paragraph at lines 21499--21500

 []


Underfull \hbox (badness 10000) in paragraph at lines 21507--21508

 []

[486]
Underfull \hbox (badness 10000) in paragraph at lines 21513--21514

 []


Underfull \hbox (badness 10000) in paragraph at lines 21520--21522

 []


Underfull \hbox (badness 10000) in paragraph at lines 21522--21524

 []


Underfull \hbox (badness 10000) in paragraph at lines 21524--21526

 []


Underfull \hbox (badness 10000) in paragraph at lines 21529--21530

 []


Underfull \hbox (badness 10000) in paragraph at lines 21537--21538

 []


Underfull \hbox (badness 10000) in paragraph at lines 21541--21542

 []


Underfull \hbox (badness 10000) in paragraph at lines 21543--21544

 []


Underfull \hbox (badness 10000) in paragraph at lines 21549--21550

 []


Underfull \hbox (badness 10000) in paragraph at lines 21553--21554

 []


Underfull \hbox (badness 10000) in paragraph at lines 21559--21560

 []

File: apostila_files/figure-latex/fig91-1.pdf Graphic file (type pdf)
<use apostila_files/figure-latex/fig91-1.pdf>

Underfull \hbox (badness 10000) in paragraph at lines 21570--21571

 []


Overfull \hbox (57.32497pt too wide) has occurred while \output is active
\TU/lmr/m/sl/10 11.10.  TESTE DE HIPÓTESES PARA AS MÉDIAS ($[][][] [][]$) DE DU
AS POPULAÇÕES NORMAIS INDEPENDENTES \TU/lmr/m/n/10 487
 []

[487]
Underfull \hbox (badness 10000) in paragraph at lines 21574--21575

 []


Underfull \hbox (badness 10000) in paragraph at lines 21578--21579

 []


Underfull \hbox (badness 10000) in paragraph at lines 21582--21583

 []


Underfull \hbox (badness 10000) in paragraph at lines 21587--21589

 []


Underfull \hbox (badness 10000) in paragraph at lines 21592--21593

 []


Underfull \hbox (badness 10000) in paragraph at lines 21596--21597

 []


Underfull \vbox (badness 2103) has occurred while \output is active []


Underfull \vbox (badness 2103) has occurred while \output is active []

[488]
Underfull \hbox (badness 10000) in paragraph at lines 21602--21603

 []


Underfull \hbox (badness 10000) in paragraph at lines 21611--21612

 []


Underfull \hbox (badness 10000) in paragraph at lines 21617--21618

 []


Underfull \hbox (badness 10000) in paragraph at lines 21626--21627

 []


Underfull \hbox (badness 10000) in paragraph at lines 21632--21633

 []


Underfull \hbox (badness 10000) in paragraph at lines 21639--21640

 []


Underfull \hbox (badness 10000) in paragraph at lines 21649--21650

 []


Underfull \hbox (badness 10000) in paragraph at lines 21653--21654

 []


Underfull \hbox (badness 10000) in paragraph at lines 21658--21660

 []


Underfull \hbox (badness 10000) in paragraph at lines 21660--21662

 []


Underfull \hbox (badness 10000) in paragraph at lines 21665--21666

 []


Underfull \hbox (badness 10000) in paragraph at lines 21669--21670

 []

[489]
Underfull \hbox (badness 10000) in paragraph at lines 21677--21678

 []


Underfull \hbox (badness 10000) in paragraph at lines 21684--21685

 []


Underfull \hbox (badness 10000) in paragraph at lines 21692--21693

 []


Underfull \hbox (badness 10000) in paragraph at lines 21699--21700

 []


Underfull \hbox (badness 10000) in paragraph at lines 21707--21708

 []


Underfull \hbox (badness 10000) in paragraph at lines 21714--21715

 []


Underfull \hbox (badness 10000) in paragraph at lines 21723--21725

 []


Underfull \hbox (badness 10000) in paragraph at lines 21725--21727

 []


Underfull \hbox (badness 10000) in paragraph at lines 21730--21731

 []

[490]
Underfull \hbox (badness 10000) in paragraph at lines 21736--21737

 []


Underfull \hbox (badness 10000) in paragraph at lines 21742--21743

 []


Underfull \hbox (badness 10000) in paragraph at lines 21749--21750

 []


Underfull \hbox (badness 10000) in paragraph at lines 21753--21754

 []


Underfull \hbox (badness 10000) in paragraph at lines 21757--21758

 []


Underfull \hbox (badness 10000) in paragraph at lines 21765--21766

 []


Underfull \hbox (badness 10000) in paragraph at lines 21769--21770

 []


Underfull \hbox (badness 10000) in paragraph at lines 21775--21776

 []


Underfull \hbox (badness 10000) in paragraph at lines 21777--21778

 []


Underfull \hbox (badness 10000) in paragraph at lines 21789--21790

 []


Underfull \hbox (badness 10000) in paragraph at lines 21793--21794

 []

File: apostila_files/figure-latex/fig92-1.pdf Graphic file (type pdf)
<use apostila_files/figure-latex/fig92-1.pdf>
[491]
Underfull \hbox (badness 10000) in paragraph at lines 21804--21805

 []


Underfull \hbox (badness 10000) in paragraph at lines 21808--21809

 []


Underfull \hbox (badness 10000) in paragraph at lines 21814--21815

 []


Underfull \hbox (badness 10000) in paragraph at lines 21823--21824

 []


Underfull \hbox (badness 10000) in paragraph at lines 21827--21828

 []


Underfull \hbox (badness 10000) in paragraph at lines 21831--21832

 []

[492]
File: apostila_files/figure-latex/fig93-1.pdf Graphic file (type pdf)
<use apostila_files/figure-latex/fig93-1.pdf>

Underfull \hbox (badness 10000) in paragraph at lines 21842--21843

 []


Underfull \hbox (badness 10000) in paragraph at lines 21846--21847

 []


Underfull \hbox (badness 10000) in paragraph at lines 21852--21853

 []


Underfull \hbox (badness 10000) in paragraph at lines 21861--21862

 []


Underfull \hbox (badness 10000) in paragraph at lines 21865--21866

 []


Underfull \hbox (badness 10000) in paragraph at lines 21869--21870

 []

[493]
File: apostila_files/figure-latex/fig94-1.pdf Graphic file (type pdf)
<use apostila_files/figure-latex/fig94-1.pdf>

Underfull \hbox (badness 10000) in paragraph at lines 21880--21881

 []


Underfull \hbox (badness 10000) in paragraph at lines 21884--21885

 []


Underfull \hbox (badness 10000) in paragraph at lines 21890--21891

 []


Underfull \hbox (badness 10000) in paragraph at lines 21894--21895

 []

[494]
Underfull \hbox (badness 10000) in paragraph at lines 21907--21909

 []


Underfull \hbox (badness 10000) in paragraph at lines 21912--21913

 []


Underfull \hbox (badness 10000) in paragraph at lines 21916--21917

 []


Underfull \hbox (badness 10000) in paragraph at lines 21923--21924

 []


Underfull \hbox (badness 10000) in paragraph at lines 21928--21930

 []


Underfull \hbox (badness 10000) in paragraph at lines 21932--21934

 []


Underfull \hbox (badness 10000) in paragraph at lines 21937--21938

 []


Underfull \hbox (badness 10000) in paragraph at lines 21941--21942

 []


Underfull \hbox (badness 10000) in paragraph at lines 21945--21946

 []


Underfull \hbox (badness 10000) in paragraph at lines 21950--21952

 []

[495]
Underfull \hbox (badness 10000) in paragraph at lines 21952--21954

 []


Underfull \hbox (badness 10000) in paragraph at lines 21957--21958

 []


Underfull \hbox (badness 10000) in paragraph at lines 21961--21962

 []


Underfull \hbox (badness 10000) in paragraph at lines 21965--21966

 []


Underfull \hbox (badness 10000) in paragraph at lines 21969--21970

 []


Underfull \hbox (badness 10000) in paragraph at lines 21974--21976

 []


Underfull \hbox (badness 10000) in paragraph at lines 21979--21980

 []


Underfull \hbox (badness 10000) in paragraph at lines 21983--21984

 []


Underfull \hbox (badness 10000) in paragraph at lines 21987--21988

 []


Underfull \hbox (badness 10000) in paragraph at lines 21991--21992

 []


LaTeX Warning: `h' float specifier changed to `ht'.


Underfull \hbox (badness 10000) in paragraph at lines 22010--22011

 []

[496]
Underfull \hbox (badness 10000) in paragraph at lines 22012--22013

 []


Underfull \hbox (badness 10000) in paragraph at lines 22018--22019

 []


Underfull \hbox (badness 10000) in paragraph at lines 22023--22025

 []


Underfull \hbox (badness 10000) in paragraph at lines 22025--22027

 []


Underfull \hbox (badness 10000) in paragraph at lines 22027--22029

 []


Underfull \hbox (badness 10000) in paragraph at lines 22029--22031

 []


Underfull \hbox (badness 10000) in paragraph at lines 22031--22033

 []


Underfull \hbox (badness 10000) in paragraph at lines 22033--22035

 []


Underfull \hbox (badness 10000) in paragraph at lines 22035--22037

 []


Underfull \hbox (badness 10000) in paragraph at lines 22040--22041

 []


Underfull \hbox (badness 10000) in paragraph at lines 22046--22047

 []


Underfull \hbox (badness 10000) in paragraph at lines 22050--22051

 []


Underfull \hbox (badness 10000) in paragraph at lines 22054--22055

 []

[497]
Underfull \hbox (badness 10000) in paragraph at lines 22062--22063

 []


Underfull \hbox (badness 10000) in paragraph at lines 22066--22067

 []


Underfull \hbox (badness 10000) in paragraph at lines 22072--22073

 []


Underfull \hbox (badness 10000) in paragraph at lines 22079--22081

 []


Underfull \hbox (badness 10000) in paragraph at lines 22081--22083

 []


Underfull \hbox (badness 10000) in paragraph at lines 22083--22085

 []


Underfull \hbox (badness 10000) in paragraph at lines 22088--22089

 []


Underfull \hbox (badness 10000) in paragraph at lines 22092--22093

 []


Underfull \hbox (badness 10000) in paragraph at lines 22097--22099

 []


Underfull \hbox (badness 10000) in paragraph at lines 22099--22101

 []


Underfull \hbox (badness 10000) in paragraph at lines 22104--22105

 []


Underfull \hbox (badness 10000) in paragraph at lines 22108--22109

 []


Underfull \hbox (badness 10000) in paragraph at lines 22114--22115

 []

[498]
Underfull \hbox (badness 10000) in paragraph at lines 22118--22119

 []


Underfull \hbox (badness 10000) in paragraph at lines 22124--22125

 []


Underfull \hbox (badness 10000) in paragraph at lines 22134--22135

 []


Underfull \hbox (badness 10000) in paragraph at lines 22143--22144

 []


Underfull \hbox (badness 10000) in paragraph at lines 22147--22148

 []


Underfull \hbox (badness 10000) in paragraph at lines 22151--22152

 []


Underfull \hbox (badness 10000) in paragraph at lines 22159--22160

 []


Underfull \hbox (badness 10000) in paragraph at lines 22166--22167

 []


Underfull \hbox (badness 10000) in paragraph at lines 22170--22171

 []

File: apostila_files/figure-latex/fig95-1.pdf Graphic file (type pdf)
<use apostila_files/figure-latex/fig95-1.pdf>

Underfull \hbox (badness 10000) in paragraph at lines 22181--22182

 []


Underfull \hbox (badness 10000) in paragraph at lines 22187--22188

 []

[499]
Underfull \hbox (badness 10000) in paragraph at lines 22211--22212

 []


Underfull \hbox (badness 10000) in paragraph at lines 22213--22214

 []


Underfull \hbox (badness 10000) in paragraph at lines 22217--22218

 []


Underfull \hbox (badness 10000) in paragraph at lines 22224--22225

 []

[500]
Underfull \hbox (badness 10000) in paragraph at lines 22228--22229

 []


Underfull \hbox (badness 10000) in paragraph at lines 22236--22237

 []


Underfull \hbox (badness 10000) in paragraph at lines 22240--22241

 []


Underfull \hbox (badness 10000) in paragraph at lines 22246--22247

 []


Underfull \hbox (badness 10000) in paragraph at lines 22250--22251

 []


Underfull \hbox (badness 10000) in paragraph at lines 22254--22255

 []


Underfull \hbox (badness 10000) in paragraph at lines 22278--22279

 []


Underfull \hbox (badness 10000) in paragraph at lines 22280--22281

 []


Underfull \hbox (badness 10000) in paragraph at lines 22284--22285

 []

[501]
Underfull \hbox (badness 10000) in paragraph at lines 22288--22289

 []


Underfull \hbox (badness 10000) in paragraph at lines 22294--22295

 []


Underfull \hbox (badness 10000) in paragraph at lines 22298--22299

 []

File: apostila_files/figure-latex/fig96-1.pdf Graphic file (type pdf)
<use apostila_files/figure-latex/fig96-1.pdf>

Underfull \hbox (badness 10000) in paragraph at lines 22309--22310

 []


Underfull \hbox (badness 10000) in paragraph at lines 22315--22316

 []


Underfull \hbox (badness 10000) in paragraph at lines 22321--22322

 []

[502]
Underfull \hbox (badness 10000) in paragraph at lines 22342--22343

 []


Underfull \hbox (badness 10000) in paragraph at lines 22346--22347

 []


Overfull \hbox (188.86223pt too wide) detected at line 22353
[]
 []


Underfull \hbox (badness 10000) in paragraph at lines 22355--22356

 []


Underfull \hbox (badness 10000) in paragraph at lines 22359--22360

 []


Underfull \hbox (badness 10000) in paragraph at lines 22367--22368

 []


Underfull \hbox (badness 10000) in paragraph at lines 22371--22372

 []


Underfull \hbox (badness 10000) in paragraph at lines 22377--22378

 []


Underfull \hbox (badness 10000) in paragraph at lines 22383--22384

 []


Underfull \hbox (badness 10000) in paragraph at lines 22392--22393

 []

[503]
Underfull \hbox (badness 10000) in paragraph at lines 22396--22397

 []


Underfull \hbox (badness 10000) in paragraph at lines 22417--22418

 []


Overfull \hbox (365.66194pt too wide) detected at line 22425
[] [] [] [] [] [] [][][] [] [] [] [] [] [] [] [] [][] [] [] [] [] [] [] [] [] [
][] [] [] [][][] [][] [] [][] [][] [] [][][] [][] [] [][] [][] [] [][][] [][][]
 [][] [] [][] [][]
 []


Underfull \hbox (badness 10000) in paragraph at lines 22427--22428

 []

File: apostila_files/figure-latex/unnamed-chunk-201-1.pdf Graphic file (type pd
f)
<use apostila_files/figure-latex/unnamed-chunk-201-1.pdf>

Underfull \hbox (badness 10000) in paragraph at lines 22438--22439

 []


Underfull \hbox (badness 10000) in paragraph at lines 22444--22445

 []


Underfull \hbox (badness 10000) in paragraph at lines 22448--22449

 []


Underfull \hbox (badness 10000) in paragraph at lines 22452--22453

 []


Underfull \hbox (badness 10000) in paragraph at lines 22457--22458

 []

[504]
Underfull \hbox (badness 10000) in paragraph at lines 22461--22462

 []


Underfull \hbox (badness 10000) in paragraph at lines 22465--22466

 []


Underfull \hbox (badness 10000) in paragraph at lines 22469--22470

 []


Underfull \hbox (badness 10000) in paragraph at lines 22473--22474

 []


Underfull \hbox (badness 10000) in paragraph at lines 22479--22480

 []

[505]
Underfull \hbox (badness 10000) in paragraph at lines 22483--22484

 []


Underfull \hbox (badness 10000) in paragraph at lines 22487--22488

 []


Underfull \hbox (badness 10000) in paragraph at lines 22491--22492

 []


Underfull \hbox (badness 10000) in paragraph at lines 22497--22498

 []


Underfull \hbox (badness 10000) in paragraph at lines 22501--22502

 []


Underfull \hbox (badness 10000) in paragraph at lines 22506--22508

 []


Underfull \hbox (badness 10000) in paragraph at lines 22508--22510

 []


Underfull \hbox (badness 10000) in paragraph at lines 22513--22514

 []


Underfull \hbox (badness 10000) in paragraph at lines 22519--22520

 []


Underfull \hbox (badness 10000) in paragraph at lines 22529--22530

 []


Underfull \hbox (badness 10000) in paragraph at lines 22533--22534

 []

[506]
Underfull \hbox (badness 10000) in paragraph at lines 22537--22538

 []


Underfull \hbox (badness 10000) in paragraph at lines 22541--22542

 []


Underfull \hbox (badness 10000) in paragraph at lines 22545--22546

 []


Overfull \hbox (64.55792pt too wide) in paragraph at lines 22550--22562
 [][] 
 []


Underfull \hbox (badness 10000) in paragraph at lines 22564--22565

 []


Underfull \hbox (badness 10000) in paragraph at lines 22566--22567

 []


Underfull \hbox (badness 10000) in paragraph at lines 22570--22571

 []


Underfull \hbox (badness 10000) in paragraph at lines 22577--22578

 []


Underfull \hbox (badness 10000) in paragraph at lines 22581--22582

 []

[507]
Underfull \hbox (badness 10000) in paragraph at lines 22585--22586

 []


Underfull \hbox (badness 10000) in paragraph at lines 22589--22590

 []


Underfull \hbox (badness 10000) in paragraph at lines 22595--22596

 []


Underfull \hbox (badness 10000) in paragraph at lines 22606--22607

 []


Underfull \hbox (badness 10000) in paragraph at lines 22612--22613

 []


Underfull \hbox (badness 10000) in paragraph at lines 22620--22621

 []

File: apostila_files/figure-latex/fig97-1.pdf Graphic file (type pdf)
<use apostila_files/figure-latex/fig97-1.pdf>

Underfull \hbox (badness 10000) in paragraph at lines 22636--22637

 []


Underfull \hbox (badness 10000) in paragraph at lines 22642--22643

 []


LaTeX Warning: `h' float specifier changed to `ht'.


Underfull \hbox (badness 10000) in paragraph at lines 22668--22669

 []

[508]
Underfull \hbox (badness 10000) in paragraph at lines 22672--22673

 []


Underfull \hbox (badness 10000) in paragraph at lines 22676--22677

 []


Underfull \hbox (badness 10000) in paragraph at lines 22680--22681

 []


Underfull \hbox (badness 10000) in paragraph at lines 22684--22685

 []


Underfull \hbox (badness 10000) in paragraph at lines 22690--22691

 []


Underfull \hbox (badness 10000) in paragraph at lines 22692--22693

 []

[509]
Underfull \hbox (badness 10000) in paragraph at lines 22698--22699

 []


Underfull \hbox (badness 10000) in paragraph at lines 22702--22703

 []


Underfull \hbox (badness 10000) in paragraph at lines 22716--22717

 []


LaTeX Warning: `h' float specifier changed to `ht'.


Underfull \hbox (badness 10000) in paragraph at lines 22742--22743

 []


Underfull \hbox (badness 10000) in paragraph at lines 22746--22747

 []

[510]
Underfull \hbox (badness 10000) in paragraph at lines 22770--22771

 []


Underfull \hbox (badness 10000) in paragraph at lines 22774--22775

 []


Underfull \hbox (badness 10000) in paragraph at lines 22783--22784

 []


Underfull \hbox (badness 10000) in paragraph at lines 22787--22788

 []


Underfull \hbox (badness 10000) in paragraph at lines 22795--22796

 []

[511]
Underfull \hbox (badness 10000) in paragraph at lines 22799--22800

 []


Underfull \hbox (badness 10000) in paragraph at lines 22805--22806

 []

File: apostila_files/figure-latex/fig98-1.pdf Graphic file (type pdf)
<use apostila_files/figure-latex/fig98-1.pdf>

Underfull \hbox (badness 10000) in paragraph at lines 22816--22817

 []


Underfull \hbox (badness 10000) in paragraph at lines 22820--22821

 []


Underfull \hbox (badness 10000) in paragraph at lines 22824--22825

 []


Underfull \hbox (badness 10000) in paragraph at lines 22828--22829

 []

[512]
Underfull \hbox (badness 10000) in paragraph at lines 22832--22833

 []


Underfull \hbox (badness 10000) in paragraph at lines 22836--22837

 []


Underfull \hbox (badness 10000) in paragraph at lines 22844--22845

 []


Underfull \hbox (badness 10000) in paragraph at lines 22853--22854

 []


Underfull \hbox (badness 10000) in paragraph at lines 22861--22862

 []


Underfull \hbox (badness 10000) in paragraph at lines 22870--22871

 []


Underfull \hbox (badness 10000) in paragraph at lines 22878--22879

 []


Underfull \hbox (badness 10000) in paragraph at lines 22890--22891

 []


Underfull \hbox (badness 10000) in paragraph at lines 22895--22897

 []


Underfull \hbox (badness 10000) in paragraph at lines 22900--22901

 []

Missing character: There is no ≥ (U+2265) in font [lmroman10-regular]:mapping=t
ex-text;!

Underfull \hbox (badness 10000) in paragraph at lines 22904--22905

 []

[513]
Underfull \hbox (badness 10000) in paragraph at lines 22918--22919

 []


Underfull \hbox (badness 10000) in paragraph at lines 22922--22923

 []


Underfull \hbox (badness 10000) in paragraph at lines 22930--22931

 []


Underfull \hbox (badness 10000) in paragraph at lines 22937--22938

 []


Underfull \hbox (badness 10000) in paragraph at lines 22941--22942

 []


Underfull \hbox (badness 10000) in paragraph at lines 22949--22950

 []


Underfull \hbox (badness 10000) in paragraph at lines 22956--22957

 []


Underfull \hbox (badness 10000) in paragraph at lines 22960--22961

 []


Underfull \hbox (badness 10000) in paragraph at lines 22968--22969

 []

[514]
Underfull \hbox (badness 10000) in paragraph at lines 22975--22976

 []


Underfull \hbox (badness 10000) in paragraph at lines 22979--22980

 []


LaTeX Warning: Reference `tab7' on page 515 undefined on input line 22982.


Underfull \hbox (badness 10000) in paragraph at lines 22985--22986

 []


Underfull \hbox (badness 10000) in paragraph at lines 23007--23008

 []


Underfull \hbox (badness 10000) in paragraph at lines 23011--23012

 []


Underfull \hbox (badness 10000) in paragraph at lines 23037--23038

 []

[515]
Underfull \hbox (badness 10000) in paragraph at lines 23048--23049

 []


Underfull \hbox (badness 10000) in paragraph at lines 23052--23053

 []


Underfull \hbox (badness 10000) in paragraph at lines 23058--23059

 []


Underfull \hbox (badness 10000) in paragraph at lines 23064--23065

 []


Underfull \hbox (badness 10000) in paragraph at lines 23068--23069

 []


Underfull \hbox (badness 10000) in paragraph at lines 23073--23075

 []


Underfull \hbox (badness 10000) in paragraph at lines 23075--23077

 []


Underfull \hbox (badness 10000) in paragraph at lines 23077--23079

 []


Underfull \hbox (badness 10000) in paragraph at lines 23079--23081

 []


Underfull \hbox (badness 10000) in paragraph at lines 23084--23085

 []

File: apostila_files/figure-latex/fig99-1.pdf Graphic file (type pdf)
<use apostila_files/figure-latex/fig99-1.pdf>

Underfull \hbox (badness 10000) in paragraph at lines 23095--23096

 []


Underfull \hbox (badness 10000) in paragraph at lines 23099--23100

 []


Underfull \hbox (badness 10000) in paragraph at lines 23103--23104

 []

File: images11/esquema_teste_hipoteses.png Graphic file (type bmp)
<images11/esquema_teste_hipoteses.png>
[516]
Underfull \hbox (badness 10000) in paragraph at lines 23116--23117

 []

File: images11/tabZ.jpg Graphic file (type bmp)
<images11/tabZ.jpg>

Underfull \hbox (badness 10000) in paragraph at lines 23129--23130

 []

File: images11/tabt.jpg Graphic file (type bmp)
<images11/tabt.jpg>

Underfull \hbox (badness 10000) in paragraph at lines 23140--23141

 []

File: images11/F_5.png Graphic file (type bmp)
<images11/F_5.png>

Underfull \hbox (badness 10000) in paragraph at lines 23151--23152

 []

File: images11/F_2.5.png Graphic file (type bmp)
<images11/F_2.5.png>

Underfull \hbox (badness 10000) in paragraph at lines 23162--23163

 []

File: images11/Tabela_QuiQuadrado.png Graphic file (type bmp)
<images11/Tabela_QuiQuadrado.png>

Underfull \hbox (badness 10000) in paragraph at lines 23173--23174

 []

File: images11/alfabeto_grego.png Graphic file (type bmp)
<images11/alfabeto_grego.png>
[517] [518] [519] [520] [521] [522] [523] [524

]
Módulo 12.

Underfull \hbox (badness 10000) in paragraph at lines 23210--23211

 []

[525]
File: apostila_files/figure-latex/unnamed-chunk-217-1.pdf Graphic file (type pd
f)
<use apostila_files/figure-latex/unnamed-chunk-217-1.pdf>

Overfull \hbox (94.46169pt too wide) in paragraph at lines 23260--23260
 [] 
 []


Underfull \vbox (badness 10000) has occurred while \output is active []


Underfull \vbox (badness 10000) has occurred while \output is active []


Overfull \hbox (310.54997pt too wide) has occurred while \output is active
\TU/lmr/m/n/10 526 \TU/lmr/m/sl/10 MÓDULO 12.  INTRODUÇÃO A MEDIDAS DE ASSOCIAÇ
ÃO PARA VARIÁVEIS QUANTITATIVAS: CORRELAÇÃO LINEAR DE PEARSON ESTIMAÇÃO E INFER
ÊNCIA
 []

[526]
File: apostila_files/figure-latex/herschel-1.pdf Graphic file (type pdf)
<use apostila_files/figure-latex/herschel-1.pdf>

Overfull \hbox (94.46169pt too wide) in paragraph at lines 23296--23297
 [][] 
 []

Missing character: There is no γ (U+03B3) in font [lmroman10-regular]:mapping=t
ex-text;!
Missing character: There is no γ (U+03B3) in font [lmroman10-regular]:mapping=t
ex-text;!
[527]
Overfull \hbox (310.54997pt too wide) has occurred while \output is active
\TU/lmr/m/n/10 528 \TU/lmr/m/sl/10 MÓDULO 12.  INTRODUÇÃO A MEDIDAS DE ASSOCIAÇ
ÃO PARA VARIÁVEIS QUANTITATIVAS: CORRELAÇÃO LINEAR DE PEARSON ESTIMAÇÃO E INFER
ÊNCIA
 []

[528]
Missing character: There is no σ (U+03C3) in font [lmroman10-regular]:mapping=t
ex-text;!
Missing character: There is no τ (U+03C4) in font [lmroman10-regular]:mapping=t
ex-text;!
Missing character: There is no ό (U+03CC) in font [lmroman10-regular]:mapping=t
ex-text;!
Missing character: There is no χ (U+03C7) in font [lmroman10-regular]:mapping=t
ex-text;!
Missing character: There is no ο (U+03BF) in font [lmroman10-regular]:mapping=t
ex-text;!
Missing character: There is no ς (U+03C2) in font [lmroman10-regular]:mapping=t
ex-text;!
Missing character: There is no σ (U+03C3) in font [lmroman10-regular]:mapping=t
ex-text;!
Missing character: There is no τ (U+03C4) in font [lmroman10-regular]:mapping=t
ex-text;!
Missing character: There is no ό (U+03CC) in font [lmroman10-regular]:mapping=t
ex-text;!
Missing character: There is no χ (U+03C7) in font [lmroman10-regular]:mapping=t
ex-text;!
Missing character: There is no ο (U+03BF) in font [lmroman10-regular]:mapping=t
ex-text;!
Missing character: There is no ς (U+03C2) in font [lmroman10-regular]:mapping=t
ex-text;!
Missing character: There is no σ (U+03C3) in font [lmroman7-regular]:mapping=te
x-text;!
Missing character: There is no τ (U+03C4) in font [lmroman7-regular]:mapping=te
x-text;!
Missing character: There is no ό (U+03CC) in font [lmroman7-regular]:mapping=te
x-text;!
Missing character: There is no χ (U+03C7) in font [lmroman7-regular]:mapping=te
x-text;!
Missing character: There is no ο (U+03BF) in font [lmroman7-regular]:mapping=te
x-text;!
Missing character: There is no ς (U+03C2) in font [lmroman7-regular]:mapping=te
x-text;!
Missing character: There is no σ (U+03C3) in font [lmroman5-regular]:mapping=te
x-text;!
Missing character: There is no τ (U+03C4) in font [lmroman5-regular]:mapping=te
x-text;!
Missing character: There is no ό (U+03CC) in font [lmroman5-regular]:mapping=te
x-text;!
Missing character: There is no χ (U+03C7) in font [lmroman5-regular]:mapping=te
x-text;!
Missing character: There is no ο (U+03BF) in font [lmroman5-regular]:mapping=te
x-text;!
Missing character: There is no ς (U+03C2) in font [lmroman5-regular]:mapping=te
x-text;!
File: apostila_files/figure-latex/unnamed-chunk-219-1.pdf Graphic file (type pd
f)
<use apostila_files/figure-latex/unnamed-chunk-219-1.pdf>

Overfull \hbox (22.1919pt too wide) in paragraph at lines 23319--23319
 [] 
 []

File: apostila_files/figure-latex/unnamed-chunk-220-1.pdf Graphic file (type pd
f)
<use apostila_files/figure-latex/unnamed-chunk-220-1.pdf>

Overfull \hbox (22.1919pt too wide) in paragraph at lines 23329--23329
 [] 
 []

[529]
Overfull \hbox (310.54997pt too wide) has occurred while \output is active
\TU/lmr/m/n/10 530 \TU/lmr/m/sl/10 MÓDULO 12.  INTRODUÇÃO A MEDIDAS DE ASSOCIAÇ
ÃO PARA VARIÁVEIS QUANTITATIVAS: CORRELAÇÃO LINEAR DE PEARSON ESTIMAÇÃO E INFER
ÊNCIA
 []

[530] [531]
Underfull \hbox (badness 10000) in paragraph at lines 23420--23422

 []


Underfull \hbox (badness 10000) in paragraph at lines 23481--23483

 []


Overfull \hbox (310.54997pt too wide) has occurred while \output is active
\TU/lmr/m/n/10 532 \TU/lmr/m/sl/10 MÓDULO 12.  INTRODUÇÃO A MEDIDAS DE ASSOCIAÇ
ÃO PARA VARIÁVEIS QUANTITATIVAS: CORRELAÇÃO LINEAR DE PEARSON ESTIMAÇÃO E INFER
ÊNCIA
 []

[532]
File: apostila_files/figure-latex/unnamed-chunk-222-1.pdf Graphic file (type pd
f)
<use apostila_files/figure-latex/unnamed-chunk-222-1.pdf>

Overfull \hbox (22.1919pt too wide) in paragraph at lines 23541--23542
 [][] 
 []

[533]
Overfull \hbox (310.54997pt too wide) has occurred while \output is active
\TU/lmr/m/n/10 534 \TU/lmr/m/sl/10 MÓDULO 12.  INTRODUÇÃO A MEDIDAS DE ASSOCIAÇ
ÃO PARA VARIÁVEIS QUANTITATIVAS: CORRELAÇÃO LINEAR DE PEARSON ESTIMAÇÃO E INFER
ÊNCIA
 []

[534] [535]
Overfull \hbox (46.55313pt too wide) in paragraph at lines 23692--23692
[]\TU/lmtt/m/n/10 -> [1] "O coef. de cor. linear de Pearson usando a forma dos 
escores padronizados é 0.98084736859858"[] 
 []


Overfull \hbox (4.55313pt too wide) in paragraph at lines 23712--23712
[]\TU/lmtt/m/n/10 -> [1] "O coef. de cor. linear de Pearson usando a forma das 
somas brutas é 0.98084736859858"[] 
 []


Overfull \hbox (310.54997pt too wide) has occurred while \output is active
\TU/lmr/m/n/10 536 \TU/lmr/m/sl/10 MÓDULO 12.  INTRODUÇÃO A MEDIDAS DE ASSOCIAÇ
ÃO PARA VARIÁVEIS QUANTITATIVAS: CORRELAÇÃO LINEAR DE PEARSON ESTIMAÇÃO E INFER
ÊNCIA
 []

[536]
Overfull \hbox (151.55313pt too wide) in paragraph at lines 23722--23722
[]\TU/lmtt/m/n/10 -> [1] "O coef. de cor. linear de Pearson usando a função em 
R: cor(x=rend, y=cons, method=[]pearson[]) é 0.98084736859858"[] 
 []

File: apostila_files/figure-latex/unnamed-chunk-231-1.pdf Graphic file (type pd
f)
<use apostila_files/figure-latex/unnamed-chunk-231-1.pdf>

Overfull \hbox (22.1919pt too wide) in paragraph at lines 23728--23728
 [] 
 []

[537]
Overfull \hbox (310.54997pt too wide) has occurred while \output is active
\TU/lmr/m/n/10 538 \TU/lmr/m/sl/10 MÓDULO 12.  INTRODUÇÃO A MEDIDAS DE ASSOCIAÇ
ÃO PARA VARIÁVEIS QUANTITATIVAS: CORRELAÇÃO LINEAR DE PEARSON ESTIMAÇÃO E INFER
ÊNCIA
 []

[538]
File: apostila_files/figure-latex/unnamed-chunk-232-1.pdf Graphic file (type pd
f)
<use apostila_files/figure-latex/unnamed-chunk-232-1.pdf>

Overfull \hbox (22.1919pt too wide) in paragraph at lines 23854--23854
 [] 
 []


Underfull \vbox (badness 10000) has occurred while \output is active []


Underfull \vbox (badness 10000) has occurred while \output is active []

[539]
Overfull \hbox (310.54997pt too wide) has occurred while \output is active
\TU/lmr/m/n/10 540 \TU/lmr/m/sl/10 MÓDULO 12.  INTRODUÇÃO A MEDIDAS DE ASSOCIAÇ
ÃO PARA VARIÁVEIS QUANTITATIVAS: CORRELAÇÃO LINEAR DE PEARSON ESTIMAÇÃO E INFER
ÊNCIA
 []

[540]
File: apostila_files/figure-latex/unnamed-chunk-234-1.pdf Graphic file (type pd
f)
<use apostila_files/figure-latex/unnamed-chunk-234-1.pdf>

Overfull \hbox (239.00137pt too wide) in paragraph at lines 23926--23926
 [] 
 []

[541]
Overfull \hbox (62.30313pt too wide) in paragraph at lines 23958--23958
[]\TU/lmtt/m/n/10 -> [1] "Os valores críticos tabelados para alfa = 0.05 e n-2 
= 8 graus de liberdade são: -2.306 e 2.306"[] 
 []


Overfull \hbox (310.54997pt too wide) has occurred while \output is active
\TU/lmr/m/n/10 542 \TU/lmr/m/sl/10 MÓDULO 12.  INTRODUÇÃO A MEDIDAS DE ASSOCIAÇ
ÃO PARA VARIÁVEIS QUANTITATIVAS: CORRELAÇÃO LINEAR DE PEARSON ESTIMAÇÃO E INFER
ÊNCIA
 []

[542] [543]
Overfull \hbox (310.54997pt too wide) has occurred while \output is active
\TU/lmr/m/n/10 544 \TU/lmr/m/sl/10 MÓDULO 12.  INTRODUÇÃO A MEDIDAS DE ASSOCIAÇ
ÃO PARA VARIÁVEIS QUANTITATIVAS: CORRELAÇÃO LINEAR DE PEARSON ESTIMAÇÃO E INFER
ÊNCIA
 []

[544] [545]
Overfull \hbox (310.54997pt too wide) has occurred while \output is active
\TU/lmr/m/n/10 546 \TU/lmr/m/sl/10 MÓDULO 12.  INTRODUÇÃO A MEDIDAS DE ASSOCIAÇ
ÃO PARA VARIÁVEIS QUANTITATIVAS: CORRELAÇÃO LINEAR DE PEARSON ESTIMAÇÃO E INFER
ÊNCIA
 []

[546] [547]
Overfull \hbox (310.54997pt too wide) has occurred while \output is active
\TU/lmr/m/n/10 548 \TU/lmr/m/sl/10 MÓDULO 12.  INTRODUÇÃO A MEDIDAS DE ASSOCIAÇ
ÃO PARA VARIÁVEIS QUANTITATIVAS: CORRELAÇÃO LINEAR DE PEARSON ESTIMAÇÃO E INFER
ÊNCIA
 []

[548] [549]
Overfull \hbox (310.54997pt too wide) has occurred while \output is active
\TU/lmr/m/n/10 550 \TU/lmr/m/sl/10 MÓDULO 12.  INTRODUÇÃO A MEDIDAS DE ASSOCIAÇ
ÃO PARA VARIÁVEIS QUANTITATIVAS: CORRELAÇÃO LINEAR DE PEARSON ESTIMAÇÃO E INFER
ÊNCIA
 []

[550

]
Módulo 13.
[551]
Underfull \hbox (badness 10000) in paragraph at lines 24558--24560

 []

[552] [553] [554]
Underfull \hbox (badness 10000) in paragraph at lines 24814--24816

 []


Underfull \hbox (badness 10000) in paragraph at lines 24816--24818

 []

[555]
Overfull \hbox (23.75752pt too wide) detected at line 24864
[] [] [][] [] [] [] [] [] [] [] [][] [] [] [][] [] [] [] [] [] [] [] []
 []

[556] [557] [558]
Overfull \hbox (206.27467pt too wide) detected at line 25084
[][] [] [] [][][][] [] [] [] [][][][][] [] [] [] [][][][][] [][] [] [] [][] [] 
[] [] [][][][][] [] [] [] [][][][][] [][] [] [] [][] [] [] [] [][][][][] [] [] 
[] [][][][]
 []

[559] [560] [561] [562]
Overfull \hbox (77.07567pt too wide) detected at line 25354
[][] [] [][][][] [] [][][][] [] [][] [] [][][][] [] [][][][] [] [][] [] [][][][
] [] [][][][][] [] [][][] [] [][] [] [][][][][][][]
 []

[563] [564] [565]
Overfull \vbox (2.35233pt too high) detected at line 25606
 []

[566]
File: apostila_files/figure-latex/unnamed-chunk-258-1.pdf Graphic file (type pd
f)
<use apostila_files/figure-latex/unnamed-chunk-258-1.pdf>
File: apostila_files/figure-latex/unnamed-chunk-259-1.pdf Graphic file (type pd
f)
<use apostila_files/figure-latex/unnamed-chunk-259-1.pdf>

Underfull \vbox (badness 10000) has occurred while \output is active []


Underfull \vbox (badness 10000) has occurred while \output is active []

[567] [568]
File: apostila_files/figure-latex/unnamed-chunk-260-1.pdf Graphic file (type pd
f)
<use apostila_files/figure-latex/unnamed-chunk-260-1.pdf>
[569]
File: apostila_files/figure-latex/unnamed-chunk-261-1.pdf Graphic file (type pd
f)
<use apostila_files/figure-latex/unnamed-chunk-261-1.pdf>
File: apostila_files/figure-latex/unnamed-chunk-262-1.pdf Graphic file (type pd
f)
<use apostila_files/figure-latex/unnamed-chunk-262-1.pdf>

Underfull \vbox (badness 10000) has occurred while \output is active []


Underfull \vbox (badness 10000) has occurred while \output is active []

[570] [571]
Overfull \hbox (57.05313pt too wide) in paragraph at lines 25816--25816
[]\TU/lmtt/m/n/10 -> Conclusão: p-valor = 0.7055 > 0,05. Não se rejeita H0: a v
ariância é homogênea (homoscedasticidade).[] 
 []


Overfull \hbox (51.80313pt too wide) in paragraph at lines 25880--25880
[]\TU/lmtt/m/n/10 -> Conclusão: p-valor = 0.289 > 0,05. Não se rejeita H0: a va
riância é homogênea (homoscedasticidade).[] 
 []

[572]
File: apostila_files/figure-latex/unnamed-chunk-267-1.pdf Graphic file (type pd
f)
<use apostila_files/figure-latex/unnamed-chunk-267-1.pdf>
[573]
Underfull \hbox (badness 10000) in paragraph at lines 25975--25977

 []


Underfull \hbox (badness 10000) in paragraph at lines 25977--25979

 []

File: apostila_files/figure-latex/unnamed-chunk-270-1.pdf Graphic file (type pd
f)
<use apostila_files/figure-latex/unnamed-chunk-270-1.pdf>

Underfull \vbox (badness 10000) has occurred while \output is active []


Underfull \vbox (badness 10000) has occurred while \output is active []

[574] [575]
File: apostila_files/figure-latex/unnamed-chunk-272-1.pdf Graphic file (type pd
f)
<use apostila_files/figure-latex/unnamed-chunk-272-1.pdf>

Underfull \vbox (badness 10000) has occurred while \output is active []


Underfull \vbox (badness 10000) has occurred while \output is active []

[576]
File: apostila_files/figure-latex/unnamed-chunk-273-1.pdf Graphic file (type pd
f)
<use apostila_files/figure-latex/unnamed-chunk-273-1.pdf>

Underfull \vbox (badness 2644) has occurred while \output is active []


Underfull \vbox (badness 2644) has occurred while \output is active []

[577]
File: apostila_files/figure-latex/unnamed-chunk-274-1.pdf Graphic file (type pd
f)
<use apostila_files/figure-latex/unnamed-chunk-274-1.pdf>
File: apostila_files/figure-latex/unnamed-chunk-275-1.pdf Graphic file (type pd
f)
<use apostila_files/figure-latex/unnamed-chunk-275-1.pdf>
[578]
File: apostila_files/figure-latex/unnamed-chunk-276-1.pdf Graphic file (type pd
f)
<use apostila_files/figure-latex/unnamed-chunk-276-1.pdf>

Underfull \vbox (badness 2644) has occurred while \output is active []


Underfull \vbox (badness 2644) has occurred while \output is active []

[579]
File: apostila_files/figure-latex/unnamed-chunk-277-1.pdf Graphic file (type pd
f)
<use apostila_files/figure-latex/unnamed-chunk-277-1.pdf>
[580]
Missing character: There is no ₀ (U+2080) in font [lmmono10-regular]:!
Missing character: There is no ₀ (U+2080) in font [lmmono10-regular]:!
File: apostila_files/figure-latex/unnamed-chunk-281-1.pdf Graphic file (type pd
f)
<use apostila_files/figure-latex/unnamed-chunk-281-1.pdf>
[581] [582]
Underfull \hbox (badness 10000) in paragraph at lines 26345--26347

 []


Underfull \hbox (badness 10000) in paragraph at lines 26347--26349

 []


Underfull \hbox (badness 10000) in paragraph at lines 26349--26351

 []

File: apostila_files/figure-latex/unnamed-chunk-283-1.pdf Graphic file (type pd
f)
<use apostila_files/figure-latex/unnamed-chunk-283-1.pdf>

Underfull \vbox (badness 10000) has occurred while \output is active []


Underfull \vbox (badness 10000) has occurred while \output is active []

[583]
File: apostila_files/figure-latex/unnamed-chunk-284-1.pdf Graphic file (type pd
f)
<use apostila_files/figure-latex/unnamed-chunk-284-1.pdf>
[584]
File: apostila_files/figure-latex/unnamed-chunk-285-1.pdf Graphic file (type pd
f)
<use apostila_files/figure-latex/unnamed-chunk-285-1.pdf>
File: apostila_files/figure-latex/unnamed-chunk-286-1.pdf Graphic file (type pd
f)
<use apostila_files/figure-latex/unnamed-chunk-286-1.pdf>

Underfull \vbox (badness 10000) has occurred while \output is active []


Underfull \vbox (badness 10000) has occurred while \output is active []

[585]
Underfull \hbox (badness 10000) in paragraph at lines 26437--26439

 []


Underfull \hbox (badness 10000) in paragraph at lines 26439--26441

 []

[586]
File: apostila_files/figure-latex/unnamed-chunk-289-1.pdf Graphic file (type pd
f)
<use apostila_files/figure-latex/unnamed-chunk-289-1.pdf>

Underfull \vbox (badness 5939) has occurred while \output is active []


Underfull \vbox (badness 5939) has occurred while \output is active []

[587] [588] [589] [590] [591] [592] [593] [594]
Overfull \hbox (57.05313pt too wide) in paragraph at lines 26974--26974
[]\TU/lmtt/m/n/10 -> No ajuste do modelo, o R remove automaticamente variáveis 
redundantes (nota []NA[] no seu coeficiente)[] 
 []


Underfull \hbox (badness 10000) in paragraph at lines 26997--26999

 []


Underfull \hbox (badness 10000) in paragraph at lines 26999--27001

 []

Missing character: There is no ≥ (U+2265) in font [lmroman10-regular]:mapping=t
ex-text;!
[595] [596] [597]
Overfull \hbox (9.66888pt too wide) in paragraph at lines 27258--27259
[]|$[]$|  
 []

[598] [599]
Overfull \hbox (9.66888pt too wide) in paragraph at lines 27414--27415
[]|$[]$|  
 []

[600] [601] [602]
Missing character: There is no σ (U+03C3) in font [lmmono10-regular]:!
Missing character: There is no σ (U+03C3) in font [lmmono10-regular]:!
Missing character: There is no σ (U+03C3) in font [lmmono10-regular]:!

Overfull \hbox (17.30217pt too wide) has occurred while \output is active
\TU/lmr/m/sl/10 13.10.  INTERVALOS DE CONFIANÇA PARA OS PARÂMETROS DO MODELO DE
 REGRESSÃO LINEAR \TU/lmr/m/n/10 603
 []

[603]
File: apostila_files/figure-latex/unnamed-chunk-317-1.pdf Graphic file (type pd
f)
<use apostila_files/figure-latex/unnamed-chunk-317-1.pdf>
[604]
Overfull \hbox (17.30217pt too wide) has occurred while \output is active
\TU/lmr/m/sl/10 13.10.  INTERVALOS DE CONFIANÇA PARA OS PARÂMETROS DO MODELO DE
 REGRESSÃO LINEAR \TU/lmr/m/n/10 605
 []

[605]
Missing character: There is no ₀ (U+2080) in font [lmmono10-regular]:!
Missing character: There is no ₀ (U+2080) in font [lmmono10-regular]:!
[606]
Missing character: There is no ₀ (U+2080) in font [lmmono10-regular]:!
Missing character: There is no ₀ (U+2080) in font [lmmono10-regular]:!
Missing character: There is no ₀ (U+2080) in font [lmmono10-regular]:!
Missing character: There is no ₀ (U+2080) in font [lmmono10-regular]:!
Missing character: There is no ₀ (U+2080) in font [lmmono10-regular]:!
File: apostila_files/figure-latex/unnamed-chunk-323-1.pdf Graphic file (type pd
f)
<use apostila_files/figure-latex/unnamed-chunk-323-1.pdf>

Underfull \vbox (badness 10000) has occurred while \output is active []


Underfull \vbox (badness 10000) has occurred while \output is active []


Overfull \hbox (17.30217pt too wide) has occurred while \output is active
\TU/lmr/m/sl/10 13.10.  INTERVALOS DE CONFIANÇA PARA OS PARÂMETROS DO MODELO DE
 REGRESSÃO LINEAR \TU/lmr/m/n/10 607
 []

[607]
Underfull \hbox (badness 10000) in paragraph at lines 27912--27914

 []

Missing character: There is no ≈ (U+2248) in font [lmroman10-regular]:mapping=t
ex-text;!
[608]
Módulo 14.
[609

] [610]
Overfull \hbox (62.30313pt too wide) in paragraph at lines 28076--28076
[]\TU/lmtt/m/n/10 ->  $ id                : chr  "95717-2087851113" "94564-1849
6265" "94564-18484475" "94564-18494835" ...[] 
 []


Overfull \hbox (9.80313pt too wide) in paragraph at lines 28076--28076
[]\TU/lmtt/m/n/10 ->  $ cityId            : int  24895 36958 36958 36958 36958 
36958 36958 36958 36958 36958 ...[] 
 []

[611]
Overfull \hbox (72.80313pt too wide) in paragraph at lines 28076--28076
[]\TU/lmtt/m/n/10 ->  $ event             : chr  "Listed for sale" "Listed for 
sale" "Listed for sale" "Listed for sale" ...[] 
 []


Overfull \hbox (62.30313pt too wide) in paragraph at lines 28076--28076
[]\TU/lmtt/m/n/10 ->  $ price             : num  145000 675000 649000 599000 29
9000 575000 888000 315000 399000 998000 ...[] 
 []


Overfull \hbox (57.05313pt too wide) in paragraph at lines 28076--28076
[]\TU/lmtt/m/n/10 ->  $ streetAddress     : chr  "0 Moody Ridge Rd" "1476 Belde
n Ct" "3540 Savage Ave" "2391 Plum St" ...[] 
 []


Overfull \hbox (2403.80313pt too wide) in paragraph at lines 28076--28076
[]\TU/lmtt/m/n/10 ->  $ description       : chr  "Amazing opportunity to build 
your dream home On almost 10 acres.  Grading has been completed for your buildW
ell"| __truncated__ "\"Great house in a wonderful neighborhood!  Walking into t
his house you will feel the comfort and open concept "| __truncated__ "\"Light-
filled mid-century 3 BR 2 BA home in the heart of Pinole Valley. Beautiful refi
nished hardwood floors t"| __truncated__ "The cutest house in the historic dist
rict of Pinole is finally for sale! This exquisite gem from 1908 has been "| __
truncated__ ...[] 
 []


Overfull \hbox (125.30313pt too wide) in paragraph at lines 28076--28076
[]\TU/lmtt/m/n/10 ->  $ county            : chr  "Placer County" "Contra Costa 
County" "Contra Costa County" "Contra Costa County" ...[] 
 []


Underfull \hbox (badness 3907) in paragraph at lines 28090--28091
[]\TU/lmr/m/n/10 indicadores binários indicam a presença ou ausência de alguma 
\TU/lmr/m/it/10 feature \TU/lmr/m/n/10 (\TU/lmtt/m/n/10 is_bankOwned\TU/lmr/m/n
/10 ,
 []


Underfull \hbox (badness 7273) in paragraph at lines 28090--28091
\TU/lmtt/m/n/10 is_forAuction\TU/lmr/m/n/10 , \TU/lmtt/m/n/10 hasBadGeocode\TU/
lmr/m/n/10 , \TU/lmtt/m/n/10 parking\TU/lmr/m/n/10 , \TU/lmtt/m/n/10 hasGarage\
TU/lmr/m/n/10 , \TU/lmtt/m/n/10 pool\TU/lmr/m/n/10 , \TU/lmtt/m/n/10 spa\TU/lmr
/m/n/10 , \TU/lmtt/m/n/10 isNewConstruction\TU/lmr/m/n/10 ,
 []


Underfull \hbox (badness 1184) in paragraph at lines 28111--28112
\TU/lmr/m/n/10 scrições. Incluem identificadores textuais (\TU/lmtt/m/n/10 id\T
U/lmr/m/n/10 ), informações geográficas (\TU/lmtt/m/n/10 country\TU/lmr/m/n/10 
, \TU/lmtt/m/n/10 city\TU/lmr/m/n/10 , \TU/lmtt/m/n/10 state\TU/lmr/m/n/10 ,
 []

[612] [613] [614] [615]
Overfull \vbox (0.91968pt too high) detected at line 28408
 []

[616] [617] [618] [619] [620]
Underfull \vbox (badness 10000) has occurred while \output is active []


Underfull \vbox (badness 10000) has occurred while \output is active []

[621] [622] [623] [624]
File: images14/tukey.jpeg Graphic file (type bmp)
<images14/tukey.jpeg>

Underfull \hbox (badness 10000) in paragraph at lines 28940--28941

 []

[625] [626] [627] [628] [629] [630]
Módulo 15.

Underfull \hbox (badness 10000) in paragraph at lines 29270--29271

 []

Missing character: There is no σ (U+03C3) in font [lmroman10-regular]:mapping=t
ex-text;!
Missing character: There is no τ (U+03C4) in font [lmroman10-regular]:mapping=t
ex-text;!
Missing character: There is no ο (U+03BF) in font [lmroman10-regular]:mapping=t
ex-text;!
Missing character: There is no χ (U+03C7) in font [lmroman10-regular]:mapping=t
ex-text;!
Missing character: There is no α (U+03B1) in font [lmroman10-regular]:mapping=t
ex-text;!
Missing character: There is no σ (U+03C3) in font [lmroman10-regular]:mapping=t
ex-text;!
Missing character: There is no τ (U+03C4) in font [lmroman10-regular]:mapping=t
ex-text;!
Missing character: There is no ι (U+03B9) in font [lmroman10-regular]:mapping=t
ex-text;!
Missing character: There is no κ (U+03BA) in font [lmroman10-regular]:mapping=t
ex-text;!
Missing character: There is no ό (U+03CC) in font [lmroman10-regular]:mapping=t
ex-text;!
Missing character: There is no ς (U+03C2) in font [lmroman10-regular]:mapping=t
ex-text;!
Missing character: There is no σ (U+03C3) in font [lmroman10-regular]:mapping=t
ex-text;!
Missing character: There is no τ (U+03C4) in font [lmroman10-regular]:mapping=t
ex-text;!
Missing character: There is no ό (U+03CC) in font [lmroman10-regular]:mapping=t
ex-text;!
Missing character: There is no χ (U+03C7) in font [lmroman10-regular]:mapping=t
ex-text;!
Missing character: There is no ο (U+03BF) in font [lmroman10-regular]:mapping=t
ex-text;!
Missing character: There is no ς (U+03C2) in font [lmroman10-regular]:mapping=t
ex-text;!

Underfull \hbox (badness 10000) in paragraph at lines 29274--29275

 []


Underfull \hbox (badness 10000) in paragraph at lines 29278--29279

 []


Underfull \hbox (badness 10000) in paragraph at lines 29282--29283

 []


Underfull \hbox (badness 10000) in paragraph at lines 29286--29287

 []


Underfull \hbox (badness 10000) in paragraph at lines 29290--29291

 []


Underfull \hbox (badness 10000) in paragraph at lines 29295--29296

 []

[631

]
Underfull \hbox (badness 10000) in paragraph at lines 29299--29300

 []


Underfull \hbox (badness 10000) in paragraph at lines 29303--29304

 []


Underfull \hbox (badness 10000) in paragraph at lines 29308--29309

 []


Underfull \hbox (badness 10000) in paragraph at lines 29312--29313

 []


Underfull \hbox (badness 10000) in paragraph at lines 29316--29317

 []


Underfull \hbox (badness 10000) in paragraph at lines 29343--29344

 []


Underfull \hbox (badness 10000) in paragraph at lines 29357--29358

 []

[632]
Underfull \hbox (badness 10000) in paragraph at lines 29379--29380

 []


Underfull \hbox (badness 10000) in paragraph at lines 29386--29387

 []


Underfull \hbox (badness 10000) in paragraph at lines 29390--29391

 []


Underfull \hbox (badness 10000) in paragraph at lines 29395--29396

 []


Underfull \hbox (badness 10000) in paragraph at lines 29409--29410

 []


Underfull \hbox (badness 10000) in paragraph at lines 29420--29421

 []


Underfull \hbox (badness 10000) in paragraph at lines 29424--29425

 []

[633]
Underfull \hbox (badness 10000) in paragraph at lines 29449--29450

 []


Underfull \hbox (badness 10000) in paragraph at lines 29459--29460

 []


Underfull \hbox (badness 10000) in paragraph at lines 29469--29470

 []


Underfull \hbox (badness 10000) in paragraph at lines 29473--29474

 []


Underfull \hbox (badness 10000) in paragraph at lines 29500--29501

 []

[634]
Underfull \hbox (badness 10000) in paragraph at lines 29519--29520

 []


Underfull \hbox (badness 10000) in paragraph at lines 29523--29524

 []


Underfull \hbox (badness 10000) in paragraph at lines 29527--29528

 []


Underfull \hbox (badness 10000) in paragraph at lines 29529--29530

 []


Underfull \hbox (badness 10000) in paragraph at lines 29535--29536

 []


Underfull \hbox (badness 10000) in paragraph at lines 29540--29541

 []


Underfull \hbox (badness 10000) in paragraph at lines 29544--29545

 []


Underfull \hbox (badness 10000) in paragraph at lines 29549--29550

 []


Underfull \hbox (badness 10000) in paragraph at lines 29554--29555

 []


Underfull \hbox (badness 10000) in paragraph at lines 29558--29559

 []

[635]
Underfull \hbox (badness 10000) in paragraph at lines 29564--29565

 []


Underfull \hbox (badness 10000) in paragraph at lines 29571--29572

 []


Underfull \hbox (badness 10000) in paragraph at lines 29578--29579

 []


Underfull \hbox (badness 10000) in paragraph at lines 29582--29583

 []


Underfull \hbox (badness 10000) in paragraph at lines 29586--29587

 []


Underfull \hbox (badness 10000) in paragraph at lines 29590--29591

 []


Underfull \hbox (badness 10000) in paragraph at lines 29594--29595

 []


Underfull \hbox (badness 10000) in paragraph at lines 29598--29599

 []


Underfull \hbox (badness 10000) in paragraph at lines 29602--29603

 []


Underfull \hbox (badness 10000) in paragraph at lines 29608--29609

 []


Underfull \hbox (badness 10000) in paragraph at lines 29614--29615

 []

[636]
Underfull \hbox (badness 10000) in paragraph at lines 29618--29619

 []


Underfull \hbox (badness 10000) in paragraph at lines 29625--29626

 []


Underfull \hbox (badness 10000) in paragraph at lines 29629--29630

 []


Underfull \hbox (badness 10000) in paragraph at lines 29636--29637

 []


Underfull \hbox (badness 10000) in paragraph at lines 29640--29641

 []


Underfull \hbox (badness 10000) in paragraph at lines 29644--29645

 []

[637]
Underfull \hbox (badness 10000) in paragraph at lines 29681--29682

 []


Underfull \hbox (badness 10000) in paragraph at lines 29713--29714

 []

File: apostila_files/figure-latex/unnamed-chunk-353-1.pdf Graphic file (type pd
f)
<use apostila_files/figure-latex/unnamed-chunk-353-1.pdf>

Underfull \hbox (badness 10000) in paragraph at lines 29732--29733

 []


Underfull \hbox (badness 10000) in paragraph at lines 29737--29738

 []

File: apostila_files/figure-latex/unnamed-chunk-354-1.pdf Graphic file (type pd
f)
<use apostila_files/figure-latex/unnamed-chunk-354-1.pdf>

Underfull \hbox (badness 10000) in paragraph at lines 29756--29757

 []

[638] [639] [640]
Underfull \hbox (badness 10000) in paragraph at lines 29760--29761

 []

File: apostila_files/figure-latex/unnamed-chunk-355-1.pdf Graphic file (type pd
f)
<use apostila_files/figure-latex/unnamed-chunk-355-1.pdf>

Underfull \hbox (badness 10000) in paragraph at lines 29777--29778

 []


Underfull \hbox (badness 10000) in paragraph at lines 29781--29782

 []


Underfull \hbox (badness 10000) in paragraph at lines 29785--29786

 []

[641]
Underfull \hbox (badness 10000) in paragraph at lines 29789--29790

 []

File: apostila_files/figure-latex/unnamed-chunk-356-1.pdf Graphic file (type pd
f)
<use apostila_files/figure-latex/unnamed-chunk-356-1.pdf>

Underfull \hbox (badness 10000) in paragraph at lines 29806--29807

 []


Underfull \hbox (badness 10000) in paragraph at lines 29810--29811

 []


Underfull \hbox (badness 10000) in paragraph at lines 29814--29815

 []


Underfull \hbox (badness 10000) in paragraph at lines 29818--29819

 []

[642]
Underfull \hbox (badness 10000) in paragraph at lines 29885--29886

 []


Underfull \hbox (badness 10000) in paragraph at lines 29892--29893

 []


Underfull \hbox (badness 10000) in paragraph at lines 29910--29911

 []


Underfull \hbox (badness 10000) in paragraph at lines 29914--29915

 []

[643]
Underfull \hbox (badness 10000) in paragraph at lines 29918--29919

 []


Underfull \hbox (badness 10000) in paragraph at lines 29924--29925

 []


Underfull \hbox (badness 10000) in paragraph at lines 29928--29929

 []


Underfull \hbox (badness 10000) in paragraph at lines 29934--29935

 []


Underfull \hbox (badness 10000) in paragraph at lines 29938--29939

 []


Underfull \hbox (badness 10000) in paragraph at lines 29952--29953

 []


Underfull \hbox (badness 10000) in paragraph at lines 29964--29965

 []


Underfull \hbox (badness 10000) in paragraph at lines 29968--29969

 []


Underfull \hbox (badness 10000) in paragraph at lines 29974--29975

 []


Underfull \hbox (badness 10000) in paragraph at lines 29978--29979

 []

[644]
Underfull \hbox (badness 10000) in paragraph at lines 29982--29983

 []


Underfull \hbox (badness 10000) in paragraph at lines 29986--29987

 []


Underfull \hbox (badness 10000) in paragraph at lines 30022--30023

 []

File: apostila_files/figure-latex/decomp-plot-original-1.pdf Graphic file (type
 pdf)
<use apostila_files/figure-latex/decomp-plot-original-1.pdf>

Underfull \hbox (badness 10000) in paragraph at lines 30041--30042

 []

[645] [646]
Underfull \hbox (badness 10000) in paragraph at lines 30045--30046

 []


Underfull \hbox (badness 10000) in paragraph at lines 30049--30050

 []


Underfull \hbox (badness 10000) in paragraph at lines 30053--30054

 []

File: apostila_files/figure-latex/decomp-log-1.pdf Graphic file (type pdf)
<use apostila_files/figure-latex/decomp-log-1.pdf>

Underfull \hbox (badness 10000) in paragraph at lines 30075--30076

 []

[647]
Underfull \hbox (badness 10000) in paragraph at lines 30079--30080

 []

File: apostila_files/figure-latex/decomp-classical-1.pdf Graphic file (type pdf
)
<use apostila_files/figure-latex/decomp-classical-1.pdf>

Underfull \hbox (badness 10000) in paragraph at lines 30105--30106

 []

[648]
Underfull \hbox (badness 10000) in paragraph at lines 30113--30114

 []


Underfull \hbox (badness 10000) in paragraph at lines 30144--30145

 []


Underfull \hbox (badness 10000) in paragraph at lines 30148--30149

 []


Underfull \hbox (badness 10000) in paragraph at lines 30152--30153

 []


Underfull \hbox (badness 10000) in paragraph at lines 30156--30157

 []

File: apostila_files/figure-latex/decomp-dessaz-1.pdf Graphic file (type pdf)
<use apostila_files/figure-latex/decomp-dessaz-1.pdf>

Underfull \hbox (badness 10000) in paragraph at lines 30178--30179

 []

[649] [650]
Underfull \hbox (badness 10000) in paragraph at lines 30182--30183

 []


Underfull \hbox (badness 10000) in paragraph at lines 30186--30187

 []


Underfull \hbox (badness 10000) in paragraph at lines 30190--30191

 []


Underfull \hbox (badness 10000) in paragraph at lines 30194--30195

 []


Underfull \hbox (badness 10000) in paragraph at lines 30198--30199

 []


Underfull \hbox (badness 10000) in paragraph at lines 30202--30203

 []


Underfull \hbox (badness 10000) in paragraph at lines 30208--30209

 []


Underfull \hbox (badness 10000) in paragraph at lines 30212--30213

 []


Underfull \hbox (badness 10000) in paragraph at lines 30216--30217

 []


Underfull \hbox (badness 10000) in paragraph at lines 30220--30221

 []


Underfull \hbox (badness 10000) in paragraph at lines 30224--30225

 []

[651]
Underfull \hbox (badness 10000) in paragraph at lines 30230--30231

 []


Underfull \hbox (badness 10000) in paragraph at lines 30237--30238

 []


Overfull \hbox (135.80313pt too wide) in paragraph at lines 30271--30271
[]\TU/lmtt/m/n/10 -> []https://api.bcb.gov.br/dados/serie/bcdata.sgs.433/dados?
formato=json&dataInicial=01/01/1998&dataFinal=01/01/2001[]:[] 
 []


Overfull \hbox (135.80313pt too wide) in paragraph at lines 30289--30289
[]\TU/lmtt/m/n/10 -> []https://api.bcb.gov.br/dados/serie/bcdata.sgs.433/dados?
formato=json&dataInicial=01/01/2004&dataFinal=01/01/2007[]:[] 
 []

[652]
Underfull \hbox (badness 10000) in paragraph at lines 30380--30381

 []

File: apostila_files/figure-latex/mm-plot-original-1.pdf Graphic file (type pdf
)
<use apostila_files/figure-latex/mm-plot-original-1.pdf>

Underfull \hbox (badness 10000) in paragraph at lines 30399--30400

 []

[653] [654]
Underfull \hbox (badness 10000) in paragraph at lines 30403--30404

 []


Underfull \hbox (badness 10000) in paragraph at lines 30407--30408

 []

File: apostila_files/figure-latex/mm-sma-1.pdf Graphic file (type pdf)
<use apostila_files/figure-latex/mm-sma-1.pdf>

Underfull \hbox (badness 10000) in paragraph at lines 30439--30440

 []


Underfull \hbox (badness 10000) in paragraph at lines 30443--30444

 []


Underfull \hbox (badness 10000) in paragraph at lines 30447--30448

 []


Underfull \hbox (badness 10000) in paragraph at lines 30451--30452

 []


Underfull \hbox (badness 10000) in paragraph at lines 30455--30456

 []


Underfull \hbox (badness 10000) in paragraph at lines 30459--30460

 []

[655] [656]
Underfull \hbox (badness 10000) in paragraph at lines 30463--30464

 []


Underfull \hbox (badness 10000) in paragraph at lines 30469--30470

 []


Underfull \hbox (badness 10000) in paragraph at lines 30471--30472

 []


Underfull \hbox (badness 10000) in paragraph at lines 30478--30479

 []


Underfull \hbox (badness 10000) in paragraph at lines 30482--30483

 []


Underfull \hbox (badness 10000) in paragraph at lines 30487--30488

 []


Underfull \hbox (badness 10000) in paragraph at lines 30491--30492

 []


Underfull \hbox (badness 10000) in paragraph at lines 30495--30496

 []


Underfull \hbox (badness 10000) in paragraph at lines 30499--30500

 []

[657]
Underfull \hbox (badness 10000) in paragraph at lines 30516--30517

 []


Underfull \hbox (badness 10000) in paragraph at lines 30520--30521

 []


Underfull \hbox (badness 10000) in paragraph at lines 30525--30526

 []

File: apostila_files/figure-latex/mm-ses-2-1.pdf Graphic file (type pdf)
<use apostila_files/figure-latex/mm-ses-2-1.pdf>

Underfull \hbox (badness 10000) in paragraph at lines 30547--30548

 []


Underfull \hbox (badness 10000) in paragraph at lines 30552--30553

 []


Underfull \hbox (badness 10000) in paragraph at lines 30556--30557

 []


Underfull \hbox (badness 10000) in paragraph at lines 30562--30563

 []


Underfull \hbox (badness 10000) in paragraph at lines 30568--30569

 []


Underfull \hbox (badness 10000) in paragraph at lines 30573--30574

 []

[658] [659]
Underfull \hbox (badness 10000) in paragraph at lines 30577--30578

 []


Underfull \hbox (badness 10000) in paragraph at lines 30582--30583

 []


Underfull \hbox (badness 10000) in paragraph at lines 30586--30587

 []


Underfull \hbox (badness 10000) in paragraph at lines 30598--30599

 []


Underfull \hbox (badness 10000) in paragraph at lines 30602--30603

 []


Underfull \hbox (badness 10000) in paragraph at lines 30612--30613

 []


Underfull \hbox (badness 10000) in paragraph at lines 30616--30617

 []


Underfull \hbox (badness 10000) in paragraph at lines 30622--30623

 []


Underfull \hbox (badness 10000) in paragraph at lines 30627--30628

 []

[660]
Underfull \hbox (badness 10000) in paragraph at lines 30642--30643

 []


Underfull \hbox (badness 10000) in paragraph at lines 30646--30647

 []


Underfull \hbox (badness 10000) in paragraph at lines 30650--30651

 []


Underfull \hbox (badness 10000) in paragraph at lines 30687--30688

 []

File: apostila_files/figure-latex/hw-plot-1.pdf Graphic file (type pdf)
<use apostila_files/figure-latex/hw-plot-1.pdf>

Underfull \hbox (badness 10000) in paragraph at lines 30707--30708

 []


Underfull \hbox (badness 10000) in paragraph at lines 30711--30712

 []


Underfull \hbox (badness 10000) in paragraph at lines 30715--30716

 []


Underfull \hbox (badness 10000) in paragraph at lines 30719--30720

 []

[661] [662]
Underfull \hbox (badness 10000) in paragraph at lines 30723--30724

 []


Underfull \hbox (badness 10000) in paragraph at lines 30727--30728

 []


Underfull \hbox (badness 10000) in paragraph at lines 30732--30733

 []


Underfull \hbox (badness 10000) in paragraph at lines 30736--30737

 []

File: apostila_files/figure-latex/hw-residuos-1.pdf Graphic file (type pdf)
<use apostila_files/figure-latex/hw-residuos-1.pdf>

Underfull \hbox (badness 10000) in paragraph at lines 30757--30758

 []

File: apostila_files/figure-latex/hw-acf-1.pdf Graphic file (type pdf)
<use apostila_files/figure-latex/hw-acf-1.pdf>

Underfull \hbox (badness 10000) in paragraph at lines 30775--30776

 []


Underfull \hbox (badness 10000) in paragraph at lines 30779--30780

 []


Underfull \hbox (badness 10000) in paragraph at lines 30800--30801

 []

[663] [664] [665]
Underfull \hbox (badness 10000) in paragraph at lines 30804--30805

 []


Underfull \hbox (badness 10000) in paragraph at lines 30808--30809

 []


Underfull \hbox (badness 10000) in paragraph at lines 30827--30828

 []


Underfull \hbox (badness 10000) in paragraph at lines 30831--30832

 []


Underfull \hbox (badness 10000) in paragraph at lines 30835--30836

 []


Underfull \hbox (badness 10000) in paragraph at lines 30839--30840

 []


Underfull \hbox (badness 10000) in paragraph at lines 30843--30844

 []

[666]
Underfull \hbox (badness 10000) in paragraph at lines 30866--30867

 []


Underfull \hbox (badness 10000) in paragraph at lines 30885--30886

 []


Underfull \hbox (badness 10000) in paragraph at lines 30889--30890

 []


Underfull \hbox (badness 10000) in paragraph at lines 30893--30894

 []

File: apostila_files/figure-latex/pwt-hist-1.pdf Graphic file (type pdf)
<use apostila_files/figure-latex/pwt-hist-1.pdf>

Underfull \hbox (badness 10000) in paragraph at lines 30916--30917

 []


Underfull \hbox (badness 10000) in paragraph at lines 30920--30921

 []


Overfull \vbox (2.41968pt too high) detected at line 30944
 []

[667] [668]
File: apostila_files/figure-latex/pwt-ts-1.pdf Graphic file (type pdf)
<use apostila_files/figure-latex/pwt-ts-1.pdf>

Underfull \hbox (badness 10000) in paragraph at lines 30958--30959

 []


Underfull \hbox (badness 10000) in paragraph at lines 30962--30963

 []

[669]
Underfull \hbox (badness 10000) in paragraph at lines 30966--30967

 []

Missing character: There is no ≈ (U+2248) in font [lmmono10-italic]:!
Missing character: There is no ≈ (U+2248) in font [lmmono10-italic]:!
File: apostila_files/figure-latex/pwt-crescimento-1.pdf Graphic file (type pdf)

<use apostila_files/figure-latex/pwt-crescimento-1.pdf>

Underfull \vbox (badness 4505) has occurred while \output is active []


Underfull \vbox (badness 4505) has occurred while \output is active []

[670]
Underfull \hbox (badness 10000) in paragraph at lines 31037--31038

 []


Underfull \hbox (badness 10000) in paragraph at lines 31041--31042

 []


Underfull \hbox (badness 10000) in paragraph at lines 31049--31050

 []


Underfull \hbox (badness 10000) in paragraph at lines 31053--31054

 []


Underfull \hbox (badness 10000) in paragraph at lines 31057--31058

 []


Underfull \hbox (badness 10000) in paragraph at lines 31061--31062

 []


Underfull \hbox (badness 10000) in paragraph at lines 31077--31078

 []


Underfull \hbox (badness 10000) in paragraph at lines 31081--31082

 []

[671]
Underfull \hbox (badness 10000) in paragraph at lines 31085--31086

 []


Underfull \hbox (badness 10000) in paragraph at lines 31098--31099

 []


Underfull \hbox (badness 10000) in paragraph at lines 31102--31103

 []


Underfull \hbox (badness 10000) in paragraph at lines 31106--31107

 []


Underfull \hbox (badness 10000) in paragraph at lines 31112--31113

 []


Underfull \hbox (badness 10000) in paragraph at lines 31116--31117

 []


Underfull \hbox (badness 10000) in paragraph at lines 31135--31136

 []

File: apostila_files/figure-latex/unnamed-chunk-359-1.pdf Graphic file (type pd
f)
<use apostila_files/figure-latex/unnamed-chunk-359-1.pdf>

Underfull \vbox (badness 3449) has occurred while \output is active []


Underfull \vbox (badness 3449) has occurred while \output is active []

[672]
Underfull \hbox (badness 10000) in paragraph at lines 31139--31140

 []


Underfull \hbox (badness 10000) in paragraph at lines 31149--31150

 []


Underfull \hbox (badness 10000) in paragraph at lines 31155--31156

 []

File: apostila_files/figure-latex/unnamed-chunk-360-1.pdf Graphic file (type pd
f)
<use apostila_files/figure-latex/unnamed-chunk-360-1.pdf>

Underfull \hbox (badness 10000) in paragraph at lines 31166--31167

 []


Underfull \hbox (badness 10000) in paragraph at lines 31170--31171

 []


Underfull \hbox (badness 10000) in paragraph at lines 31174--31175

 []


Underfull \hbox (badness 10000) in paragraph at lines 31180--31181

 []

[673]
Underfull \hbox (badness 10000) in paragraph at lines 31186--31187

 []


Underfull \hbox (badness 10000) in paragraph at lines 31194--31195

 []


Underfull \hbox (badness 10000) in paragraph at lines 31198--31199

 []


Underfull \hbox (badness 10000) in paragraph at lines 31202--31203

 []


Underfull \hbox (badness 10000) in paragraph at lines 31208--31209

 []


Underfull \hbox (badness 10000) in paragraph at lines 31215--31216

 []

[674]
Underfull \hbox (badness 10000) in paragraph at lines 31221--31222

 []


Underfull \hbox (badness 10000) in paragraph at lines 31226--31227

 []


Underfull \hbox (badness 10000) in paragraph at lines 31232--31233

 []


Underfull \hbox (badness 10000) in paragraph at lines 31239--31240

 []


Underfull \hbox (badness 10000) in paragraph at lines 31245--31246

 []


Underfull \hbox (badness 10000) in paragraph at lines 31251--31252

 []


Underfull \hbox (badness 10000) in paragraph at lines 31257--31258

 []


Underfull \hbox (badness 10000) in paragraph at lines 31262--31263

 []

File: apostila_files/figure-latex/poissonConnections-1.pdf Graphic file (type p
df)
<use apostila_files/figure-latex/poissonConnections-1.pdf>

Underfull \hbox (badness 10000) in paragraph at lines 31273--31274

 []


Underfull \hbox (badness 10000) in paragraph at lines 31277--31278

 []


Underfull \hbox (badness 10000) in paragraph at lines 31288--31289

 []

[675]
Underfull \hbox (badness 10000) in paragraph at lines 31292--31293

 []


Underfull \hbox (badness 10000) in paragraph at lines 31297--31298

 []


Underfull \hbox (badness 10000) in paragraph at lines 31303--31304

 []


Underfull \hbox (badness 10000) in paragraph at lines 31307--31308

 []


Underfull \hbox (badness 10000) in paragraph at lines 31316--31317

 []

[676]
Underfull \hbox (badness 10000) in paragraph at lines 31321--31322

 []


Underfull \hbox (badness 10000) in paragraph at lines 31327--31328

 []


Underfull \hbox (badness 10000) in paragraph at lines 31331--31332

 []


Underfull \hbox (badness 10000) in paragraph at lines 31344--31345

 []


Underfull \hbox (badness 10000) in paragraph at lines 31351--31352

 []


Underfull \hbox (badness 10000) in paragraph at lines 31365--31366

 []


Underfull \hbox (badness 10000) in paragraph at lines 31369--31370

 []


Underfull \hbox (badness 10000) in paragraph at lines 31375--31376

 []


Underfull \hbox (badness 10000) in paragraph at lines 31381--31382

 []


Underfull \hbox (badness 10000) in paragraph at lines 31387--31388

 []

[677]
Underfull \hbox (badness 10000) in paragraph at lines 31393--31394

 []


Underfull \hbox (badness 10000) in paragraph at lines 31397--31398

 []


Underfull \hbox (badness 10000) in paragraph at lines 31401--31402

 []


Underfull \hbox (badness 10000) in paragraph at lines 31405--31406

 []


Underfull \hbox (badness 10000) in paragraph at lines 31409--31410

 []


Underfull \hbox (badness 10000) in paragraph at lines 31413--31414

 []


Underfull \hbox (badness 10000) in paragraph at lines 31421--31422

 []


Underfull \hbox (badness 10000) in paragraph at lines 31425--31426

 []


Underfull \hbox (badness 10000) in paragraph at lines 31429--31430

 []


Underfull \hbox (badness 10000) in paragraph at lines 31433--31434

 []

[678]
Underfull \hbox (badness 10000) in paragraph at lines 31444--31445

 []


Underfull \hbox (badness 10000) in paragraph at lines 31448--31449

 []


Underfull \hbox (badness 10000) in paragraph at lines 31452--31453

 []


Underfull \hbox (badness 10000) in paragraph at lines 31462--31463

 []


Underfull \hbox (badness 10000) in paragraph at lines 31466--31467

 []


Underfull \hbox (badness 10000) in paragraph at lines 31474--31475

 []


Underfull \hbox (badness 10000) in paragraph at lines 31478--31479

 []

[679]
Underfull \hbox (badness 10000) in paragraph at lines 31489--31490

 []


Underfull \hbox (badness 10000) in paragraph at lines 31493--31494

 []


Underfull \hbox (badness 10000) in paragraph at lines 31500--31501

 []


Underfull \hbox (badness 10000) in paragraph at lines 31506--31507

 []


Underfull \hbox (badness 10000) in paragraph at lines 31514--31515

 []


Underfull \hbox (badness 10000) in paragraph at lines 31518--31519

 []

File: apostila_files/figure-latex/unnamed-chunk-361-1.pdf Graphic file (type pd
f)
<use apostila_files/figure-latex/unnamed-chunk-361-1.pdf>

Underfull \hbox (badness 10000) in paragraph at lines 31528--31529

 []


Underfull \hbox (badness 10000) in paragraph at lines 31534--31535

 []


Underfull \hbox (badness 10000) in paragraph at lines 31536--31537

 []

[680]
Underfull \hbox (badness 10000) in paragraph at lines 31540--31541

 []


Underfull \hbox (badness 10000) in paragraph at lines 31550--31551

 []


Underfull \hbox (badness 10000) in paragraph at lines 31554--31555

 []


Underfull \hbox (badness 10000) in paragraph at lines 31562--31563

 []


Underfull \hbox (badness 10000) in paragraph at lines 31566--31567

 []


Underfull \vbox (badness 1248) has occurred while \output is active []


Underfull \vbox (badness 1248) has occurred while \output is active []

[681]
Underfull \hbox (badness 10000) in paragraph at lines 31575--31576

 []


Underfull \hbox (badness 10000) in paragraph at lines 31579--31580

 []


Underfull \hbox (badness 10000) in paragraph at lines 31583--31584

 []


Underfull \hbox (badness 10000) in paragraph at lines 31589--31590

 []


Underfull \hbox (badness 10000) in paragraph at lines 31597--31598

 []


Underfull \hbox (badness 10000) in paragraph at lines 31605--31606

 []


Underfull \hbox (badness 10000) in paragraph at lines 31609--31610

 []

File: apostila_files/figure-latex/poissonProcess3plot-1.pdf Graphic file (type 
pdf)
<use apostila_files/figure-latex/poissonProcess3plot-1.pdf>

Underfull \hbox (badness 10000) in paragraph at lines 31620--31621

 []


Underfull \hbox (badness 10000) in paragraph at lines 31626--31627

 []


Underfull \hbox (badness 10000) in paragraph at lines 31628--31629

 []

[682]
Underfull \hbox (badness 10000) in paragraph at lines 31632--31633

 []


Underfull \hbox (badness 10000) in paragraph at lines 31638--31639

 []


Underfull \hbox (badness 10000) in paragraph at lines 31642--31643

 []


Underfull \hbox (badness 10000) in paragraph at lines 31648--31649

 []


Underfull \hbox (badness 10000) in paragraph at lines 31652--31653

 []


Underfull \vbox (badness 1242) has occurred while \output is active []


Underfull \vbox (badness 1242) has occurred while \output is active []

[683]
Underfull \hbox (badness 10000) in paragraph at lines 31661--31662

 []


Underfull \hbox (badness 10000) in paragraph at lines 31665--31666

 []


Underfull \hbox (badness 10000) in paragraph at lines 31667--31668

 []


Underfull \hbox (badness 10000) in paragraph at lines 31671--31672

 []


Underfull \hbox (badness 10000) in paragraph at lines 31675--31676

 []


Underfull \hbox (badness 10000) in paragraph at lines 31679--31680

 []


Underfull \hbox (badness 10000) in paragraph at lines 31685--31686

 []


Underfull \hbox (badness 10000) in paragraph at lines 31689--31690

 []


Underfull \hbox (badness 10000) in paragraph at lines 31693--31694

 []


Underfull \hbox (badness 10000) in paragraph at lines 31697--31698

 []

[684]
Underfull \hbox (badness 10000) in paragraph at lines 31729--31730

 []


Underfull \hbox (badness 10000) in paragraph at lines 31732--31733

 []


Underfull \hbox (badness 10000) in paragraph at lines 31739--31740

 []


Underfull \hbox (badness 10000) in paragraph at lines 31743--31744

 []


Underfull \hbox (badness 10000) in paragraph at lines 31749--31751

 []


Underfull \hbox (badness 10000) in paragraph at lines 31751--31753

 []


Underfull \hbox (badness 10000) in paragraph at lines 31753--31755

 []


Underfull \hbox (badness 10000) in paragraph at lines 31758--31759

 []


Underfull \hbox (badness 10000) in paragraph at lines 31763--31764

 []


Underfull \hbox (badness 10000) in paragraph at lines 31767--31768

 []

[685]
Underfull \hbox (badness 10000) in paragraph at lines 31776--31777

 []


Underfull \hbox (badness 10000) in paragraph at lines 31780--31781

 []


Underfull \hbox (badness 10000) in paragraph at lines 31789--31790

 []


Underfull \hbox (badness 10000) in paragraph at lines 31793--31794

 []


Underfull \hbox (badness 10000) in paragraph at lines 31799--31800

 []


Underfull \hbox (badness 10000) in paragraph at lines 31803--31804

 []


Overfull \hbox (50.15094pt too wide) detected at line 31808
[][][][][] [] [][][][] [] [][][][] [] [][][][][][] [] [][][][] [] [][][][][][] 
[] [][][][]  [] [] [] [] [] [] [][][][][][][][][]
 []


Underfull \hbox (badness 10000) in paragraph at lines 31810--31811

 []


Underfull \hbox (badness 10000) in paragraph at lines 31812--31813

 []


Underfull \hbox (badness 10000) in paragraph at lines 31816--31817

 []


Underfull \hbox (badness 10000) in paragraph at lines 31820--31821

 []

[686]
Underfull \hbox (badness 10000) in paragraph at lines 31824--31825

 []


Underfull \hbox (badness 10000) in paragraph at lines 31830--31831

 []


Underfull \hbox (badness 10000) in paragraph at lines 31834--31835

 []


Underfull \hbox (badness 10000) in paragraph at lines 31845--31846

 []


Underfull \hbox (badness 10000) in paragraph at lines 31849--31850

 []


Underfull \hbox (badness 10000) in paragraph at lines 31855--31856

 []


Underfull \hbox (badness 10000) in paragraph at lines 31861--31862

 []


Underfull \hbox (badness 10000) in paragraph at lines 31865--31866

 []


Underfull \hbox (badness 10000) in paragraph at lines 31869--31870

 []


Underfull \hbox (badness 10000) in paragraph at lines 31875--31876

 []

[687]
Underfull \hbox (badness 10000) in paragraph at lines 31879--31880

 []


Underfull \hbox (badness 10000) in paragraph at lines 31885--31886

 []


Underfull \hbox (badness 10000) in paragraph at lines 31889--31890

 []


Underfull \hbox (badness 10000) in paragraph at lines 31895--31896

 []


Underfull \hbox (badness 10000) in paragraph at lines 31899--31900

 []


Underfull \hbox (badness 10000) in paragraph at lines 31905--31906

 []


Underfull \hbox (badness 10000) in paragraph at lines 31909--31910

 []


Underfull \hbox (badness 10000) in paragraph at lines 31911--31912

 []


Underfull \hbox (badness 10000) in paragraph at lines 31915--31916

 []


Underfull \hbox (badness 10000) in paragraph at lines 31919--31920

 []


Underfull \hbox (badness 10000) in paragraph at lines 31932--31933

 []


Underfull \hbox (badness 10000) in paragraph at lines 31938--31939

 []

[688]
File: images15/poissonProcess3.jpg Graphic file (type bmp)
<images15/poissonProcess3.jpg>

Underfull \hbox (badness 10000) in paragraph at lines 31949--31950

 []

Missing character: There is no λ (U+03BB) in font [lmmono10-regular]:!
Missing character: There is no λ (U+03BB) in font [lmmono10-regular]:!
Missing character: There is no λ (U+03BB) in font [lmmono10-regular]:!
Missing character: There is no λ (U+03BB) in font [lmmono10-regular]:!
[689]
Missing character: There is no λ (U+03BB) in font [lmmono10-regular]:!
Missing character: There is no λ (U+03BB) in font [lmmono10-regular]:!
Missing character: There is no λ (U+03BB) in font [lmmono10-regular]:!
Missing character: There is no λ (U+03BB) in font [lmmono10-regular]:!
Missing character: There is no λ (U+03BB) in font [lmmono10-regular]:!
Missing character: There is no λ (U+03BB) in font [lmmono10-regular]:!
Missing character: There is no λ (U+03BB) in font [lmmono10-regular]:!
Missing character: There is no λ (U+03BB) in font [lmmono10-regular]:!
Missing character: There is no λ (U+03BB) in font [lmmono10-regular]:!
Missing character: There is no λ (U+03BB) in font [lmmono10-regular]:!
Missing character: There is no λ (U+03BB) in font [lmmono10-regular]:!
Missing character: There is no λ (U+03BB) in font [lmmono10-regular]:!

Underfull \vbox (badness 10000) detected at line 32072
 []


Underfull \vbox (badness 10000) has occurred while \output is active []


Underfull \vbox (badness 10000) has occurred while \output is active []

[690]
Underfull \vbox (badness 10000) detected at line 32108
 []


Underfull \vbox (badness 10000) has occurred while \output is active []


Underfull \vbox (badness 10000) has occurred while \output is active []

[691]
Underfull \hbox (badness 10000) in paragraph at lines 32110--32111

 []


Underfull \hbox (badness 10000) in paragraph at lines 32114--32115

 []

File: apostila_files/figure-latex/unnamed-chunk-368-1.pdf Graphic file (type pd
f)
<use apostila_files/figure-latex/unnamed-chunk-368-1.pdf>
[692]
File: apostila_files/figure-latex/unnamed-chunk-368-2.pdf Graphic file (type pd
f)
<use apostila_files/figure-latex/unnamed-chunk-368-2.pdf>
Missing character: There is no λ (U+03BB) in font [lmroman10-regular]:mapping=t
ex-text;!

Underfull \hbox (badness 10000) in paragraph at lines 32146--32147

 []


Underfull \hbox (badness 10000) in paragraph at lines 32155--32156

 []


Underfull \hbox (badness 10000) in paragraph at lines 32164--32165

 []


Underfull \hbox (badness 10000) in paragraph at lines 32174--32175

 []


Underfull \hbox (badness 10000) in paragraph at lines 32182--32183

 []


Underfull \hbox (badness 10000) in paragraph at lines 32192--32193

 []

[693]
Underfull \hbox (badness 10000) in paragraph at lines 32201--32202

 []


Underfull \hbox (badness 10000) in paragraph at lines 32211--32212

 []


Overfull \hbox (20.02235pt too wide) detected at line 32219
[][][] [] [][] [] [] [] [][][] [][][] [] [][][][][] [] [] [] [][][] [][][] [] [
][][][][] [] [] [] [][][] [][][] [] [][][][][] [] [] [] [][][][][][][] [][][] [
] [][][][][] [] [][][][][][]
 []


Underfull \hbox (badness 10000) in paragraph at lines 32221--32222

 []


Underfull \hbox (badness 10000) in paragraph at lines 32227--32228

 []


Underfull \hbox (badness 10000) in paragraph at lines 32232--32233

 []


Underfull \hbox (badness 10000) in paragraph at lines 32236--32237

 []


Underfull \hbox (badness 10000) in paragraph at lines 32240--32241

 []


Underfull \hbox (badness 10000) in paragraph at lines 32244--32245

 []


Underfull \hbox (badness 10000) in paragraph at lines 32250--32251

 []


Underfull \hbox (badness 10000) in paragraph at lines 32254--32255

 []

[694]
Underfull \hbox (badness 10000) in paragraph at lines 32260--32261

 []


Underfull \hbox (badness 10000) in paragraph at lines 32262--32263

 []

Missing character: There is no λ (U+03BB) in font [lmroman10-regular]:mapping=t
ex-text;!

Underfull \hbox (badness 10000) in paragraph at lines 32268--32269

 []


Underfull \hbox (badness 10000) in paragraph at lines 32272--32273

 []


Underfull \hbox (badness 10000) in paragraph at lines 32279--32280

 []


Underfull \hbox (badness 10000) in paragraph at lines 32281--32282

 []


Underfull \hbox (badness 10000) in paragraph at lines 32285--32286

 []


Underfull \hbox (badness 10000) in paragraph at lines 32291--32292

 []


Underfull \hbox (badness 10000) in paragraph at lines 32297--32298

 []


Underfull \hbox (badness 10000) in paragraph at lines 32303--32304

 []


Underfull \hbox (badness 1412) in paragraph at lines 32306--32307
[]\TU/lmr/m/n/10 Baseiam-se na amostragem (ou geração) de \TU/lmr/m/it/10 valor
es aleatórios \TU/lmr/m/n/10 (estritamente falando, pseu-
 []

[695]
Underfull \hbox (badness 10000) in paragraph at lines 32309--32310

 []


Underfull \hbox (badness 10000) in paragraph at lines 32319--32321

 []


Underfull \hbox (badness 10000) in paragraph at lines 32321--32323

 []


Underfull \hbox (badness 10000) in paragraph at lines 32327--32328

 []


Underfull \hbox (badness 10000) in paragraph at lines 32333--32334

 []


Underfull \hbox (badness 10000) in paragraph at lines 32339--32340

 []


Underfull \hbox (badness 10000) in paragraph at lines 32345--32346

 []


Underfull \hbox (badness 10000) in paragraph at lines 32353--32354

 []


Underfull \hbox (badness 10000) in paragraph at lines 32359--32360

 []


Underfull \hbox (badness 10000) in paragraph at lines 32365--32366

 []


Underfull \hbox (badness 10000) in paragraph at lines 32371--32372

 []

[696]
Underfull \hbox (badness 10000) in paragraph at lines 32377--32378

 []


Underfull \hbox (badness 10000) in paragraph at lines 32381--32382

 []


Underfull \hbox (badness 10000) in paragraph at lines 32386--32388

 []


Underfull \hbox (badness 10000) in paragraph at lines 32391--32392

 []


Underfull \hbox (badness 10000) in paragraph at lines 32397--32398

 []


Underfull \hbox (badness 10000) in paragraph at lines 32401--32402

 []


Underfull \hbox (badness 10000) in paragraph at lines 32407--32408

 []


Underfull \hbox (badness 10000) in paragraph at lines 32413--32414

 []


Underfull \hbox (badness 10000) in paragraph at lines 32419--32420

 []


Underfull \hbox (badness 10000) in paragraph at lines 32423--32424

 []


Underfull \hbox (badness 10000) in paragraph at lines 32428--32430

 []


Underfull \hbox (badness 10000) in paragraph at lines 32430--32432

 []


Underfull \hbox (badness 10000) in paragraph at lines 32432--32434

 []

[697]
Underfull \hbox (badness 10000) in paragraph at lines 32439--32440

 []


Underfull \hbox (badness 10000) in paragraph at lines 32443--32444

 []


Underfull \hbox (badness 10000) in paragraph at lines 32453--32454

 []


Underfull \hbox (badness 10000) in paragraph at lines 32457--32458

 []


Underfull \hbox (badness 10000) in paragraph at lines 32461--32462

 []


Underfull \hbox (badness 10000) in paragraph at lines 32467--32468

 []


Underfull \hbox (badness 10000) in paragraph at lines 32471--32472

 []


Underfull \hbox (badness 10000) in paragraph at lines 32480--32481

 []


Underfull \hbox (badness 10000) in paragraph at lines 32486--32487

 []

[698]
Underfull \hbox (badness 10000) in paragraph at lines 32492--32493

 []


Underfull \hbox (badness 10000) in paragraph at lines 32498--32499

 []


Underfull \hbox (badness 10000) in paragraph at lines 32544--32545

 []


Underfull \hbox (badness 10000) in paragraph at lines 32548--32549

 []

[699]
Underfull \hbox (badness 10000) in paragraph at lines 32568--32569

 []


Underfull \hbox (badness 10000) in paragraph at lines 32601--32602

 []


Underfull \hbox (badness 10000) in paragraph at lines 32605--32606

 []

[700]
Underfull \hbox (badness 10000) in paragraph at lines 32625--32626

 []


Underfull \hbox (badness 10000) in paragraph at lines 32629--32630

 []

File: apostila_files/figure-latex/unnamed-chunk-373-1.pdf Graphic file (type pd
f)
<use apostila_files/figure-latex/unnamed-chunk-373-1.pdf>

Underfull \hbox (badness 10000) in paragraph at lines 32662--32663

 []


Underfull \vbox (badness 10000) has occurred while \output is active []


Underfull \vbox (badness 10000) has occurred while \output is active []

[701]
Underfull \hbox (badness 10000) in paragraph at lines 32668--32669

 []


Underfull \hbox (badness 10000) in paragraph at lines 32675--32677

 []


Underfull \hbox (badness 10000) in paragraph at lines 32677--32679

 []


Underfull \hbox (badness 10000) in paragraph at lines 32683--32684

 []


Underfull \hbox (badness 10000) in paragraph at lines 32687--32688

 []


Underfull \hbox (badness 10000) in paragraph at lines 32694--32696

 []


Underfull \hbox (badness 10000) in paragraph at lines 32696--32698

 []

[702]
Underfull \hbox (badness 10000) in paragraph at lines 32719--32720

 []


Underfull \hbox (badness 10000) in paragraph at lines 32736--32737

 []


Underfull \hbox (badness 10000) in paragraph at lines 32740--32741

 []

File: apostila_files/figure-latex/unnamed-chunk-375-3.pdf Graphic file (type pd
f)
<use apostila_files/figure-latex/unnamed-chunk-375-3.pdf>

Underfull \hbox (badness 10000) in paragraph at lines 32773--32774

 []


Underfull \vbox (badness 10000) has occurred while \output is active []


Underfull \vbox (badness 10000) has occurred while \output is active []

[703]
Underfull \hbox (badness 10000) in paragraph at lines 32777--32778

 []


Underfull \hbox (badness 10000) in paragraph at lines 32781--32782

 []


Underfull \hbox (badness 10000) in paragraph at lines 32785--32786

 []

[704]
File: apostila_files/figure-latex/unnamed-chunk-376-5.pdf Graphic file (type pd
f)
<use apostila_files/figure-latex/unnamed-chunk-376-5.pdf>

Underfull \hbox (badness 10000) in paragraph at lines 32836--32837

 []


Underfull \hbox (badness 10000) in paragraph at lines 32840--32841

 []


Underfull \hbox (badness 10000) in paragraph at lines 32846--32847

 []


Underfull \hbox (badness 10000) in paragraph at lines 32850--32851

 []


Underfull \hbox (badness 10000) in paragraph at lines 32856--32857

 []

[705]
Underfull \hbox (badness 10000) in paragraph at lines 32860--32861

 []


Underfull \hbox (badness 10000) in paragraph at lines 32866--32867

 []


Underfull \hbox (badness 10000) in paragraph at lines 32870--32871

 []


Underfull \hbox (badness 10000) in paragraph at lines 32875--32877

 []


Underfull \hbox (badness 10000) in paragraph at lines 32880--32881

 []


Underfull \hbox (badness 10000) in paragraph at lines 32890--32891

 []


Underfull \hbox (badness 10000) in paragraph at lines 32894--32895

 []


Underfull \hbox (badness 10000) in paragraph at lines 32904--32905

 []


Underfull \hbox (badness 10000) in paragraph at lines 32910--32911

 []


Underfull \hbox (badness 10000) in paragraph at lines 32914--32915

 []


Underfull \hbox (badness 10000) in paragraph at lines 32920--32921

 []

[706]
Underfull \hbox (badness 10000) in paragraph at lines 32926--32927

 []


Underfull \hbox (badness 10000) in paragraph at lines 32930--32931

 []


Underfull \hbox (badness 10000) in paragraph at lines 32936--32937

 []


Underfull \hbox (badness 10000) in paragraph at lines 32940--32941

 []


Underfull \hbox (badness 10000) in paragraph at lines 32946--32947

 []


Underfull \hbox (badness 10000) in paragraph at lines 32950--32951

 []


Underfull \hbox (badness 10000) in paragraph at lines 32956--32957

 []


Underfull \hbox (badness 10000) in paragraph at lines 32962--32963

 []


Underfull \hbox (badness 10000) in paragraph at lines 32966--32967

 []


Underfull \hbox (badness 10000) in paragraph at lines 32970--32971

 []


Underfull \hbox (badness 10000) in paragraph at lines 32974--32975

 []

[707]
Underfull \hbox (badness 10000) in paragraph at lines 32978--32979

 []


Underfull \hbox (badness 10000) in paragraph at lines 32982--32983

 []


Underfull \hbox (badness 10000) in paragraph at lines 32986--32987

 []


Underfull \hbox (badness 10000) in paragraph at lines 33007--33009

 []


Underfull \hbox (badness 10000) in paragraph at lines 33009--33011

 []


Underfull \hbox (badness 10000) in paragraph at lines 33014--33015

 []


Underfull \hbox (badness 10000) in paragraph at lines 33034--33036

 []


Underfull \hbox (badness 10000) in paragraph at lines 33039--33040

 []

[708]
Underfull \hbox (badness 10000) in paragraph at lines 33066--33067

 []


Underfull \hbox (badness 10000) in paragraph at lines 33098--33100

 []

[709]
File: apostila_files/figure-latex/unnamed-chunk-377-7.pdf Graphic file (type pd
f)
<use apostila_files/figure-latex/unnamed-chunk-377-7.pdf>

Underfull \vbox (badness 10000) has occurred while \output is active []


Underfull \vbox (badness 10000) has occurred while \output is active []

[710]
Underfull \hbox (badness 10000) in paragraph at lines 33178--33179

 []


Underfull \hbox (badness 10000) in paragraph at lines 33188--33189

 []


Underfull \hbox (badness 10000) in paragraph at lines 33192--33193

 []


Underfull \hbox (badness 10000) in paragraph at lines 33213--33215

 []

[711]
Underfull \hbox (badness 10000) in paragraph at lines 33215--33217

 []


Underfull \hbox (badness 10000) in paragraph at lines 33220--33221

 []


Underfull \hbox (badness 10000) in paragraph at lines 33241--33243

 []


Underfull \hbox (badness 10000) in paragraph at lines 33243--33245

 []


Underfull \hbox (badness 10000) in paragraph at lines 33248--33249

 []


Underfull \hbox (badness 10000) in paragraph at lines 33269--33271

 []


Underfull \hbox (badness 10000) in paragraph at lines 33271--33273

 []


Underfull \hbox (badness 10000) in paragraph at lines 33276--33277

 []

[712]
Underfull \hbox (badness 10000) in paragraph at lines 33316--33317

 []


Underfull \hbox (badness 10000) in paragraph at lines 33325--33327

 []


Underfull \hbox (badness 10000) in paragraph at lines 33327--33329

 []


Overfull \hbox (2.80522pt too wide) detected at line 33359
[] [] [] [] [][] [] [] [][][] [] [][] [] [] [] []
 []


Underfull \hbox (badness 10000) in paragraph at lines 33366--33368

 []


Underfull \hbox (badness 10000) in paragraph at lines 33371--33372

 []

[713]
File: apostila_files/figure-latex/unnamed-chunk-378-1.pdf Graphic file (type pd
f)
<use apostila_files/figure-latex/unnamed-chunk-378-1.pdf>

Underfull \vbox (badness 10000) has occurred while \output is active []


Underfull \vbox (badness 10000) has occurred while \output is active []

[714]
Underfull \hbox (badness 10000) in paragraph at lines 33426--33427

 []


Underfull \hbox (badness 10000) in paragraph at lines 33430--33431

 []


Underfull \hbox (badness 10000) in paragraph at lines 33434--33435

 []


Underfull \hbox (badness 10000) in paragraph at lines 33442--33443

 []


Underfull \hbox (badness 10000) in paragraph at lines 33450--33451

 []

[715]
Underfull \hbox (badness 10000) in paragraph at lines 33457--33458

 []


Underfull \hbox (badness 10000) in paragraph at lines 33461--33462

 []


Underfull \hbox (badness 10000) in paragraph at lines 33463--33464

 []


Underfull \hbox (badness 10000) in paragraph at lines 33465--33466

 []


Underfull \hbox (badness 10000) in paragraph at lines 33467--33468

 []


Overfull \hbox (28.21983pt too wide) detected at line 33482
[] [][][][] [][] [] [] [][][][] [] [][] [] [] [][] [] [] [] [] [][][][] [] [][]
[][][]  [][][][] [] [][] []  [][][][] [] [][] [] [] [][][][][] [] [][] [] [] []
 [] [] [] [][] 
 []

File: apostila_files/figure-latex/unnamed-chunk-380-1.pdf Graphic file (type pd
f)
<use apostila_files/figure-latex/unnamed-chunk-380-1.pdf>
[716] [717] [718

]
Módulo 16.

Underfull \hbox (badness 10000) in paragraph at lines 33527--33528

 []


Underfull \hbox (badness 10000) in paragraph at lines 33531--33532

 []


Underfull \hbox (badness 10000) in paragraph at lines 33537--33538

 []

Missing character: There is no Í ("CD) in font lmmi10!

Underfull \hbox (badness 10000) in paragraph at lines 33543--33544

 []


Underfull \hbox (badness 10000) in paragraph at lines 33547--33548

 []


Underfull \hbox (badness 10000) in paragraph at lines 33561--33562

 []


Underfull \hbox (badness 10000) in paragraph at lines 33565--33566

 []


Underfull \hbox (badness 10000) in paragraph at lines 33569--33570

 []

[719]
Underfull \hbox (badness 10000) in paragraph at lines 33579--33580

 []


Underfull \hbox (badness 10000) in paragraph at lines 33583--33584

 []


Underfull \hbox (badness 10000) in paragraph at lines 33589--33590

 []


Underfull \hbox (badness 10000) in paragraph at lines 33601--33602

 []


Underfull \hbox (badness 10000) in paragraph at lines 33607--33608

 []


Underfull \hbox (badness 10000) in paragraph at lines 33617--33618

 []


Underfull \hbox (badness 10000) in paragraph at lines 33623--33624

 []


Underfull \hbox (badness 10000) in paragraph at lines 33635--33636

 []


Underfull \hbox (badness 10000) in paragraph at lines 33639--33640

 []


Underfull \hbox (badness 10000) in paragraph at lines 33647--33648

 []


Underfull \hbox (badness 10000) in paragraph at lines 33651--33652

 []

[720]
Underfull \hbox (badness 10000) in paragraph at lines 33665--33666

 []


Underfull \hbox (badness 10000) in paragraph at lines 33680--33681

 []


Underfull \hbox (badness 10000) in paragraph at lines 33695--33696

 []


Underfull \hbox (badness 10000) in paragraph at lines 33710--33711

 []


Underfull \hbox (badness 10000) in paragraph at lines 33714--33715

 []


Underfull \hbox (badness 10000) in paragraph at lines 33718--33719

 []


Overfull \hbox (50.6341pt too wide) detected at line 33724
[][][] [][][] [][][] 
 []


Underfull \hbox (badness 10000) in paragraph at lines 33726--33727

 []


Overfull \hbox (87.25107pt too wide) has occurred while \output is active
\TU/lmr/m/sl/10 16.5.  NÚMEROS ÍNDICE COMPOSTOS: MAIS DE UM PRODUTO ESTÁ SENDO 
ANALISADO (CESTA DE PRODUTOS). \TU/lmr/m/n/10 721
 []

[721]
Underfull \hbox (badness 10000) in paragraph at lines 33730--33731

 []


Underfull \hbox (badness 10000) in paragraph at lines 33746--33747

 []


Underfull \hbox (badness 10000) in paragraph at lines 33750--33751

 []


Underfull \hbox (badness 10000) in paragraph at lines 33756--33757

 []


Underfull \hbox (badness 10000) in paragraph at lines 33762--33763

 []


Underfull \hbox (badness 10000) in paragraph at lines 33766--33767

 []


Underfull \hbox (badness 10000) in paragraph at lines 33784--33785

 []


Underfull \hbox (badness 10000) in paragraph at lines 33790--33791

 []


Underfull \hbox (badness 10000) in paragraph at lines 33798--33799

 []

[722]
Underfull \hbox (badness 10000) in paragraph at lines 33804--33805

 []


Underfull \hbox (badness 10000) in paragraph at lines 33808--33809

 []


Underfull \hbox (badness 10000) in paragraph at lines 33826--33827

 []


Underfull \hbox (badness 10000) in paragraph at lines 33834--33835

 []


Underfull \hbox (badness 10000) in paragraph at lines 33840--33841

 []


Underfull \hbox (badness 10000) in paragraph at lines 33844--33845

 []


Underfull \hbox (badness 10000) in paragraph at lines 33862--33863

 []


Underfull \hbox (badness 10000) in paragraph at lines 33868--33869

 []


Underfull \hbox (badness 10000) in paragraph at lines 33874--33875

 []


Underfull \hbox (badness 10000) in paragraph at lines 33878--33879

 []


Overfull \hbox (87.25107pt too wide) has occurred while \output is active
\TU/lmr/m/sl/10 16.5.  NÚMEROS ÍNDICE COMPOSTOS: MAIS DE UM PRODUTO ESTÁ SENDO 
ANALISADO (CESTA DE PRODUTOS). \TU/lmr/m/n/10 723
 []

[723]
Underfull \hbox (badness 10000) in paragraph at lines 33896--33897

 []


Underfull \hbox (badness 10000) in paragraph at lines 33902--33903

 []


Underfull \hbox (badness 10000) in paragraph at lines 33908--33909

 []


Underfull \hbox (badness 10000) in paragraph at lines 33914--33915

 []


Underfull \hbox (badness 10000) in paragraph at lines 33918--33919

 []


Underfull \hbox (badness 10000) in paragraph at lines 33936--33937

 []


Underfull \hbox (badness 10000) in paragraph at lines 33942--33943

 []


Underfull \hbox (badness 10000) in paragraph at lines 33946--33947

 []


Underfull \hbox (badness 10000) in paragraph at lines 33952--33953

 []


Underfull \hbox (badness 10000) in paragraph at lines 33956--33957

 []

[724]
Underfull \hbox (badness 10000) in paragraph at lines 33960--33961

 []


Underfull \hbox (badness 10000) in paragraph at lines 33979--33980

 []


Underfull \hbox (badness 10000) in paragraph at lines 33983--33984

 []


Underfull \hbox (badness 10000) in paragraph at lines 33991--33992

 []


Underfull \hbox (badness 10000) in paragraph at lines 33995--33996

 []


Underfull \hbox (badness 10000) in paragraph at lines 34013--34014

 []


Underfull \hbox (badness 10000) in paragraph at lines 34019--34020

 []


Underfull \hbox (badness 10000) in paragraph at lines 34035--34036

 []

[725]
Underfull \hbox (badness 10000) in paragraph at lines 34041--34042

 []


Underfull \hbox (badness 10000) in paragraph at lines 34057--34058

 []


Underfull \hbox (badness 10000) in paragraph at lines 34061--34062

 []


Underfull \hbox (badness 10000) in paragraph at lines 34079--34080

 []


Underfull \hbox (badness 10000) in paragraph at lines 34085--34086

 []


Underfull \hbox (badness 10000) in paragraph at lines 34101--34102

 []


Underfull \hbox (badness 10000) in paragraph at lines 34104--34105

 []


Underfull \hbox (badness 10000) in paragraph at lines 34121--34122

 []


Underfull \hbox (badness 10000) in paragraph at lines 34125--34126

 []

[726]
Underfull \hbox (badness 10000) in paragraph at lines 34143--34144

 []


Underfull \hbox (badness 10000) in paragraph at lines 34149--34150

 []


Underfull \hbox (badness 10000) in paragraph at lines 34165--34166

 []


Underfull \hbox (badness 10000) in paragraph at lines 34171--34172

 []


Underfull \hbox (badness 10000) in paragraph at lines 34187--34188

 []


Underfull \hbox (badness 10000) in paragraph at lines 34189--34190

 []


Underfull \hbox (badness 10000) in paragraph at lines 34209--34210

 []


Underfull \hbox (badness 10000) in paragraph at lines 34215--34216

 []

[727]
Underfull \hbox (badness 10000) in paragraph at lines 34221--34222

 []


Underfull \hbox (badness 10000) in paragraph at lines 34225--34226

 []


Underfull \hbox (badness 10000) in paragraph at lines 34243--34244

 []


Underfull \hbox (badness 10000) in paragraph at lines 34247--34248

 []


Underfull \hbox (badness 10000) in paragraph at lines 34277--34278

 []


Underfull \hbox (badness 10000) in paragraph at lines 34283--34284

 []


Underfull \hbox (badness 10000) in paragraph at lines 34289--34290

 []


Underfull \hbox (badness 10000) in paragraph at lines 34293--34294

 []


Underfull \hbox (badness 10000) in paragraph at lines 34311--34312

 []

[728]
Underfull \hbox (badness 10000) in paragraph at lines 34315--34316

 []


Underfull \hbox (badness 10000) in paragraph at lines 34345--34346

 []


Underfull \hbox (badness 10000) in paragraph at lines 34355--34356

 []


Underfull \hbox (badness 10000) in paragraph at lines 34359--34360

 []

[729] [730

]
Módulo 17.

Underfull \hbox (badness 10000) in paragraph at lines 34379--34380

 []


Underfull \hbox (badness 10000) in paragraph at lines 34381--34382

 []


Underfull \hbox (badness 10000) in paragraph at lines 34385--34386

 []


Underfull \hbox (badness 10000) in paragraph at lines 34389--34390

 []


Underfull \hbox (badness 10000) in paragraph at lines 34393--34394

 []

File: images17/regimento.png Graphic file (type bmp)
<images17/regimento.png>

Underfull \hbox (badness 10000) in paragraph at lines 34404--34405

 []

[731]
File: images17/faltas.png Graphic file (type bmp)
<images17/faltas.png>

Overfull \hbox (96.73788pt too wide) in paragraph at lines 34408--34409
 [][] 
 []


Underfull \hbox (badness 10000) in paragraph at lines 34415--34416

 []


Underfull \hbox (badness 10000) in paragraph at lines 34419--34420

 []

File: images17/amparos.png Graphic file (type bmp)
<images17/amparos.png>

Underfull \hbox (badness 10000) in paragraph at lines 34430--34431

 []


Underfull \hbox (badness 10000) in paragraph at lines 34434--34435

 []


Underfull \hbox (badness 10000) in paragraph at lines 34438--34439

 []

File: images17/tutoriais.png Graphic file (type bmp)
<images17/tutoriais.png>

Underfull \hbox (badness 10000) in paragraph at lines 34449--34450

 []

[732] [733]
Underfull \hbox (badness 10000) in paragraph at lines 34488--34490

 []


Underfull \hbox (badness 10000) in paragraph at lines 34490--34493

 []


Underfull \hbox (badness 10000) in paragraph at lines 34493--34495

 []


Underfull \hbox (badness 10000) in paragraph at lines 34504--34506

 []


Underfull \hbox (badness 10000) in paragraph at lines 34506--34508

 []


Underfull \hbox (badness 10000) in paragraph at lines 34508--34510

 []


Underfull \hbox (badness 10000) in paragraph at lines 34510--34512

 []


Underfull \hbox (badness 10000) in paragraph at lines 34512--34514

 []


Underfull \hbox (badness 10000) in paragraph at lines 34514--34516

 []


Underfull \hbox (badness 10000) in paragraph at lines 34516--34518

 []

[734] [735] [736]
Underfull \hbox (badness 10000) in paragraph at lines 34666--34667

 []

[737] [738] [739]
No file apostila.bbl.
[740] (./apostila.aux)
 ***********
LaTeX2e <2025-11-01>
L3 programming layer <2026-01-19>
 ***********

LaTeX Warning: There were undefined references.


LaTeX Warning: There were multiply-defined labels.

 ) 
Here is how much of TeX's memory you used:
 30051 strings out of 468168
 635582 string characters out of 5432815
 1228266 words of memory out of 5000000
 58072 multiletter control sequences out of 15000+600000
 636820 words of font info for 125 fonts, out of 8000000 for 9000
 1348 hyphenation exceptions out of 8191
 90i,17n,114p,1249b,728s stack positions out of 10000i,1000n,20000p,200000b,200000s

Output written on apostila.pdf (739 pages).
